sample_id,predicted_price
100179,15.48
245611,14.91
146263,14.91
95658,14.91
36806,14.91
148239,14.91
92659,14.91
3780,14.91
196940,14.91
20472,14.91
121721,14.91
127336,14.91
20801,14.91
30103,15.48
68691,14.91
230703,14.91
3342,14.91
115635,14.91
221565,15.13
265927,14.91
290421,14.91
222203,14.91
40595,14.91
157931,15.48
41814,14.91
250478,14.91
130232,15.48
155825,14.91
42104,14.91
148748,14.91
247548,14.91
262167,14.91
100183,14.91
168985,15.12
18411,14.91
111287,15.48
156813,15.48
194861,15.13
104298,15.48
59033,14.91
31133,14.91
299318,14.91
255038,15.48
220578,13.96
38995,14.91
253068,14.91
282143,14.91
226531,14.91
233215,14.91
33295,15.48
198185,15.48
238324,14.91
121672,14.91
21434,14.91
61747,14.91
270417,13.96
105202,14.91
202880,15.48
79564,14.91
251317,14.91
205434,14.91
15315,14.91
276163,15.48
245021,14.91
25664,13.96
90451,15.13
5215,14.91
68223,14.91
135447,13.96
58777,14.91
73979,15.48
173699,14.91
201120,14.91
64448,15.48
243239,14.91
280496,14.91
293812,14.91
35203,15.13
31858,15.48
162188,14.91
193450,14.91
34991,14.91
232133,14.91
294874,15.13
160416,15.05
104466,14.91
284624,14.91
19742,14.91
87611,15.48
227957,15.48
68427,14.91
204601,14.91
107223,15.05
237588,14.91
1313,14.91
196900,14.91
22107,14.91
73030,14.91
181909,15.48
23045,15.48
142744,14.91
169122,15.48
239815,14.91
41952,14.91
227911,14.91
31484,14.91
252567,14.91
225977,14.91
48243,14.91
201046,14.91
161001,15.48
292827,14.91
159584,14.91
281316,15.48
224188,15.48
281823,14.91
214851,14.91
67570,14.91
102740,14.91
11978,14.91
289925,14.91
40458,14.91
278700,13.96
38662,14.91
99886,14.91
172816,14.91
275563,15.48
26172,14.91
277062,15.13
82592,15.48
266300,14.91
202617,14.91
234007,14.91
78684,14.91
42824,14.91
128386,15.48
252965,14.91
277363,14.91
54646,14.96
149645,14.91
206564,15.48
29321,13.96
193776,14.91
60214,14.91
133606,15.48
95844,14.91
75072,14.91
71643,14.91
297677,14.91
298180,14.91
267622,14.91
129731,14.91
72776,14.91
286221,14.91
93467,14.91
173148,14.91
143720,14.91
52592,14.91
225085,14.91
213670,15.05
142420,14.91
1008,14.91
128631,14.91
44224,14.91
16363,15.48
64551,14.91
217996,14.91
262406,14.91
165161,15.48
238864,14.91
227930,14.91
77202,14.91
193685,14.91
114683,15.48
197108,14.91
200477,15.48
144035,14.91
281994,14.91
63221,14.91
269260,15.48
284873,14.96
94407,14.91
243579,14.91
51262,14.91
115285,14.91
247763,15.48
298054,14.91
275947,15.13
33858,14.91
189285,14.91
62318,15.48
93113,15.05
155548,14.91
220244,15.48
22363,14.91
295868,15.48
212510,14.91
232238,14.91
269310,14.91
134611,15.48
154663,14.96
248314,14.91
59089,15.48
37902,14.91
247147,14.91
80803,15.48
121057,14.91
30163,14.91
154861,14.91
41265,14.91
160502,13.96
290401,14.91
62782,15.48
151651,15.48
226249,14.91
48224,14.91
146944,14.91
3438,14.91
161259,15.48
47173,14.91
25800,15.48
50001,14.91
290756,14.91
181986,14.91
10843,15.48
190551,15.05
85154,14.91
134653,14.91
229643,15.48
95464,15.05
54059,15.48
115479,14.91
97906,15.48
127371,14.91
24362,15.48
118312,15.48
22583,14.91
19732,14.91
212955,15.48
21886,15.48
224325,14.91
203894,15.48
191752,14.91
286196,14.91
248824,14.91
43717,14.91
262589,14.91
140499,14.91
242880,14.91
201240,14.91
89117,15.48
298713,14.91
271738,14.91
38576,14.91
950,14.91
79433,14.91
66341,14.91
55422,14.91
182312,15.13
866,14.91
162209,15.05
287083,14.91
265459,14.91
296124,13.96
15509,15.48
112466,15.48
101382,15.48
282568,14.91
92557,14.91
283523,14.91
168873,15.48
223932,14.91
199772,15.48
33589,14.91
235524,14.91
100593,15.48
295833,14.91
194828,15.05
173679,14.91
84443,14.91
19827,15.48
159217,14.91
200101,15.05
40815,15.48
106079,14.91
287913,14.91
286246,14.91
230574,14.91
73645,15.48
56580,15.48
185057,14.91
110193,14.91
265456,14.96
272119,14.91
73684,14.91
84917,13.96
254051,14.91
213640,15.48
5941,14.91
192025,14.91
295491,14.91
14394,14.91
219359,15.48
292038,13.96
236046,14.91
219569,13.96
251251,14.91
193520,14.91
153393,15.48
112673,15.48
66961,13.96
59610,14.91
187539,14.91
196138,14.91
27796,14.91
192821,14.91
217441,14.91
106554,14.91
203432,14.96
73634,15.48
53665,14.98
226789,15.48
46549,14.91
234314,15.48
112654,15.05
239127,14.91
93245,14.91
207744,14.91
17530,15.48
221997,14.91
45669,14.91
166053,15.48
270552,14.91
183394,14.91
7286,15.05
111584,14.91
168394,14.91
294463,14.91
18251,14.91
203229,14.91
2599,14.91
154170,15.48
213714,14.91
11554,15.48
262927,14.91
156465,14.98
53995,15.48
129260,14.91
281072,14.91
29191,13.96
246389,15.13
102936,14.91
63126,14.91
21235,15.05
176587,15.48
111728,15.48
140389,14.91
224260,14.91
95308,14.75
149658,15.48
97804,14.91
174598,14.91
19672,14.91
216342,15.05
281952,13.96
53666,14.91
258593,13.96
33650,14.91
43438,14.91
148107,15.48
98687,15.48
213206,15.48
245479,14.91
236509,15.48
251785,14.91
20793,14.91
64682,14.91
150402,14.91
131447,14.91
47344,15.48
56390,14.91
28935,13.96
276468,15.13
129644,15.48
129059,14.91
161246,14.91
147844,14.91
143756,14.91
103131,14.91
286238,14.91
8708,14.91
241039,14.91
89737,14.91
147371,14.91
68808,14.91
89225,13.96
184365,14.91
109431,14.91
77529,13.96
252679,14.91
74699,14.91
225191,14.91
47314,14.91
190037,15.48
283484,14.91
4624,14.91
37365,14.91
150520,15.12
160793,14.91
288758,15.12
70721,14.91
153130,13.96
253230,14.91
11371,14.91
134200,14.91
46636,15.48
255775,15.48
134099,13.96
132998,15.48
245102,14.91
106588,14.91
40475,14.91
35737,15.05
75488,14.96
243789,14.91
93502,14.91
233628,14.91
86958,14.91
98928,14.91
215242,14.91
264446,14.91
199345,15.48
153369,15.48
242403,14.91
195633,14.91
253943,14.91
210835,14.91
203602,14.91
24911,14.91
82198,15.13
222247,14.91
192793,14.91
104529,14.91
31090,14.91
11109,15.48
125529,15.48
120658,15.48
235470,15.48
216872,14.91
1366,14.91
133729,14.91
139689,14.91
279258,14.91
97282,14.91
288383,14.96
116389,14.91
173568,13.96
262785,14.91
92633,14.91
219247,14.91
254679,15.48
68759,14.91
114484,15.05
77864,14.91
264420,14.91
68473,14.83
284648,14.91
33357,14.91
103968,15.48
49470,14.91
28890,13.96
200182,14.91
104436,14.91
88704,14.91
49343,14.91
146051,14.91
75411,14.91
81149,14.91
290573,14.91
151498,14.91
291639,14.96
56972,15.48
70534,14.91
182536,15.13
254227,14.91
133565,14.91
86422,15.05
198654,15.48
224439,14.91
122263,14.91
246957,15.48
228792,13.96
151419,15.48
180019,15.05
269000,14.91
126116,14.91
72182,14.91
50911,14.91
22336,14.91
85561,14.91
248192,15.48
93970,14.91
213816,15.48
16889,14.91
15442,14.91
203089,15.48
279417,13.96
193127,15.48
198525,15.48
219538,15.48
90945,14.83
254383,15.48
115404,14.91
96786,14.91
259493,14.91
173435,15.48
73281,14.91
199003,14.91
238125,14.91
230530,15.48
27633,14.91
92118,15.48
212816,14.91
89159,14.91
131701,14.91
34332,15.05
78208,15.48
130144,15.48
181900,15.13
147260,14.91
21298,14.91
78630,15.12
145463,14.91
181331,14.91
68026,15.48
107328,15.48
12930,15.48
255057,14.91
273075,14.91
41615,14.91
87308,14.68
5700,15.48
171022,14.91
95699,14.91
7807,14.91
14094,13.96
220034,14.91
188365,14.91
294134,14.91
289489,15.48
29363,15.48
142340,14.91
159952,14.98
239851,14.91
86371,15.48
181699,14.91
95608,14.91
167151,14.91
203800,15.48
260961,14.91
561,14.91
219613,15.48
298494,14.91
118689,14.91
270488,14.91
153189,14.91
258769,15.48
135071,15.13
269187,14.91
66891,15.48
237849,15.05
213497,15.48
96083,14.91
209195,14.91
258460,14.91
102916,14.91
11926,14.91
84021,15.05
160011,15.48
192787,14.91
186032,14.91
269038,15.48
210521,14.91
259077,14.91
245588,15.48
61349,14.91
2440,14.91
93741,14.91
126159,14.91
108584,15.48
138883,15.48
100547,15.05
114363,14.91
19186,14.91
58644,14.91
143305,13.96
248939,14.91
155123,15.48
260415,14.91
58579,14.91
261276,15.48
178859,14.91
157472,15.48
6061,14.91
212250,14.91
242470,15.48
284155,14.98
159980,15.12
187478,14.91
275879,15.12
206880,15.48
99207,15.48
271559,14.91
206246,14.91
250007,15.48
116474,14.91
96162,15.12
203860,14.91
20598,14.91
187229,14.91
71704,14.91
190838,15.48
235135,14.91
235858,14.91
199593,15.48
145032,14.91
181022,15.48
59796,14.91
177029,14.91
261606,14.91
193771,14.91
294082,14.91
190929,15.48
89431,14.91
235156,15.48
225340,13.96
129273,15.48
172668,14.91
109500,14.91
186350,14.91
68038,14.91
31763,15.48
41720,14.91
206618,15.13
172690,15.48
292208,14.91
273819,14.91
243462,14.91
222467,14.91
195771,14.91
280455,14.91
42717,14.91
108167,15.48
149325,14.91
23108,14.91
213975,14.91
211807,14.91
216954,14.91
280860,14.91
156949,15.48
86615,14.91
269871,14.91
145774,14.91
123375,14.91
234458,14.91
93601,15.05
82740,14.91
585,14.91
153138,14.91
268890,15.05
12259,15.48
263044,14.91
124328,14.91
69112,15.48
21188,14.91
246496,15.13
196498,14.91
224332,15.48
96918,15.05
295943,15.13
40707,14.91
65413,14.91
282995,15.48
133095,14.91
162703,14.91
181635,14.91
263120,15.48
3844,14.91
115790,15.48
113251,14.91
71533,14.91
148489,13.96
88065,14.91
165586,14.91
49484,14.91
294861,14.91
151927,14.91
96260,14.91
224569,15.48
93633,14.91
161841,15.05
4587,15.13
64108,13.96
285222,15.48
152321,14.91
72587,15.48
76131,14.91
241293,15.48
23244,14.91
35269,15.05
121417,15.48
33621,14.96
200873,13.96
47677,15.48
130261,15.48
218381,14.91
173929,14.91
149574,14.91
168096,14.91
118282,15.48
87015,14.91
14230,14.91
82975,14.91
42344,14.91
242296,14.91
111057,15.48
136594,14.91
253070,14.91
96763,14.96
33204,14.91
270874,15.48
256601,14.91
208413,14.91
298683,15.48
150326,15.48
220519,15.48
9857,15.48
290547,14.91
67868,14.91
211946,14.91
54814,14.91
225051,14.91
160216,15.48
281718,15.48
91925,14.91
170581,14.91
145478,14.91
271849,15.13
13784,14.91
179242,15.48
146924,14.91
160154,14.91
206004,15.48
137077,14.91
232088,15.48
138573,14.91
72899,14.91
69429,14.91
68563,14.91
238751,14.91
161463,14.91
104111,14.91
241769,15.48
172917,14.91
238606,14.91
124573,14.91
2595,14.91
77740,15.48
142206,14.91
220175,14.91
37564,14.91
98411,14.91
48457,14.91
101213,13.96
177251,14.91
290059,14.91
269407,14.91
131995,14.91
67627,14.91
257663,14.91
66787,14.91
207505,14.91
98495,14.91
192061,15.48
53926,13.96
81707,13.96
249939,15.05
15944,15.05
165256,15.48
51295,14.91
68267,14.91
91451,14.91
2643,14.91
172860,14.91
52304,15.48
37360,15.48
131094,15.48
225345,14.91
273492,15.05
132873,14.91
122581,15.48
8477,14.91
291815,15.48
9906,14.91
235965,15.48
150813,14.91
137502,13.96
37884,14.91
32935,14.91
16356,14.91
160397,14.91
246582,15.48
251047,15.12
238229,15.48
268140,13.96
285647,14.91
205476,13.96
72760,13.96
123497,14.91
135883,14.91
294868,14.91
182893,13.96
34256,14.91
40245,14.91
163481,14.91
122295,15.48
103549,14.91
41805,15.48
176189,14.91
247981,14.91
273162,15.05
218014,15.48
173287,15.48
228521,14.91
4085,14.91
250264,14.91
243175,14.91
111173,14.91
28397,14.91
245278,14.91
225737,13.96
62994,14.91
242806,14.91
49803,15.13
61129,14.91
228049,14.91
249685,14.91
45483,14.91
131429,15.48
111526,14.91
80331,14.91
247751,15.05
125678,14.91
17653,15.48
247554,14.91
275883,14.91
206589,14.91
251032,15.48
259755,14.91
84440,14.91
159961,15.48
112877,15.48
253382,14.91
250983,15.13
282664,15.12
97341,14.91
36515,14.91
83147,14.91
192661,14.91
152197,14.91
72332,15.48
118545,14.91
262703,14.91
198416,14.91
71620,14.91
244418,15.48
224198,14.91
99432,15.48
186420,14.91
289158,14.91
299075,14.91
262174,14.91
233857,14.91
240224,14.91
6756,15.48
150633,15.12
272890,14.91
67600,14.91
35062,14.91
288668,15.48
279969,13.96
138058,14.91
110543,15.48
134521,15.13
188758,14.91
34525,14.91
81272,14.91
80680,15.48
144552,15.05
7534,14.91
93379,15.48
114906,14.91
282486,14.91
154308,14.91
108083,15.05
131798,14.91
199061,14.91
185391,14.91
237552,14.91
269109,15.48
64217,14.91
17615,14.91
108257,14.91
218391,14.91
108677,14.91
189533,14.91
51148,14.91
81843,14.91
52612,14.91
180601,14.91
291151,14.91
147446,14.91
299342,14.91
45505,15.48
253050,14.91
54180,15.48
98146,14.91
33091,15.48
12835,14.91
276059,15.05
72065,13.96
71828,14.91
294942,14.91
149166,15.48
198178,14.91
165351,13.96
20252,14.91
237631,15.48
71004,14.91
280509,14.91
289924,14.91
54746,14.91
176590,15.48
38846,14.91
194370,14.91
177458,14.91
66525,14.91
67988,14.91
32466,14.91
38063,15.48
53939,14.91
30198,14.91
232255,14.91
108071,14.91
191326,14.91
297511,14.96
113972,14.91
296502,14.91
32107,14.91
164098,14.91
192778,14.91
30013,14.91
197109,15.48
191931,15.05
199065,14.91
235818,14.91
204768,14.91
219877,15.48
127940,14.91
204244,15.48
150236,15.09
192756,15.05
126326,15.05
51976,14.91
90862,14.98
209828,14.91
265703,14.91
292515,14.91
213828,14.91
278903,15.48
58531,14.91
13995,14.91
208619,14.91
22631,15.48
57620,14.91
24744,14.91
293147,13.96
142405,14.91
241784,14.91
134121,15.48
153927,14.91
74538,15.13
171555,14.91
276092,15.12
18849,14.91
177283,14.91
118811,14.91
143713,14.91
123583,14.91
70883,14.91
159299,15.48
100,15.48
40128,13.96
185633,13.96
92987,14.91
54133,14.91
181961,14.91
115533,14.91
31238,15.48
293072,14.91
296357,14.91
290944,15.48
232184,14.91
95223,13.96
6067,14.91
102264,14.91
90041,14.91
90616,15.13
62663,15.48
48305,14.91
220246,14.91
112759,13.96
162741,14.91
212595,14.91
281378,15.48
294187,13.96
24375,14.91
217378,15.48
236052,13.96
22340,14.91
38836,14.91
111996,13.96
296349,14.91
78659,15.48
166750,14.91
181280,15.48
77402,14.91
84240,15.48
88957,14.91
6917,14.91
17551,14.91
197490,14.91
225904,14.91
42862,14.91
101377,14.91
54696,14.91
96298,15.13
174007,14.91
125763,15.48
178461,14.91
135641,14.91
61107,14.91
268057,15.48
138586,14.91
226417,14.91
66135,14.91
132622,14.91
147831,14.91
146885,14.91
36446,14.91
59507,15.48
291266,14.91
59032,14.91
212230,15.48
28134,14.91
109823,14.91
278006,14.91
70225,15.48
179951,14.91
204742,14.91
31700,15.05
263696,14.91
107748,14.91
54177,14.91
103713,15.48
252849,14.91
12584,14.91
208075,14.91
2908,14.98
265635,14.91
232851,14.91
47534,13.96
116116,13.96
295695,15.48
231017,14.91
168527,14.91
150335,13.96
169818,14.91
129882,15.48
64693,15.48
201247,14.91
206710,14.91
35852,14.91
66557,14.91
270879,14.91
98390,15.48
134361,15.48
221624,14.91
270028,15.12
265893,15.05
220059,14.91
32841,15.48
128188,15.48
193657,14.91
55555,15.05
159073,14.91
247278,14.91
210903,15.48
196686,14.96
193876,14.91
108395,15.13
277014,15.48
268519,14.96
224617,14.91
298159,14.91
25635,15.13
109882,14.91
270257,14.91
126196,14.91
18378,14.91
295107,13.96
218450,15.48
149391,15.48
267166,14.91
54508,14.68
168959,15.05
119411,14.91
80409,13.96
91737,14.91
188998,13.96
103642,14.91
233233,14.91
63970,14.91
93980,14.91
143005,14.91
2109,14.91
277665,14.91
256184,14.91
285066,15.48
156971,15.48
261957,14.91
168263,14.91
99515,14.91
126749,14.96
227782,14.91
166618,14.91
39951,14.91
257848,15.12
108150,14.91
200530,14.91
297760,15.48
62432,14.91
256205,15.48
170972,14.91
281533,14.91
273034,14.91
134965,15.48
287158,13.96
129771,14.91
125804,15.48
260441,15.05
103079,14.91
104291,13.96
92654,14.96
63907,14.91
141737,13.96
91965,14.91
186422,15.48
208110,15.16
150732,14.91
177490,15.12
25248,14.91
105702,14.91
125023,14.91
238925,14.91
25272,15.48
114246,14.91
221673,14.91
126294,14.91
81752,14.91
142107,14.91
53451,14.91
66905,14.91
3427,14.91
76962,14.91
288495,14.91
30669,14.91
120053,14.91
99805,15.48
110607,14.91
105933,14.91
10890,15.05
203610,14.91
59194,14.91
252812,14.91
204655,14.91
83686,14.91
97682,14.91
297431,14.91
243788,14.91
229366,14.91
142987,14.91
169795,14.91
186398,14.91
49005,14.91
230152,14.91
220700,14.91
187447,14.91
171027,15.48
268837,14.91
260436,14.91
78469,14.91
187518,15.05
94427,14.91
7978,14.91
238128,14.91
176944,14.91
261059,14.91
143866,14.91
141597,14.91
113784,14.91
162718,15.48
15235,15.48
168739,14.91
29198,15.05
172392,14.91
140857,14.91
232539,14.91
200770,14.91
95206,14.91
21225,14.91
165923,14.91
286031,14.91
123402,15.48
141345,14.91
185235,14.91
149059,14.91
126256,14.91
55783,15.13
10149,14.91
23157,15.48
62986,15.48
83341,14.91
211693,15.48
270827,15.48
92432,14.91
222635,13.96
1697,14.91
31580,15.48
258898,14.91
21527,14.91
50846,15.48
156214,15.48
76180,15.05
78263,15.48
121612,15.48
207258,14.91
130277,15.48
14924,14.96
10881,14.91
235096,15.48
292225,14.91
95527,15.48
14258,14.91
108941,14.68
235808,14.91
225930,15.48
177018,14.91
159079,15.48
178963,14.91
51085,14.91
212100,15.48
160711,13.96
75286,14.91
286053,15.05
152792,15.48
70066,14.91
159387,14.91
10572,14.91
220281,14.91
106708,14.96
203718,14.91
185346,14.91
219491,14.91
281638,14.91
79927,15.48
213410,14.91
112120,14.91
48286,14.91
148933,14.91
66895,15.48
182996,15.48
14150,14.91
11061,15.48
273229,15.05
211317,14.91
231288,14.91
77503,14.91
273639,14.91
150509,14.91
77546,15.48
18828,14.91
191665,14.91
91317,14.91
279237,14.91
8579,14.91
58640,14.91
201927,14.91
208477,14.91
246076,14.91
8845,14.91
261725,14.91
142778,14.91
218490,14.91
233234,14.91
245731,14.91
44727,14.91
80256,14.91
32469,15.48
102725,15.48
105769,15.48
31581,14.91
189690,14.91
42953,14.91
273979,14.91
183110,14.91
262975,14.91
135559,14.91
144351,14.91
156961,15.48
78202,14.91
5839,14.91
98816,14.91
167014,15.48
19528,14.91
188562,14.91
163994,14.91
205167,14.91
159055,14.91
24339,14.91
246105,14.91
259530,14.91
240687,15.48
114356,15.48
46411,14.91
259424,14.91
55130,14.91
270067,15.05
42354,14.98
55257,14.91
268795,14.91
203007,14.91
82346,15.12
171973,14.91
253670,14.91
91929,14.91
107945,15.48
88463,14.91
249589,14.91
144291,14.91
193784,14.91
241171,15.48
10026,15.05
116696,14.91
160409,14.91
122791,14.91
18520,14.91
13879,15.05
108740,15.48
135218,15.48
52274,14.91
229017,15.48
93398,14.91
203053,14.98
193750,14.91
252485,15.48
66717,14.91
96895,15.05
106272,14.96
232218,14.91
19384,14.91
116893,15.48
94264,14.91
117901,14.91
478,15.48
124898,15.48
138891,14.91
218022,15.48
295673,13.96
41419,14.91
111707,15.48
164308,14.91
102693,15.05
141165,14.91
129284,15.48
227998,15.48
127882,14.91
3329,14.91
144976,14.91
38810,14.91
107415,14.91
42496,14.91
250788,14.91
209778,13.96
209136,14.91
81425,14.91
96085,15.48
167970,14.91
78824,14.98
158275,15.48
251270,14.91
107409,15.48
180559,15.05
199297,15.48
71013,15.48
104377,14.91
299076,14.91
52017,14.91
185939,15.13
24224,14.91
45119,15.05
88307,14.91
12908,14.91
102792,13.96
232971,14.91
119791,14.91
67478,14.91
233932,14.83
205940,14.91
34137,15.12
91420,14.91
230500,15.48
99710,14.91
235133,15.48
277213,14.68
19400,14.91
237456,14.91
121658,14.91
277650,14.91
72039,14.91
71798,14.91
182421,15.13
115809,15.48
181534,13.96
278074,14.91
221153,15.48
34217,14.91
76530,14.91
99918,14.91
195304,14.91
121675,15.48
6391,14.91
74840,14.91
144601,14.96
39779,14.91
110498,14.91
58544,14.91
245826,15.48
32038,14.91
290287,14.91
138206,15.05
254594,13.96
88596,14.91
30663,15.48
26006,14.91
145548,14.91
148101,15.48
141848,14.91
6906,14.91
279520,15.48
192534,15.48
11945,14.91
259340,15.48
61497,14.91
220790,14.91
277751,14.91
229576,13.96
116966,14.91
204069,14.91
126551,14.91
295654,15.48
270357,14.91
18148,14.91
232214,15.48
162939,14.91
12546,14.91
251774,15.05
11133,14.91
84116,15.48
246757,15.48
122786,14.91
115689,14.91
49148,15.05
274677,15.48
102435,14.91
273393,15.48
263331,14.91
195072,14.91
142437,14.91
293080,14.91
163937,14.91
111016,15.48
171733,14.91
1756,14.91
77414,14.91
173275,14.91
205642,14.91
52045,15.48
155623,14.91
91604,15.12
8252,14.91
28345,14.91
203742,15.48
293998,15.48
140772,14.91
142390,14.91
280907,14.91
145442,14.91
62879,14.91
90372,15.48
36505,15.48
18625,14.91
202358,14.91
108642,13.96
291391,14.91
183424,14.91
266503,14.91
141135,14.91
185316,14.91
207405,15.05
119435,14.91
77520,14.91
288397,14.91
246351,14.91
207538,14.91
21280,14.91
93999,14.91
250001,14.91
2574,14.91
259032,14.91
60773,14.91
66704,14.91
100337,14.91
29923,14.91
37393,14.91
228449,14.91
35480,14.91
85156,15.48
207757,14.91
230304,13.96
244204,14.91
285882,14.91
260548,14.91
286264,15.48
77844,14.96
40401,15.05
168487,14.91
15528,15.48
48602,14.91
89330,13.96
4253,14.91
213784,14.91
289599,14.91
126466,15.48
246566,15.48
206510,14.91
33044,15.13
97658,15.05
136494,14.91
108725,15.05
33210,15.48
114556,14.91
14022,14.91
158290,14.91
108276,14.91
212604,15.48
153881,14.91
39523,14.91
101103,15.12
148740,14.91
288474,13.96
131804,14.91
210826,15.48
273838,15.48
257052,14.91
178150,15.05
123792,14.91
284610,14.91
193682,14.91
149079,14.91
2371,14.91
163451,15.48
203425,15.48
292779,14.91
284785,14.91
236665,14.91
127883,15.48
96069,14.91
49916,14.91
251923,14.91
270851,14.91
98612,15.13
18020,14.91
162210,15.48
275984,14.91
124489,14.91
124677,14.91
203442,14.91
194657,15.05
293709,14.91
246040,15.48
274872,14.91
135539,15.05
153064,15.48
91856,14.91
198319,15.05
93973,14.91
29983,15.48
260808,15.48
190142,14.91
22826,14.91
53138,14.91
256530,14.91
107397,13.96
68306,15.48
248745,15.48
24589,14.91
183503,15.48
264658,14.91
73369,15.48
244074,14.91
117186,14.91
47478,14.91
179839,15.48
188053,15.48
247206,14.91
43765,14.91
278895,15.48
130185,14.91
267839,14.91
3623,15.12
175954,15.48
115079,14.91
118883,14.91
238712,14.68
63586,15.48
211835,14.91
97336,14.91
185621,14.91
97058,14.91
157656,14.91
157002,14.91
267838,14.91
194177,15.48
113708,14.91
148282,14.91
34321,15.48
96243,15.48
59654,14.91
222004,14.91
127064,15.48
289706,15.12
18006,14.91
257516,14.91
81683,14.91
258893,15.48
66471,15.48
140803,14.91
14277,14.91
44684,14.91
180021,15.48
258645,14.96
49587,15.12
289863,14.91
159364,14.96
51612,15.48
205411,14.91
12943,14.91
129987,14.91
96188,15.48
122802,14.91
257025,14.91
72636,14.68
162215,15.05
152772,14.98
179939,15.48
138399,15.48
249543,15.05
249020,14.91
122833,14.91
271412,14.91
124835,14.91
154566,14.96
121405,15.48
101455,14.91
233564,14.91
95316,15.48
270442,14.91
285998,13.96
228115,14.91
279862,14.91
255208,14.91
153190,14.91
48820,14.91
90531,14.96
287905,14.91
191101,14.91
39897,14.91
73248,14.91
248766,15.48
200685,14.91
298279,15.48
243019,14.91
269130,14.91
145566,14.91
275614,15.13
118424,14.91
249258,14.91
173346,14.91
63315,14.91
5999,14.91
174643,14.91
116852,14.91
17331,14.91
128684,14.91
64891,14.91
196107,14.91
173769,14.91
274108,15.05
227245,14.91
208172,14.91
35713,14.91
4228,15.48
37698,14.91
244638,14.91
222438,14.91
238809,14.91
46468,14.91
261438,14.91
276592,15.48
185358,14.91
563,14.91
248853,15.48
201854,14.91
41804,14.91
163383,14.91
241045,14.91
176690,14.91
199013,14.91
5049,14.91
18103,14.91
70368,14.96
194989,14.96
63755,13.96
62094,14.91
134245,14.91
57385,15.48
208497,14.91
36651,14.91
246980,14.96
10044,15.48
141843,14.91
85713,14.91
257327,15.48
74313,13.96
11925,14.91
167721,13.96
195473,14.91
235239,15.48
161993,15.48
299100,14.91
20223,14.91
148819,14.91
218001,15.48
289317,13.96
155603,14.91
79881,14.91
138943,14.91
141275,14.91
165333,15.12
282196,14.91
187953,15.05
183124,14.91
28917,14.91
226690,14.91
87274,15.48
121617,14.91
197338,14.91
63369,14.91
214425,15.48
128445,14.91
119307,14.91
164977,14.83
227653,13.96
232991,14.91
276122,15.05
246912,15.48
136884,15.48
262784,14.91
274631,14.91
207289,14.91
259926,14.91
241583,15.48
121328,14.91
288533,13.96
40594,14.91
154362,14.91
224020,14.91
56571,14.91
194299,15.05
1735,14.91
37040,14.91
114797,14.91
150880,15.48
6302,14.91
172342,15.48
35355,14.91
216781,15.48
80593,15.48
175468,15.48
278023,14.91
256468,14.91
66059,14.91
78155,15.48
280307,14.91
231867,15.48
285593,15.48
33445,14.98
237449,14.91
264094,14.91
17565,15.48
250594,14.91
60260,14.91
82893,15.48
176177,14.91
80047,14.91
4352,14.91
188351,14.91
13738,15.48
40621,13.96
30435,14.91
251811,15.48
156429,15.48
260946,14.96
184191,14.91
289703,13.96
280898,15.05
294496,15.48
171805,14.91
79155,14.91
284083,14.91
258620,14.91
73505,13.96
215062,14.91
296681,14.91
270522,15.48
289218,14.91
53524,14.91
86498,15.48
255537,14.91
227888,14.91
276977,13.96
13878,15.48
95816,14.91
189092,14.91
78909,14.91
207782,14.91
281807,14.91
228906,14.91
57438,15.48
6779,14.98
170641,14.91
51653,15.05
122973,14.91
95801,14.96
256126,14.91
143152,13.96
11722,14.91
251048,14.91
73604,15.48
256341,14.91
184745,14.91
203288,15.48
159363,14.96
7067,15.13
76909,14.91
170054,14.91
286970,14.91
289696,14.91
242334,14.91
45948,14.91
249740,14.91
105367,14.91
65445,15.48
233943,15.48
219998,14.91
281897,15.13
1672,14.91
2279,14.91
184441,15.48
214873,15.48
133839,15.48
26113,14.91
45517,15.48
198660,14.91
125474,14.91
37923,14.96
42621,14.91
287410,15.48
13020,14.91
205339,14.68
171985,14.91
100990,14.91
250189,14.91
120540,14.91
153733,15.05
104160,14.91
49114,14.91
233536,15.05
65864,14.91
180655,13.96
146413,14.91
242420,14.91
261890,14.91
165881,14.91
126484,15.48
205132,14.91
161221,15.48
184583,15.13
50395,14.91
264632,15.48
145495,14.91
11089,14.91
114553,14.91
106630,14.91
221337,15.48
150766,14.91
205357,13.96
14009,15.48
233466,15.48
143208,14.91
61659,14.91
28450,14.96
40650,15.05
246251,15.48
298991,14.91
268358,14.91
174278,14.91
54127,14.91
278277,14.91
38552,14.91
149194,14.91
43030,14.91
295823,14.91
152069,14.96
13093,14.96
274579,14.96
159126,15.48
233196,15.48
234868,13.96
79779,13.96
57404,14.91
234699,15.48
265538,15.48
161026,14.91
64629,15.48
187775,15.48
287575,15.48
106434,14.91
18749,14.91
226295,14.91
226456,14.91
14997,14.91
27226,15.48
140949,15.48
173043,14.91
259137,14.91
255883,14.96
180578,14.91
195167,14.91
36799,14.91
582,15.05
193319,15.48
77773,15.48
60386,14.91
205744,14.91
250582,14.91
253088,14.91
35100,15.48
153930,14.98
220749,14.91
114562,14.91
131437,15.13
251915,14.91
279420,14.91
217628,14.91
102480,15.48
123331,15.48
20744,14.91
91850,15.48
234072,15.48
134981,15.48
125510,14.98
190801,15.48
68091,14.91
180026,14.91
289276,14.91
181112,15.48
13901,14.91
252350,15.48
297815,14.91
92107,14.91
231692,14.91
254622,14.91
190419,14.91
160068,14.91
172782,14.91
244455,14.91
261171,15.48
152962,15.48
146268,14.75
71670,14.91
183476,15.13
128483,15.48
1269,15.48
18861,14.91
205667,15.48
247555,14.91
153482,14.91
93508,14.91
107948,14.91
238233,15.48
11128,15.48
39607,14.91
28411,14.91
54924,15.48
290625,14.91
123741,14.91
148314,14.91
206383,15.48
203004,14.91
169890,14.91
250755,14.91
266498,14.91
9704,14.91
283461,15.48
58442,14.91
256426,14.91
260037,15.48
95479,14.91
106567,15.05
67357,14.91
150492,14.91
46463,14.91
3962,14.91
49204,15.48
102779,15.48
129968,14.91
11487,14.98
149871,14.91
148352,14.91
210594,14.91
298418,15.48
133145,14.91
23873,15.48
44927,14.91
114006,15.48
258206,14.91
163299,14.91
276860,14.91
40629,14.91
21148,15.48
84864,14.91
125664,14.91
249604,14.96
254165,14.91
197086,15.48
36628,15.48
248846,14.91
62090,14.91
223758,14.68
18210,14.91
149814,14.91
110187,14.91
127294,15.48
248095,14.91
215275,14.91
12702,14.91
211548,14.91
73261,14.91
256903,14.91
116376,15.48
288223,13.96
79763,14.91
84888,15.48
158422,14.91
219497,14.91
192482,15.48
79190,15.13
295573,15.12
280373,13.96
17564,14.91
71720,14.91
118845,14.91
268485,15.48
4248,14.91
214002,14.91
51151,14.91
285639,14.91
297343,14.91
160993,15.48
59606,14.91
142044,14.91
4105,14.91
31627,14.83
259620,14.91
216523,14.91
72259,14.91
250656,14.91
14704,14.83
175145,15.13
162883,14.91
168635,14.91
261333,14.91
192323,13.96
152558,15.48
167421,14.91
82981,14.91
151712,14.91
71292,15.13
143564,14.91
111617,14.68
12432,14.91
270600,14.91
135888,14.91
116788,14.91
162160,15.13
55405,14.91
223827,15.48
210065,14.91
52716,15.48
254150,14.91
195741,14.91
294651,14.91
260883,13.96
191619,15.48
197859,14.91
42158,14.91
145173,14.91
253201,14.91
38913,14.91
67483,14.91
18158,13.96
147343,14.91
42551,13.96
250032,14.91
56863,15.05
279226,13.96
7680,14.91
207622,15.48
195812,14.91
104431,14.91
195735,14.91
137043,14.91
202791,14.91
84870,15.05
11566,14.91
211390,14.91
152500,15.48
8423,14.96
69515,14.91
160112,15.48
38255,14.91
126094,14.91
197557,14.91
161072,14.91
198725,15.13
260997,14.96
162153,14.91
19667,14.91
256608,14.91
253184,14.91
188845,14.91
212776,14.91
271233,14.91
232181,15.48
107865,14.91
130693,14.91
273093,14.91
85937,14.91
78955,15.48
213707,15.48
262164,14.91
155211,15.13
34180,14.96
93322,15.48
7863,15.48
143967,14.91
17033,15.48
2025,14.91
76452,14.91
218511,14.91
296883,14.91
60434,15.48
27331,14.91
28307,14.91
43332,14.91
144077,14.91
268395,14.91
261756,14.91
232585,13.96
211727,15.48
143353,15.48
142944,14.91
276067,15.48
72965,14.91
10607,14.91
174686,14.91
239643,15.48
53590,14.91
224143,13.96
94784,14.83
143333,14.91
236295,14.91
278088,14.91
281076,15.48
194876,15.05
56062,14.91
157641,14.91
185945,14.91
232008,14.91
198424,14.91
288207,14.91
152066,15.48
106267,14.91
132434,13.96
120951,14.91
45479,15.12
268922,15.48
286389,15.48
49014,15.05
276139,15.13
69853,14.91
54495,13.96
73335,14.91
141785,14.91
158976,15.12
13038,14.91
79625,14.91
113454,15.48
252897,14.91
129775,14.91
61227,13.96
49091,14.91
161454,14.91
170288,14.91
71427,14.91
269852,14.91
64328,14.91
275733,15.48
82660,14.91
219644,14.91
67984,14.91
20317,14.91
19645,14.91
120431,15.12
243264,14.91
183051,15.48
72901,14.91
129614,14.91
92678,14.91
24166,14.91
275202,14.91
26697,15.48
13433,15.48
126523,14.91
203174,14.91
46856,14.91
247746,14.91
64193,14.91
176039,14.91
169860,14.91
229063,14.91
287864,15.48
188081,15.48
232804,15.48
240148,14.91
179766,15.48
106061,14.91
21271,14.91
98959,14.91
125248,15.48
128620,14.91
135588,14.91
260359,14.91
273553,14.91
111750,14.91
293319,14.91
230935,14.91
46191,15.48
200793,15.48
255380,14.91
124437,15.48
248593,14.91
55901,14.91
102016,14.91
14308,14.91
154056,14.91
227990,15.05
84575,15.05
46689,14.91
204009,14.91
134130,14.91
151156,14.91
128564,15.48
171480,14.91
127473,15.12
164845,14.91
92403,14.91
253123,15.48
44433,14.91
148149,15.05
93829,15.48
188772,14.91
207361,14.91
216243,14.91
132796,14.91
197794,14.91
38835,14.91
49736,15.48
4303,15.48
68547,14.91
25323,15.13
12608,14.96
110817,14.91
172789,15.48
61614,14.91
17677,15.48
233282,14.91
213233,14.91
47604,14.91
69633,15.48
6411,14.91
156792,15.48
61772,14.91
179744,14.91
5719,14.91
265613,14.96
27162,15.48
131812,14.91
138164,14.91
18631,14.91
148970,14.91
73747,15.48
151377,14.91
111352,14.91
31895,14.91
123883,13.96
260465,14.91
137358,14.91
98330,14.91
77384,14.96
274087,14.91
297317,14.91
36339,14.91
138557,14.91
255546,15.48
184932,14.91
95108,14.91
231073,14.91
133604,15.12
294568,14.91
277427,14.91
152801,14.68
263570,14.91
217519,14.91
135736,13.96
67415,15.48
141040,15.48
97124,14.91
22357,15.48
21250,14.91
237874,14.91
187512,13.96
44147,15.12
276276,14.91
236750,14.91
18497,14.91
258598,15.48
143596,14.91
200707,15.48
209384,14.91
198790,15.48
149238,15.48
189235,14.91
291231,14.91
81811,14.91
189500,15.48
154442,15.48
32718,15.05
297798,14.91
191319,14.91
191884,14.91
222027,14.91
49828,15.48
83043,15.05
3146,14.91
298225,15.48
294114,14.91
154293,14.91
110325,14.91
155962,14.91
266546,14.91
296099,14.91
125625,14.91
107208,14.91
230027,14.91
109627,14.91
109852,14.91
187463,14.91
213658,14.91
114717,13.96
172556,15.48
117950,15.48
207703,14.91
207426,15.48
69203,14.91
189523,14.91
145496,14.91
232631,14.91
139439,14.91
52240,15.48
93875,13.96
53286,14.91
192062,14.91
208784,14.91
177255,14.91
107547,15.48
87354,15.05
187008,14.98
85651,15.48
289722,14.91
291912,14.91
167561,15.48
20269,14.91
46493,15.48
52559,14.91
61200,15.48
252675,14.91
206841,14.91
261064,15.48
298842,14.91
298392,14.91
63032,14.91
267231,15.48
216200,15.48
222800,14.91
181803,14.91
95359,14.91
133555,14.91
235009,14.91
218536,15.48
221887,14.91
279209,14.91
243127,14.91
138448,14.91
87306,14.91
199094,14.91
211426,14.91
109180,14.91
281678,14.91
40328,14.91
295607,15.05
225724,13.96
73425,14.91
291156,14.91
139606,13.96
261427,14.91
274220,14.91
286728,13.96
275923,15.48
216091,14.91
41334,14.91
22416,14.91
195370,14.91
211802,14.91
134543,14.91
239329,14.91
276254,14.91
170373,14.91
56563,14.91
10861,14.96
128437,14.91
34841,14.91
12386,15.48
182625,15.12
9195,15.48
246312,15.13
48971,14.91
45887,15.13
155961,14.91
28923,14.91
144789,14.91
181270,14.91
72888,15.48
287544,14.91
175708,14.91
135343,14.91
97296,14.91
278790,14.91
288865,14.91
70532,15.48
221446,13.96
75027,14.91
23353,14.91
107333,15.48
146201,15.48
152264,14.91
171971,14.91
292290,14.91
61685,14.91
139368,14.91
105354,13.96
158978,14.96
297922,15.48
80241,14.91
293158,15.48
243639,15.13
76621,13.96
280671,14.96
37007,14.91
152282,14.91
258621,14.91
173025,15.48
93043,14.68
265925,14.91
198092,14.91
159394,15.48
170705,14.91
236956,15.48
161106,15.48
118154,14.91
219925,15.48
273554,14.91
62344,14.91
31206,14.91
226871,13.96
246434,14.91
91528,14.91
20979,14.91
39098,14.91
68729,13.96
80747,14.91
50487,14.91
73016,14.91
238315,14.91
16532,15.48
82591,15.48
13422,14.91
81243,14.91
209358,14.91
86015,15.05
166303,14.98
175088,15.48
179511,14.91
178515,14.91
212191,14.91
260977,14.91
50848,14.91
141767,14.91
281785,15.48
169391,14.91
161000,14.91
135809,15.48
264414,14.91
133699,14.91
75037,14.91
27986,14.91
24074,15.48
182120,14.91
224896,14.91
32750,14.91
130464,14.91
109566,14.91
104290,15.48
106142,15.48
139429,14.91
110102,14.91
163362,14.91
206759,15.48
174974,15.48
252216,14.91
209156,15.48
238988,14.91
268532,14.91
153950,14.91
43158,14.91
266089,15.12
66406,14.91
96122,14.91
177938,15.13
12890,14.91
243477,14.91
228352,14.91
117701,15.48
150237,15.05
188537,14.96
251339,15.48
148972,15.48
165770,14.91
74228,14.91
67490,15.48
41402,15.48
167460,15.48
215277,14.91
42027,14.91
247397,14.98
191293,14.91
9471,15.13
203365,14.91
108508,15.48
214433,14.91
234987,14.91
183793,15.05
77356,15.12
225498,14.91
51729,13.96
243637,14.91
140235,14.91
295179,14.91
161150,15.48
34132,15.48
283092,14.91
100620,14.91
44089,14.91
272531,15.05
87063,14.91
253488,15.48
220027,14.91
52134,15.48
7307,14.91
136394,14.91
217539,14.91
278435,15.48
122522,14.91
55586,15.48
75632,14.91
181910,13.96
89872,14.91
281664,15.13
4710,14.91
120430,15.48
159820,15.13
186609,14.91
264120,14.91
15862,14.91
111171,14.75
292657,14.91
23280,14.91
68622,14.91
27314,15.48
155522,14.91
63987,14.91
230505,14.91
253106,14.91
237651,15.48
282118,13.96
248244,14.91
184443,14.91
162222,14.91
61243,14.91
166426,14.91
285196,15.05
8617,14.91
104868,14.91
96933,14.91
106555,14.91
213591,14.91
4113,14.91
18662,14.91
82580,15.12
221087,14.91
106370,13.96
98618,14.91
133175,14.96
187928,15.48
236063,14.91
284638,15.48
263912,15.48
254524,15.48
245945,14.91
91935,14.91
167578,14.91
257192,14.91
101810,14.91
131998,15.48
133439,15.48
267263,14.91
208437,14.91
13210,14.91
233107,14.96
197813,14.91
150889,13.96
236583,14.96
186984,14.91
62845,14.91
258440,14.91
207143,15.48
260361,13.96
252785,15.05
73187,14.91
212557,15.48
26562,14.91
22712,14.91
11853,14.91
220908,14.91
194491,14.91
249672,14.91
85017,15.48
75888,14.91
202182,14.91
19683,15.48
189698,15.48
34446,14.91
75712,14.91
271580,14.91
28989,14.91
30431,15.48
146488,14.91
225064,13.96
152415,15.48
292685,14.91
151352,15.48
163341,14.91
276056,14.98
15182,14.91
29290,14.91
141170,14.91
153087,14.91
70022,15.48
61146,14.91
287562,15.13
183669,15.48
286408,14.91
235378,15.48
99355,14.91
235175,15.48
177648,14.91
256891,14.91
92679,15.48
234656,15.48
185236,15.48
72281,14.91
80783,15.05
32972,14.91
207983,14.91
172895,14.91
27577,14.91
152440,15.48
144370,14.91
172711,14.91
165442,14.91
156246,14.91
218943,14.91
17558,14.91
73064,14.91
69620,14.91
103005,15.48
7969,14.91
263922,14.91
290118,14.91
30785,14.91
181930,15.13
130722,14.91
35868,14.91
242123,15.48
3511,15.48
189471,15.48
237274,14.91
223528,14.91
81360,14.91
278748,15.48
46605,15.48
26153,14.91
80303,15.48
87838,15.48
263173,14.91
271114,14.91
240606,15.48
291249,14.91
147087,14.91
62127,15.48
133832,14.91
226120,14.91
65685,14.91
92285,14.91
89075,14.91
143256,15.48
262108,15.48
253328,14.91
11114,14.91
66379,15.48
36095,14.91
9075,14.91
204274,14.91
199894,14.91
4493,14.91
194575,13.96
16986,14.91
10516,15.48
203496,15.48
233174,13.96
138343,14.96
153082,15.12
61993,15.48
232939,14.91
49007,14.91
180344,15.48
249954,14.91
62023,14.91
187189,14.91
189697,15.48
163602,14.91
92026,15.48
99067,14.91
171620,14.91
101394,13.96
180067,14.91
244117,13.96
48161,14.91
163775,14.91
146609,14.91
93782,14.91
73737,14.91
34708,15.48
212770,14.91
212103,14.91
76504,14.91
222158,14.91
289513,14.91
102040,14.91
111904,14.91
246139,14.91
12223,14.91
95261,14.91
58894,14.91
167320,14.91
229655,15.48
239733,15.48
236961,14.96
86171,14.91
279679,14.91
266210,14.91
16187,15.48
19274,15.05
93466,15.05
291706,14.91
271130,14.91
131761,14.91
264792,14.98
70431,14.91
3140,15.48
51429,15.48
297878,14.91
202775,14.91
110157,15.48
141697,15.48
108145,13.96
128866,13.96
225767,14.91
50887,14.91
184944,15.48
210643,14.91
14471,14.91
24558,14.91
89324,15.05
182131,14.91
172555,14.96
151418,15.48
268421,14.91
82351,15.48
159302,15.48
106395,13.96
198531,14.91
116623,14.91
13126,14.91
161895,15.48
104380,15.48
206231,14.91
52137,15.48
120864,14.91
5088,14.91
176706,15.48
254280,14.91
68979,15.05
147066,14.91
168195,15.48
174283,15.48
245167,15.48
273849,15.05
65518,14.91
80438,14.91
148804,13.96
298600,15.48
127958,14.91
58091,15.48
94541,14.91
213999,14.91
226084,14.91
92242,15.48
175903,14.91
88433,15.48
10726,14.91
43600,15.48
268900,14.91
186222,14.91
232498,14.91
222944,14.91
167525,14.96
175953,15.05
286662,14.91
201252,14.91
156721,15.48
274630,15.48
77032,14.91
79590,14.91
115222,14.91
238488,14.91
36679,15.48
4288,14.91
170401,15.48
150628,15.48
79822,13.96
56386,14.91
193173,14.91
52926,14.96
134132,15.48
236307,14.91
238094,14.91
59428,14.91
71815,14.91
277223,14.91
187691,15.12
96349,14.91
62792,14.91
141706,14.91
60859,15.48
235928,15.05
36900,14.91
89211,14.91
56954,14.91
162642,15.48
80373,14.91
174265,14.91
7844,15.48
211522,14.91
55957,14.91
215152,14.91
183555,14.91
2527,14.91
200757,15.48
252841,14.91
289893,14.91
148660,15.48
174184,14.91
145532,14.91
4853,13.96
188478,14.91
243545,14.91
197509,14.91
81338,14.91
84404,14.91
256258,15.48
16343,15.48
25995,15.48
143189,14.91
197665,14.91
40015,15.05
20676,14.91
190886,14.91
280538,13.96
3948,14.91
243939,15.48
145851,15.48
39940,14.91
257790,15.13
34720,13.96
243915,15.48
195738,14.91
262943,15.12
163200,14.91
128567,15.48
198905,14.91
1714,14.91
130986,15.48
237739,14.91
81897,14.91
136778,15.13
141247,14.91
163730,14.91
212388,15.48
91107,15.48
251141,15.05
6815,14.91
277555,14.91
298829,14.91
247205,14.91
285821,15.48
38256,14.91
205153,15.48
163718,14.91
192639,14.91
269842,15.13
16574,14.91
175527,15.48
273013,14.91
235570,15.05
109146,15.48
80775,14.91
14437,14.91
147824,14.91
128561,15.48
169926,15.48
135960,14.91
48116,14.91
33009,14.91
275878,15.48
150887,13.96
149892,15.48
53373,15.05
160503,15.48
78660,14.91
103378,15.48
64583,14.91
195692,14.91
213533,15.48
140574,14.91
264518,14.91
72024,15.48
254033,14.91
224562,14.91
19915,14.91
244388,14.91
55067,14.96
112039,14.91
185907,15.12
270024,14.91
92731,15.48
165576,14.91
108041,14.96
250924,15.13
154313,15.13
229298,14.91
286242,14.91
123092,15.48
53308,14.91
109906,13.96
242065,14.91
202116,14.91
94054,14.91
143230,13.96
253709,14.91
109630,15.05
288704,13.96
31138,14.91
125410,14.96
26619,15.48
186210,14.91
159911,14.91
4067,15.48
68023,15.48
31213,15.48
278696,14.91
298528,14.91
131265,14.96
111289,14.91
214570,14.91
33449,14.91
84488,14.98
119852,14.91
169397,14.91
227288,14.91
195632,14.91
286116,15.48
239065,14.91
191384,14.91
179545,14.91
253960,14.91
134812,15.48
169972,14.91
75452,15.48
191708,15.48
175086,14.91
186831,15.13
270983,14.91
275043,14.91
133816,14.91
146992,14.91
177562,14.91
252127,15.48
229151,14.91
28256,14.91
65120,14.91
274071,14.91
54623,14.91
117307,14.91
5512,14.91
188377,15.48
52029,14.91
252865,14.91
247531,15.48
4282,14.91
190349,15.48
255740,14.91
229057,14.91
135007,14.91
161666,14.91
46696,15.48
55710,14.91
231358,14.91
69179,14.91
154679,15.48
195652,14.91
193613,14.91
130051,14.91
5082,14.91
31632,14.91
127709,14.91
42579,15.13
222971,14.91
296850,14.91
139421,14.91
139394,14.91
217895,15.48
98277,15.05
284199,14.96
291632,14.91
189768,14.91
194349,14.91
110958,14.91
152451,15.48
222473,14.91
24175,14.91
195103,14.91
75345,14.91
57614,14.91
162131,14.96
32957,15.48
54098,14.91
18107,14.91
154436,15.48
273533,15.48
251333,14.96
63176,15.48
219320,14.91
200423,14.91
170955,14.91
97364,14.91
163942,14.91
235743,14.91
127624,14.91
23780,14.91
130459,15.48
264492,15.48
288308,14.91
123302,14.91
240886,15.48
269676,14.91
262246,15.48
224212,15.48
97851,14.91
181863,15.48
198899,14.91
85460,15.48
120869,14.91
166255,14.91
236682,14.91
78900,14.91
231082,14.91
187444,14.91
22389,15.48
287004,14.91
156696,14.91
199784,14.91
266590,14.91
131557,15.05
290854,14.83
57930,15.48
78017,15.48
199736,14.98
223724,14.91
188328,15.13
272193,14.91
297634,15.48
12092,14.91
284067,14.91
42590,14.91
11486,15.48
55163,15.48
235313,15.48
48075,14.91
233590,14.91
33072,14.91
55051,14.91
86302,14.91
89315,15.13
133576,14.91
285534,15.48
129703,15.48
264647,14.91
207003,14.91
273652,15.05
150368,14.91
242455,14.91
278980,14.91
239991,14.68
153175,15.48
133414,14.91
211253,14.91
9546,15.48
290750,14.98
225338,15.48
35330,15.48
61958,14.91
264998,14.96
120142,14.98
148548,14.91
44199,14.91
138613,14.91
281691,14.91
127188,14.91
35576,15.48
261526,15.48
17056,14.91
230167,14.91
39791,14.91
200252,14.91
221111,14.91
137635,14.91
13737,14.91
199153,14.91
31095,14.91
136180,14.91
257596,14.91
16397,15.48
81589,14.91
95453,14.91
64229,15.48
102949,14.91
274266,14.91
247583,15.48
195135,15.05
78562,14.91
171905,13.96
19703,15.48
143902,14.91
44508,15.48
114524,14.91
200172,14.91
81903,14.91
246041,15.48
140131,14.91
21613,14.91
280985,15.48
38994,14.91
26340,14.91
244155,15.05
36559,14.91
261510,15.48
175057,13.96
139650,14.91
87640,14.91
101844,14.91
34933,14.91
270377,14.91
55668,14.91
32549,14.91
265169,15.48
89492,15.48
77182,15.12
287363,14.91
138534,14.91
36625,14.91
221724,13.96
202771,14.91
216241,14.91
65277,15.48
248424,14.91
133284,14.91
266216,14.91
246122,14.91
198542,15.12
176899,14.91
91660,15.05
251397,14.91
199146,15.48
134493,14.91
168472,14.91
117370,14.91
13585,14.91
138855,15.48
134665,14.91
197066,14.91
298705,15.13
271509,15.05
4134,14.91
263786,15.48
93583,14.91
291548,14.96
195903,14.91
79681,14.91
37249,14.91
72523,14.91
95322,14.91
169217,15.48
91448,14.91
228712,14.91
234865,14.91
216935,14.91
190082,14.91
15408,14.91
259082,14.91
159405,14.91
69092,14.91
29246,14.91
112709,14.91
132772,15.48
35244,14.91
147957,14.91
143081,14.91
66459,14.91
251714,14.91
252026,15.48
140468,14.91
20171,14.91
58012,14.91
177337,14.91
229067,14.68
63839,14.91
163222,14.91
132406,14.91
73746,14.91
41406,14.91
15026,14.91
54066,15.48
268694,15.05
141704,15.48
249727,14.91
27519,13.96
162333,14.91
55516,15.13
194808,15.05
130437,14.91
150006,14.91
177184,15.48
202769,15.13
298618,14.91
91918,14.91
28424,14.91
253600,14.91
167562,15.48
4764,14.91
78531,14.98
185328,15.48
260615,14.91
177660,14.96
208704,14.91
115974,14.91
6760,15.05
262411,14.91
252170,15.05
164897,15.48
187291,14.96
67343,14.91
145122,14.91
292478,14.91
127334,15.48
223073,14.91
91661,15.48
56558,14.91
18661,14.91
286440,15.48
44100,14.91
252221,14.91
62700,14.91
125365,14.91
290971,15.13
209319,15.48
53026,14.91
195631,14.91
141022,14.91
155692,14.91
69211,14.91
11731,14.91
55542,15.48
241858,13.96
211758,14.91
269800,14.91
241073,14.91
145849,14.91
252404,15.48
210651,14.91
99997,15.48
114905,15.48
90944,13.96
98986,14.91
275915,14.98
274551,14.91
275751,14.91
221548,14.91
107858,15.48
39937,15.48
243576,15.48
262581,15.48
259284,14.91
35299,14.91
197139,14.91
200851,14.91
143625,14.91
18288,14.91
221951,14.91
170535,14.91
54516,14.91
76178,14.91
290212,15.48
63175,15.48
227318,14.91
64560,14.91
133755,14.91
165340,14.91
196389,14.91
281930,14.91
104922,15.48
53367,14.91
162803,14.91
186161,14.91
174978,14.91
276160,14.91
55194,15.48
22039,15.48
263896,15.48
214551,15.48
227144,14.91
38600,14.91
56768,14.91
253723,15.48
132418,15.48
128316,14.91
50514,14.91
164596,14.91
106152,15.48
208190,14.91
59712,14.96
49788,15.48
278105,14.91
254195,15.13
249412,15.48
136809,14.91
96304,14.91
153958,14.91
140376,14.91
14875,14.91
7563,14.91
81678,14.91
274739,15.48
180216,14.91
206115,15.48
109326,15.48
281507,14.91
59721,15.48
181391,15.48
212970,15.48
84032,14.91
266778,14.91
93834,14.91
201516,15.05
279933,14.91
21768,14.91
127761,14.91
191028,15.48
106621,15.48
78250,15.48
192865,13.96
122306,14.91
41037,15.48
181588,15.13
208778,14.91
292288,14.91
187254,14.91
106633,15.13
117398,15.48
162358,14.91
204455,14.91
58296,14.91
103024,13.96
97974,15.05
162487,15.48
196503,14.91
213253,14.91
104974,14.91
257497,15.48
273771,14.91
65479,14.91
278278,14.91
298465,14.91
279658,14.91
238963,14.98
291353,14.91
63074,14.91
148622,14.91
153123,15.13
225509,14.91
146092,14.91
51657,15.48
35254,15.48
166734,14.91
63604,14.91
250842,14.91
251372,15.13
142626,14.91
35912,14.91
206830,14.91
138848,14.91
252543,14.91
48981,15.48
230649,14.91
140003,14.91
481,14.91
267207,15.13
196852,14.91
270631,14.91
26828,13.96
96247,14.91
145796,14.91
31060,15.13
8737,15.48
99576,14.91
217335,15.05
23971,15.48
201573,14.91
239724,15.48
136288,13.96
17589,14.91
179163,13.96
208788,14.91
154734,14.91
78836,14.96
256192,14.91
22002,15.48
105659,14.91
157987,15.05
240288,15.48
245614,15.48
243708,14.91
168711,15.48
107033,14.91
149119,14.91
18970,14.91
276255,15.48
75002,14.91
41407,15.48
237668,14.91
112291,15.48
254603,14.91
234113,14.91
162435,14.91
19339,14.91
87296,14.91
156913,15.48
26243,15.48
25220,14.91
17267,14.91
182583,14.91
2108,14.91
278979,14.91
206012,14.91
285903,14.91
104348,13.96
107473,14.91
233874,15.48
126587,14.91
66806,13.96
77342,14.91
84823,14.91
44523,14.91
195363,14.91
136902,14.91
175676,14.91
115510,15.48
201540,14.91
217026,14.91
118386,15.12
96056,14.91
131764,14.91
232104,14.91
116134,15.48
11032,15.13
264405,14.91
122436,14.91
74265,15.48
157730,15.12
147347,14.91
300,14.91
194285,14.91
258482,14.91
44901,14.91
17968,14.91
277687,14.91
228632,15.48
216802,14.91
37501,14.91
111062,14.91
78673,13.96
60881,15.48
150774,14.91
80487,14.91
242513,15.48
102131,14.91
157059,15.13
65815,15.48
41348,14.91
32591,15.48
102665,14.91
186416,14.91
9672,14.91
60415,15.48
103360,15.48
213668,14.91
232551,14.91
44885,13.96
58932,14.91
30024,14.91
60194,15.48
244659,14.91
259096,14.91
77265,14.98
293370,14.91
174403,14.91
202635,14.91
180658,14.91
179401,15.48
26647,15.48
229620,13.96
42745,14.91
199945,15.05
231274,14.91
173028,15.13
94232,15.48
100430,14.91
177033,14.91
163851,15.13
248130,14.91
126032,14.91
281917,15.48
273133,14.91
201639,14.91
241416,13.96
81677,14.91
93341,15.48
142300,14.91
163035,14.91
298145,15.48
221835,14.91
152576,14.91
290904,15.48
141569,15.48
280346,15.48
112297,15.13
43896,14.91
15824,14.91
50714,15.48
207786,14.91
292401,14.91
131350,14.91
177162,14.91
283827,15.48
202496,14.91
251156,14.91
214450,14.91
110768,15.48
69621,14.91
156483,15.48
91768,14.91
218637,15.48
280654,14.91
5603,14.91
104201,15.48
651,14.91
137391,14.91
229983,14.91
222687,13.96
218618,14.91
49201,15.48
34502,14.91
209599,15.48
2636,14.91
12545,14.91
104818,14.91
250809,15.48
70570,14.91
214786,15.48
178719,15.48
157165,14.91
264361,14.91
220577,14.91
178397,14.91
225354,14.91
159436,14.91
64087,14.91
284120,15.48
23870,15.48
104434,14.91
40612,15.48
40819,15.48
169306,15.48
168707,15.48
109014,14.91
225421,14.91
142792,14.91
274216,14.91
60579,14.91
21766,14.91
24713,14.91
295896,14.91
223519,14.91
119885,14.91
141103,15.48
111824,15.48
27321,15.48
138928,14.91
255911,13.96
112913,14.91
124195,14.91
74226,14.91
112089,14.91
238909,14.91
54234,14.91
243025,15.48
40078,14.91
199769,14.91
46701,15.48
67165,14.91
175146,15.05
4432,15.48
244454,15.48
173573,15.48
58335,14.91
189045,15.12
54165,15.48
116168,14.91
270253,14.91
141872,14.91
240330,15.48
236074,14.91
27557,15.48
219180,14.91
153333,14.83
151079,14.98
41533,15.48
214414,15.09
50576,14.91
89026,14.91
293304,14.91
112479,15.48
53378,14.91
67333,14.91
143372,13.96
177565,15.48
229373,15.48
113896,15.05
209364,14.91
52042,14.91
85276,14.83
284819,15.13
64400,14.91
260887,15.48
177223,15.13
11571,14.91
83821,15.48
198394,14.91
18060,14.91
40084,14.91
114737,15.48
230231,14.91
30511,13.96
289888,14.91
249183,15.48
253502,15.48
251750,14.91
35150,14.91
78689,14.91
242163,14.91
6578,14.91
185106,15.48
4474,14.91
292078,14.91
276587,15.48
265144,15.12
215390,15.48
243936,15.48
89138,14.91
254646,14.91
140873,14.91
263341,14.91
228019,14.91
62568,15.48
258323,15.48
184496,14.91
209132,14.91
262922,14.91
264524,14.91
138846,15.48
164060,15.48
280540,15.48
208841,14.91
105335,14.91
68720,14.91
208210,14.91
221886,14.91
181520,15.48
38474,14.91
152302,15.48
39732,14.91
247879,15.48
48724,15.13
48611,14.91
91813,14.91
50870,15.48
292189,15.48
255822,14.91
61578,14.91
244061,15.48
177268,14.91
183410,14.91
210984,15.48
101583,15.48
244209,14.91
131638,14.91
160642,15.12
113689,15.48
242647,15.48
68378,15.48
149575,14.91
216555,14.91
282465,15.48
122759,15.48
93352,14.91
92851,14.96
39860,15.05
3724,14.91
19942,14.91
281622,15.48
286186,14.91
176887,14.91
150851,15.05
79958,14.91
43245,15.48
238349,14.91
9000,14.91
219106,13.96
298016,14.91
172165,14.91
114191,13.96
106199,14.91
83886,14.91
147195,14.91
277739,14.91
11236,14.91
14312,14.91
122049,14.91
198227,15.48
169154,15.48
34908,15.13
54124,14.91
272081,14.91
252976,14.91
28056,14.91
121438,14.91
289561,14.91
204481,13.96
130937,14.83
41906,14.91
68575,15.48
181407,14.91
175220,13.96
277124,15.48
283619,14.91
8841,15.48
253791,15.48
11968,14.91
102296,14.91
220901,14.91
164146,13.96
46832,15.13
162269,15.05
204484,15.48
255887,15.12
188815,14.1
103716,15.48
120922,13.96
153249,14.91
252665,14.91
22549,15.48
244554,14.91
243263,14.91
246172,15.48
232559,15.48
170999,14.91
283660,14.91
23911,14.91
116671,14.91
156172,14.83
252263,15.48
159709,14.91
272928,15.48
230159,15.48
168598,14.91
245096,14.91
183306,14.91
272790,14.96
243535,14.91
157954,15.48
115255,14.91
178276,15.48
125743,14.96
32057,14.91
152248,14.91
65193,14.91
135585,14.91
278925,14.91
161360,15.12
267551,14.91
198162,14.91
3898,14.91
25384,15.48
90656,14.91
12377,14.91
220190,15.48
29606,14.91
59945,15.48
75473,13.96
225870,14.91
259840,14.91
143000,14.91
11453,14.91
136534,15.48
117254,14.91
99300,14.91
284562,15.16
169363,14.91
218052,14.91
247340,13.96
177143,14.91
271864,14.91
187979,15.48
60934,14.91
2608,14.91
168355,14.91
174874,14.91
43174,14.91
127687,15.48
71172,14.91
154447,15.48
178361,15.13
109515,15.13
237516,14.91
227973,14.91
5692,15.48
35906,14.91
99170,15.48
92802,15.48
170272,15.48
230049,14.91
168395,13.96
119047,14.91
76751,14.91
120406,15.48
143212,14.91
124055,14.91
169498,14.91
140911,14.91
246173,15.48
200116,14.91
150426,15.05
31998,15.48
59121,15.05
74729,14.91
35281,14.91
67897,14.91
119473,14.91
99443,14.91
112739,14.91
10643,14.91
290715,15.48
184088,14.91
73210,14.91
249641,14.91
48716,15.48
203282,14.91
165847,15.48
83629,14.91
214863,15.48
148419,14.91
45041,14.91
19468,14.91
136922,14.91
4574,14.91
161189,13.96
113677,14.91
95774,14.91
157870,14.91
263530,15.13
60433,14.91
22768,14.91
146288,14.91
145742,14.91
285406,14.91
134237,15.48
87693,14.68
266457,14.91
1,14.91
201853,14.91
102497,14.91
238211,14.91
290096,13.96
139509,13.96
94542,13.96
221895,14.91
142822,14.91
114955,14.91
257442,14.91
45548,15.48
168079,14.91
42375,14.91
111372,14.91
162273,14.91
271963,15.48
158467,14.91
135219,15.48
57834,15.48
226524,14.91
1774,14.91
247753,14.91
65403,14.91
277421,14.91
3998,13.96
255025,14.91
86858,14.91
186519,14.96
194199,14.91
259162,14.91
287088,14.91
200459,14.91
79788,14.91
192647,14.91
40525,14.91
195939,14.91
157218,15.05
116041,15.05
186302,14.91
165982,14.91
35642,14.91
139303,14.91
42449,14.91
142878,14.91
172626,14.91
22035,14.91
267338,14.91
209958,14.91
297689,14.91
211958,15.48
146286,14.91
55560,15.48
1840,14.91
43863,14.91
77733,14.91
246887,14.98
23921,15.48
261475,15.48
110806,14.91
131591,15.05
204121,15.48
18939,13.96
248894,14.91
166274,14.91
249857,14.91
50986,15.05
29440,14.91
116027,14.91
277114,15.05
262505,14.91
133654,15.48
214707,15.48
288613,14.91
75392,14.91
226060,14.91
131620,14.91
182691,15.48
118050,14.91
115236,15.48
298114,14.91
281778,15.13
26846,14.91
74192,15.48
41306,14.91
25271,14.91
293390,14.91
41371,14.91
251151,14.91
254384,15.48
68441,14.91
245306,14.91
45690,13.96
95378,14.91
52331,14.91
291219,14.91
72834,14.91
189165,14.91
290646,14.91
179897,15.48
235992,14.91
224393,15.48
207620,15.48
58143,15.05
213998,14.91
66911,14.91
161570,15.48
161550,14.91
196135,14.91
236133,15.48
147077,14.91
137390,14.91
12860,15.48
77887,15.48
25715,15.12
183537,15.48
8563,14.91
112005,14.83
114114,15.48
232702,14.91
130803,15.48
25616,13.96
6598,15.48
190830,15.13
215574,14.91
106774,14.91
84599,14.91
248513,15.48
271551,14.91
206556,15.48
19437,14.91
169200,14.91
121462,14.91
181720,14.91
61655,14.91
146969,14.91
24523,15.48
117299,14.91
269960,14.91
241633,14.91
214874,15.48
213220,15.48
152569,15.48
188438,14.91
165676,15.48
16133,14.91
27198,14.91
223680,14.91
114513,14.91
189869,14.91
290466,14.91
174261,15.05
33058,15.48
145565,14.91
277515,15.48
5134,14.91
77490,14.91
4658,14.91
280635,15.48
259643,15.48
273615,14.91
107504,14.91
267863,14.91
230067,14.91
287627,14.91
121731,14.91
204135,14.91
59673,15.13
138027,15.48
48026,14.91
44063,15.48
215304,14.91
82132,14.91
201830,14.91
57989,15.48
159795,14.91
276853,14.91
91204,14.91
256672,15.48
209753,14.91
80193,14.91
212007,14.91
230617,14.91
192683,14.91
250262,13.96
22396,14.91
262633,14.91
270924,14.91
250290,14.91
83133,15.48
16948,15.05
176990,15.48
103303,14.91
242314,14.91
113451,14.91
48999,13.96
16264,15.48
233609,14.91
141253,14.91
34855,14.91
73170,14.91
79909,14.91
108959,14.91
77672,15.48
40905,15.48
238508,14.91
244791,14.91
270219,15.48
266215,15.48
261494,14.91
22718,15.48
220471,14.91
55220,14.91
212894,14.91
17417,15.05
16594,15.05
197089,15.48
118394,14.91
125668,14.91
68236,15.48
46522,14.91
166147,14.91
194807,14.91
167789,14.91
117169,14.91
237025,15.48
245938,14.91
71323,14.91
281066,15.13
30093,15.48
225427,14.91
148885,14.91
122799,14.91
278289,14.91
299002,15.48
686,14.91
108610,14.91
212415,14.91
92912,15.48
38556,14.91
204613,13.96
44236,14.91
61226,15.48
99120,14.91
123357,14.91
276665,15.48
124867,15.48
208279,15.48
270017,14.91
161905,15.48
251145,14.91
214377,15.48
50843,14.91
12331,14.91
9516,15.48
96450,14.91
209714,15.48
18884,14.91
203103,15.48
206274,14.91
216967,14.91
110467,15.48
29393,15.48
225318,14.91
105382,14.91
272256,14.91
28438,14.91
177433,15.48
297906,14.98
69257,14.91
244925,15.48
269475,14.91
297151,13.96
190068,14.91
48970,15.05
154750,14.91
124440,14.91
9023,14.91
282411,15.05
43371,14.91
96140,14.91
49186,15.48
271909,14.91
232377,14.91
253388,14.98
134051,14.91
197676,14.91
237594,14.91
65616,15.48
183994,14.91
296505,14.91
34183,15.13
251026,15.05
125253,14.91
160307,15.05
166059,15.13
231719,14.91
230122,15.13
180087,14.96
6119,15.12
219825,14.91
111241,14.91
33914,15.13
144195,15.48
42337,14.91
125448,15.05
69296,15.48
177172,14.91
90503,15.48
272657,15.05
113695,15.48
193038,14.91
218621,15.48
204815,14.91
230218,14.91
216235,15.48
45809,14.91
165962,15.13
215245,14.91
104853,15.48
95458,14.91
124421,15.13
278870,14.91
72013,14.91
240327,15.48
240944,14.91
16733,13.96
87352,14.91
133230,14.91
298531,14.91
81900,14.91
224956,15.48
72765,15.48
160429,14.91
131441,14.91
224563,14.91
84077,15.48
253691,15.48
261645,14.91
298164,14.91
63019,15.48
196172,14.91
186449,14.91
105239,14.91
119395,14.91
285636,14.91
79897,15.13
37134,14.91
269472,14.91
97594,14.91
170244,14.91
71477,14.91
184117,14.91
151692,14.91
204701,14.56
125752,14.91
173322,14.91
250284,13.96
278514,13.96
250876,14.91
167113,14.91
120613,14.91
16013,13.96
174827,15.05
204385,14.91
199500,15.48
259770,14.98
11265,14.91
171080,14.91
6176,13.96
61432,15.48
204081,14.91
261654,15.48
137460,14.91
289614,14.91
152151,14.91
100979,14.91
163326,13.96
275723,14.91
95897,15.48
171599,15.48
253708,14.91
274455,14.91
64951,14.91
224635,15.48
146134,14.91
261715,15.13
205572,14.91
17385,14.68
181077,14.91
48386,14.91
168901,14.91
201702,13.96
228247,14.91
46162,14.91
228135,14.91
289105,14.91
182894,14.91
151518,14.91
197994,14.91
207388,14.91
218939,15.48
277465,14.91
143901,14.91
27048,14.91
253318,14.91
139210,14.91
248839,15.48
276356,15.48
29168,15.48
93696,14.91
167317,14.91
49913,14.91
627,14.91
43938,15.48
255829,14.91
275554,14.91
80859,15.48
137884,14.91
141703,15.48
274596,15.48
135198,14.91
52015,14.91
39516,14.91
219578,14.91
22753,14.91
210589,14.91
178021,15.48
190373,14.91
152743,14.91
205350,14.83
86829,15.48
255982,15.48
47079,14.91
61555,15.05
14851,14.91
293101,14.91
43594,14.91
234105,13.96
121985,15.05
158363,14.91
258555,14.91
220880,15.48
80336,14.91
235187,15.48
181516,14.91
290592,14.91
153253,15.48
180413,15.48
175474,15.48
231579,15.48
284162,14.91
57937,14.91
95633,14.91
54361,15.48
129813,14.91
191909,13.96
36875,14.91
208088,15.48
162278,14.91
96274,14.91
128968,14.91
40140,14.91
268927,15.05
83579,15.05
120882,15.05
139170,14.91
202842,14.91
213290,15.48
170804,14.91
295039,13.96
158592,14.91
190370,14.91
242930,13.96
92552,14.91
192859,14.91
64703,15.05
43265,15.48
85250,14.91
179074,15.13
44056,15.48
247411,14.91
160525,14.91
199583,15.05
647,14.91
252613,15.48
92822,15.48
249963,14.91
295662,14.91
17144,14.91
119716,14.91
107262,14.91
126364,15.12
192239,14.91
277478,14.91
40663,14.91
223761,13.96
132927,14.91
7734,14.91
58062,13.96
75718,14.91
205985,14.91
229466,14.91
223947,14.91
48035,14.91
100255,14.91
43203,14.91
32870,14.91
293154,14.91
163373,14.91
33819,15.48
174538,14.91
202220,14.91
25730,14.91
230065,14.91
148686,14.91
62327,14.91
51762,14.91
206332,14.91
82696,14.91
152187,15.48
12398,15.48
79167,14.91
231818,15.48
37856,14.91
185549,15.48
195575,14.91
31308,14.91
209878,14.91
249361,14.91
292375,15.48
39739,14.91
227598,15.48
264204,14.91
159923,14.91
201062,14.91
186977,14.96
71627,14.91
287887,14.83
289074,14.91
265356,14.91
200066,15.48
117314,14.91
3198,15.48
73275,14.91
264844,14.91
38482,14.91
255552,14.96
204382,15.48
292353,14.91
71642,14.91
83065,14.91
6439,15.48
224032,15.48
170242,13.96
54627,14.91
162834,14.91
47162,14.91
158137,15.48
99724,14.91
13575,14.91
256856,14.91
174716,14.91
83254,15.05
198483,15.13
99310,15.48
52496,15.48
156917,14.98
146032,14.91
119710,14.91
292946,15.48
55223,14.91
146063,14.91
78510,15.13
1855,14.91
102085,14.91
123547,14.91
188669,14.91
133743,14.91
63142,14.91
131269,14.91
299256,14.91
99056,15.48
46822,15.48
212975,15.05
82884,14.91
152014,15.48
107060,15.48
8055,14.91
170429,14.91
98900,15.48
108160,13.96
124294,14.91
170659,14.91
165012,14.91
299385,14.91
273067,14.91
270003,14.91
220132,15.48
115244,14.91
126267,13.96
83287,15.48
145862,14.91
4699,15.48
241947,14.91
37012,14.91
45560,14.91
33245,14.91
153830,14.91
168613,14.91
42872,14.91
430,14.91
165221,15.12
54125,14.91
122128,14.91
213261,14.91
54898,14.91
219892,14.91
63180,14.91
245351,14.91
2964,14.91
124729,15.48
42360,14.91
22670,14.68
32976,15.48
80144,14.91
199071,14.91
218279,14.91
141509,15.48
287742,14.91
6653,13.96
288983,15.48
11830,14.91
169586,14.91
270384,15.13
208461,14.91
29183,14.91
190148,14.91
280717,14.91
172080,15.48
169207,14.91
171213,15.05
34118,14.91
268241,15.48
199671,15.13
99841,15.48
142600,14.91
57603,15.48
97767,14.91
298873,15.13
67456,14.91
64585,14.91
246506,15.48
238702,14.91
117392,15.48
71081,14.91
287902,14.91
289050,15.48
47442,15.13
15567,15.48
145264,14.91
152076,15.48
269885,14.91
208611,14.83
267702,14.91
73612,14.91
127467,14.91
207036,14.91
2769,15.48
133333,14.91
201045,14.91
125112,15.05
85518,14.91
276200,15.05
52770,15.48
297899,14.91
200060,14.91
284089,14.91
285928,14.91
29494,14.91
84259,14.91
94976,14.91
117618,14.91
8640,15.48
257265,14.91
240286,15.48
110450,14.91
187484,14.91
10560,15.48
281187,14.91
141178,14.91
109913,15.13
63561,14.91
156363,14.91
13629,15.48
250671,14.91
181075,15.05
289165,14.91
113788,14.91
229376,14.91
144412,13.96
245210,15.05
247157,15.48
170464,14.91
38054,14.91
196255,14.91
5285,14.91
81649,14.91
236736,14.91
128270,14.91
203768,15.48
47015,14.91
29188,14.91
43802,14.91
255077,14.91
273329,14.91
278096,14.91
52424,15.48
176484,14.91
180281,14.96
262056,15.48
186243,15.13
60741,14.91
283502,14.91
270007,15.48
280651,14.91
253621,14.91
182888,14.91
223142,14.91
1598,14.91
183737,14.91
140107,14.96
98570,14.91
286947,14.91
204302,14.91
30564,15.48
73193,14.91
145861,14.91
209902,15.48
128144,14.91
43187,14.91
176245,14.91
88773,14.91
69311,14.91
193407,15.48
281164,14.91
30096,14.91
176396,14.91
209984,14.91
43223,14.91
138714,15.48
164597,14.91
292294,14.91
83209,14.91
148914,15.48
125136,14.91
280781,15.48
115777,15.48
125931,15.48
17424,15.48
39944,15.13
128741,14.91
281367,15.48
97040,14.91
146428,14.91
244897,14.91
275293,15.48
171034,15.12
242332,14.91
118040,15.48
189498,14.91
71632,14.91
163368,13.96
172396,14.91
27084,15.48
164283,14.91
17111,14.91
121054,14.91
160047,14.91
191074,15.48
88547,13.96
86844,14.91
51457,15.48
100488,14.91
173511,15.48
185841,14.91
128228,15.48
172365,15.13
21003,14.91
3828,14.91
292197,14.91
23783,14.91
178348,15.13
286388,14.91
25913,14.91
254263,14.91
140256,15.48
7462,14.91
128484,15.48
145223,14.91
48836,14.96
72486,15.05
285942,14.91
25506,15.16
265837,15.13
228448,14.91
124103,13.96
261815,14.75
56140,15.48
170486,14.91
178165,14.91
94495,14.91
237614,15.48
151427,14.91
82569,14.91
20334,14.91
266676,14.91
296025,15.48
80130,14.91
129956,14.91
65362,13.96
184854,14.98
142348,14.91
27899,15.13
192867,13.96
174134,15.48
18917,15.48
275309,14.96
120961,14.91
227148,14.91
255304,14.91
21808,14.91
137151,14.91
36905,14.91
54017,14.91
64897,14.91
117135,15.48
140200,15.48
178386,14.91
201582,14.68
48852,14.91
48994,15.05
126844,14.91
256590,14.91
254868,15.48
81635,14.91
8791,15.48
91951,14.91
75781,15.48
99149,14.91
203126,14.91
188710,15.05
67987,14.91
159564,15.48
143379,13.96
237573,14.91
263174,15.48
111566,15.48
165036,15.05
152956,15.48
22477,14.91
130600,14.91
173056,14.91
7197,14.91
173585,14.91
108190,14.91
209301,14.91
188787,14.91
196073,14.91
190598,15.05
43697,15.48
145805,14.91
139406,14.91
45157,14.91
195203,14.91
245639,14.91
175668,15.13
225203,15.48
64785,14.91
268430,14.91
211850,14.91
198519,15.48
190756,14.91
27273,15.48
196368,14.91
24807,15.48
68435,15.48
133875,14.91
172899,13.96
65973,14.91
271231,15.05
263419,14.91
35866,14.91
297924,14.91
255895,14.91
142689,14.91
201645,14.91
209740,14.91
299178,14.91
66566,14.91
208359,14.91
932,14.91
215915,14.91
119044,14.91
15600,14.91
218853,14.91
264088,14.91
119403,14.91
106250,14.91
120275,14.91
127721,14.91
243508,14.98
232759,14.91
49809,14.91
252375,15.48
147765,14.91
161884,15.48
103347,15.13
146742,14.91
147655,14.91
150910,14.91
104278,14.91
1373,14.91
206704,15.12
116629,15.48
145040,14.91
203525,14.91
92933,15.05
183526,13.96
104522,14.91
207697,13.96
288202,15.48
4594,15.48
95323,14.91
285710,15.48
103426,14.91
115693,14.91
206467,15.48
110973,15.48
19461,14.91
133277,15.48
271512,14.91
85063,15.48
261809,14.91
294785,13.96
244536,14.91
3888,14.91
280339,14.91
36796,15.48
66182,13.96
109402,15.48
282704,14.91
260030,14.91
217028,15.48
270944,14.91
228100,14.91
15301,14.91
249893,14.91
211652,15.12
27846,15.13
34463,14.91
233131,14.91
119977,15.48
147275,14.91
88444,15.48
135666,13.96
90829,13.96
184341,14.91
290227,15.48
74549,14.91
123090,15.48
70933,14.91
25381,14.91
141375,14.91
6895,14.91
126686,14.91
254141,14.91
99235,14.91
34419,15.48
44907,14.91
254881,14.91
128405,14.91
239018,14.91
85384,15.48
279370,14.91
32225,14.91
35766,14.91
116533,14.91
209749,14.91
77517,15.12
101747,14.91
138371,15.05
14371,14.98
84407,14.91
95913,14.91
291441,14.91
204892,15.48
152843,14.91
56227,14.91
224648,15.48
67413,14.91
260767,14.91
22110,14.91
26548,14.91
123602,14.91
36430,14.91
5961,13.96
121324,14.91
94903,14.91
42333,14.91
224700,14.91
83876,14.91
57373,15.48
268413,14.91
208452,14.91
40426,15.13
286602,14.98
100468,14.91
767,15.48
144814,14.91
62131,15.48
248699,14.91
129885,14.91
50097,14.91
277930,14.91
46844,15.48
192730,14.91
35882,14.91
96789,14.91
229812,14.91
141074,14.91
138871,14.91
45238,15.48
279346,14.91
191457,14.91
39882,14.91
118971,14.91
244215,14.91
268970,14.91
123802,15.05
53337,15.48
134840,14.91
283854,13.96
181991,15.05
200463,14.91
69761,14.91
280510,14.91
31999,14.91
32518,15.48
143313,14.1
27797,14.91
195610,14.91
193923,15.48
182303,15.48
266021,14.91
282010,15.12
81028,14.91
7339,14.91
253538,14.91
191714,14.91
268817,14.91
298835,14.91
293356,14.91
137732,15.48
8166,15.48
246445,14.91
116188,14.91
332,14.91
43098,15.48
194374,14.91
177475,14.91
67392,14.91
85243,15.12
293027,15.48
108047,15.48
250916,14.91
126204,15.48
193293,15.48
63723,14.91
103573,15.48
110952,14.91
254188,14.91
146458,14.91
162389,14.91
173421,15.12
132320,14.91
47077,14.96
191473,14.91
269032,15.48
203002,14.91
181852,14.91
160798,14.91
222394,14.91
61064,14.91
65249,15.48
104086,15.48
289568,14.91
96580,15.48
41301,14.91
252013,14.91
82171,14.91
114711,14.91
177621,15.48
246902,14.91
232165,13.96
149004,14.83
141198,14.91
155650,14.91
162465,14.91
49180,15.13
262002,14.91
114969,15.48
245431,14.91
230485,14.91
80893,15.48
46440,15.05
255356,14.91
122083,14.91
178266,14.91
142536,14.91
44609,14.91
3332,15.48
24930,14.91
265994,14.91
101259,14.91
55717,14.91
281843,15.05
115801,14.91
195946,14.91
98836,15.48
225793,14.91
229807,14.91
267537,14.91
212540,13.96
93092,14.91
56679,15.13
242811,14.91
176142,14.98
63945,15.48
63619,14.91
254111,15.48
248777,14.91
297192,14.91
87668,14.91
128339,15.48
94059,14.91
100840,14.91
252432,15.05
167523,14.91
177346,15.48
260051,14.91
176880,14.91
190138,14.91
235310,15.48
219484,15.48
161543,14.98
93059,14.91
165292,14.91
185341,14.91
186471,14.91
163869,14.91
91473,13.96
72426,14.91
138544,14.91
187002,14.91
191144,14.91
167805,14.91
129075,14.91
220023,14.91
13773,15.05
124748,14.91
225717,14.91
9572,14.91
222586,14.91
79495,13.96
123673,14.91
287954,13.96
31782,14.91
158639,14.91
7056,14.91
172730,15.48
235989,14.68
177770,13.96
190574,14.91
227562,14.91
34944,14.91
73288,14.91
214871,15.48
149501,14.91
288026,14.91
214609,14.91
265686,15.48
92719,15.48
232431,13.96
33505,14.91
69537,14.91
13001,14.91
254517,14.91
121023,14.91
42217,14.91
194651,14.91
5473,14.91
270233,15.48
178870,14.91
210849,14.91
245951,14.91
287630,14.91
98693,14.91
102389,14.96
128488,15.05
11770,14.91
125432,15.05
248027,14.91
244476,15.48
100147,14.91
176208,14.91
68016,14.91
156202,15.48
175045,15.48
46022,15.48
38230,14.91
9351,15.48
48520,14.91
73083,14.96
106622,14.91
227968,14.91
173338,15.05
58616,14.91
43549,14.91
95001,14.91
94274,15.05
286926,14.91
197191,14.91
132241,13.96
262867,15.05
220627,14.91
51378,14.91
105832,14.91
117364,14.91
144392,14.91
190017,14.91
188602,14.91
275199,14.91
57246,14.91
285110,14.83
50121,14.56
240863,13.96
107480,14.91
268399,14.91
205307,15.48
246018,14.91
290702,14.91
136187,15.48
285834,14.91
186137,14.91
266144,14.91
112106,14.91
128539,15.48
128512,15.48
167395,15.48
59128,14.91
69114,14.91
286975,14.91
119615,13.96
167125,14.91
190086,15.48
153100,15.48
189457,14.91
233911,14.91
257595,14.91
197681,14.91
46988,14.91
120489,14.91
292095,14.91
166150,15.48
185206,14.91
185678,14.91
209269,15.48
120984,14.91
159623,14.91
161726,14.91
68007,14.91
294941,14.91
237571,14.91
255249,15.48
239081,14.91
128466,14.98
244760,14.91
189481,15.48
197334,14.91
242093,14.91
206054,14.91
280598,14.91
115588,15.48
167160,14.91
151481,14.91
86236,15.48
24883,15.48
219031,14.91
97132,15.48
207597,14.91
101884,14.91
127911,14.91
58789,14.91
144605,15.48
113626,14.91
246457,15.48
289687,14.91
22451,14.91
281963,15.48
92753,14.91
121252,14.91
4388,14.91
57442,15.48
296705,15.48
265596,14.91
28391,14.91
154811,14.91
192446,15.48
218289,13.96
137642,14.91
28891,14.91
193929,15.48
188764,14.91
222461,14.91
207937,15.48
216411,14.91
173780,14.91
147203,14.91
114395,14.1
294833,14.91
213338,14.91
158173,14.91
99521,14.91
15720,14.91
196340,14.91
110362,14.91
47528,15.48
284836,14.91
192278,15.48
195307,14.91
140713,14.91
229469,15.48
80048,14.91
204350,14.91
78354,14.91
140717,15.48
86098,14.91
111630,15.48
105961,14.91
243811,14.91
116223,15.12
259157,14.91
92936,14.91
207140,14.91
186407,14.91
7532,15.48
67376,15.48
229490,14.91
252162,14.91
35264,15.48
110759,14.91
56021,13.96
206918,14.91
1330,14.91
234443,14.91
174748,14.91
47325,14.91
212786,14.91
260667,13.96
188200,15.05
191532,14.91
153783,14.91
280877,14.91
155817,14.91
275457,14.91
282421,15.12
63114,14.91
170560,15.13
184710,14.91
267907,14.91
13247,14.91
129249,15.48
241927,15.48
212366,14.91
249632,14.96
216588,14.91
157355,15.13
130236,14.91
135969,14.91
9874,15.48
279614,14.91
153441,14.91
100930,14.91
187870,14.91
206753,14.91
297954,14.91
289625,14.91
18539,14.91
173362,14.91
53742,14.91
67916,15.48
278438,15.48
219898,15.48
115234,15.48
282525,14.91
228099,14.91
140259,14.91
289794,14.91
206654,15.48
216707,14.91
278186,14.91
43742,14.91
143198,14.91
138892,14.91
192763,14.91
4336,15.48
93840,15.05
212030,14.91
246646,15.48
3430,14.91
254059,14.91
86749,15.48
11056,14.91
257726,14.91
106959,14.91
49863,14.91
297462,15.48
109481,15.05
225588,14.91
92399,14.91
281087,14.68
206074,14.91
129498,14.91
122421,14.91
64724,15.48
12795,14.91
138119,15.48
260480,14.91
280156,14.91
290263,13.96
114837,13.96
49292,14.91
141267,14.91
186392,13.96
55499,14.91
76316,14.91
137992,14.83
235344,15.48
37363,15.48
33833,14.91
188685,14.91
123907,15.48
183502,14.91
82156,15.48
265707,14.91
165479,14.91
96101,14.91
276762,15.05
200194,14.91
280940,15.48
210630,14.91
43956,14.91
296656,14.91
213841,13.96
174035,15.48
219794,14.91
114941,15.48
151434,14.91
173069,14.83
64406,15.48
222137,15.48
26579,14.91
25566,14.91
124039,15.48
87413,14.91
153338,14.91
49610,14.91
210820,14.91
258701,14.91
161389,14.91
270494,14.91
234451,15.48
245130,15.48
80210,14.91
73441,15.48
231197,14.91
110666,14.91
176947,15.48
259656,14.91
104878,14.91
57733,14.91
251222,15.48
143393,15.48
224160,15.48
137216,14.91
147724,14.91
179036,14.91
136697,14.91
69649,14.91
224953,14.91
256542,14.91
151346,14.91
74533,14.91
137253,14.91
15968,14.91
17399,13.96
294667,14.91
11103,15.48
30548,14.91
46066,13.96
147074,14.91
171416,15.48
245887,14.91
16155,14.91
46485,15.48
106812,15.48
284989,14.91
165183,14.91
223871,14.91
191353,14.91
201354,14.91
288503,13.96
21666,14.91
129115,14.91
155867,14.91
83601,14.96
228010,14.91
158125,14.91
222019,14.91
115219,15.48
116187,15.48
288721,14.91
230036,14.91
297551,14.91
108422,14.91
34375,15.05
264873,14.91
67702,14.91
149958,14.91
221202,14.91
264914,14.91
103489,14.91
141996,14.91
166813,14.91
7478,14.91
35333,15.48
242908,15.05
102893,14.91
258944,14.91
259878,14.91
233969,15.48
254629,15.48
231244,14.91
74086,15.05
224879,14.91
22963,14.91
117022,15.48
224694,14.91
239179,14.91
238279,14.91
7883,13.96
41237,14.91
52277,13.96
227310,14.91
3483,15.48
166022,15.48
198326,15.48
206109,14.91
444,14.91
96392,14.91
12121,14.91
242959,14.91
212564,15.48
196009,14.91
114618,15.48
19375,14.91
282591,14.91
33088,14.91
136784,15.05
3173,14.91
238771,15.48
94624,15.13
10815,15.48
166631,14.91
123255,14.91
87147,14.91
113683,14.91
135465,14.91
85900,14.91
104129,13.96
209416,14.91
121739,14.91
209289,14.91
109858,14.91
285948,14.91
35396,14.91
151356,14.91
202716,14.91
254850,14.91
150530,14.91
127768,14.91
142337,14.91
32280,14.91
225725,13.96
6359,14.91
33115,14.91
40735,14.91
206124,15.13
64562,13.96
242983,14.91
220886,15.48
139996,15.48
171786,14.91
36891,15.48
206927,14.91
120538,15.48
223347,14.91
163895,15.13
212430,14.91
179701,14.91
80400,13.96
230527,15.48
85279,14.91
270816,15.48
102226,15.48
241574,15.48
257555,14.91
155078,14.91
235641,14.91
276736,15.12
111791,14.91
270743,15.48
208811,14.91
94801,15.48
193964,14.91
265738,14.91
155854,15.48
100807,14.91
191369,14.91
97297,14.91
295348,15.05
250595,14.91
116333,15.48
208414,14.91
168780,15.48
162709,14.91
155490,14.91
105420,14.91
137137,14.91
208508,14.91
10121,14.91
291744,15.48
15838,14.91
2813,14.91
10132,14.91
205881,14.91
180228,15.48
75376,14.91
116625,15.48
179423,14.91
219614,14.91
26811,14.91
59189,14.91
90922,14.91
198262,14.91
159691,14.91
72607,15.48
236390,14.91
12918,14.91
85752,14.91
187310,14.91
187908,14.98
43612,14.91
148476,14.91
103566,14.91
92024,14.91
206030,14.91
54791,13.96
228561,15.48
192591,14.91
132222,14.91
15380,14.91
51472,14.91
290814,14.91
250716,14.91
122489,14.91
26882,14.91
244266,14.91
209477,14.91
50139,13.96
133292,14.91
121174,14.91
174100,14.91
138998,14.91
277072,15.48
275531,14.91
62883,15.48
157317,14.91
154676,14.91
7027,15.13
43110,14.91
239981,15.13
120952,14.91
213343,14.91
174983,13.96
285761,14.91
263482,15.48
156372,14.91
268224,14.91
116495,15.48
114247,15.05
260927,14.91
61318,15.48
269877,14.91
9222,14.91
238039,14.91
62602,14.91
151001,15.48
258884,15.48
295246,15.05
170537,14.91
285131,15.48
248129,15.12
235516,14.91
216181,15.48
193522,14.91
14912,14.91
162742,14.91
290106,14.91
131538,15.48
82050,14.91
163120,14.91
292855,15.48
206721,13.96
109382,14.91
211716,15.48
61,14.91
100749,14.91
175914,14.91
128186,15.48
130404,14.91
129438,14.91
205775,15.05
16824,14.91
55695,14.91
257385,14.91
134370,14.91
90576,15.48
83390,15.48
50685,14.91
189887,14.91
74217,14.91
201963,14.91
141888,14.91
95416,15.48
241966,14.91
254923,15.48
256263,15.48
56667,14.91
154521,15.13
116532,14.91
165225,15.48
254333,15.05
4742,14.91
106011,14.91
245343,14.91
202093,14.91
192373,14.91
255907,13.96
145926,14.91
290196,15.48
245928,14.91
209662,13.96
155558,14.91
176843,14.91
206,14.91
159965,14.91
224111,15.48
190164,14.91
180800,15.48
221328,14.91
34917,14.91
146763,14.91
76384,15.48
39458,14.91
125644,14.91
122153,14.91
116335,15.48
39418,14.91
193139,14.91
220423,14.91
263795,14.91
228855,15.48
95403,15.05
142846,14.91
66590,15.48
77198,14.91
279655,13.96
223225,14.91
92284,14.91
108606,14.91
223856,14.91
26080,15.48
79345,14.91
194740,14.91
103734,14.91
187611,14.91
186052,14.91
77639,14.91
21110,14.91
200959,15.48
83752,14.91
64352,15.48
211046,14.91
61801,15.05
99348,15.48
18236,14.91
172135,14.91
91224,14.91
49072,15.48
175551,13.96
232047,14.91
16794,13.96
204472,14.91
262806,15.48
114872,15.48
256310,14.96
214119,14.91
166657,14.91
34697,15.48
145234,14.91
88500,14.91
22457,14.91
123475,15.48
173335,15.13
82271,14.91
180694,15.13
103710,14.91
45502,15.12
170757,14.91
108727,14.91
54352,14.91
84537,14.91
142932,14.91
59311,15.13
134814,14.91
293236,14.91
62436,15.48
132948,14.91
157157,15.48
77667,15.48
464,14.91
194925,14.91
166065,15.13
88561,14.96
174494,14.91
192684,14.91
176884,14.91
110469,14.91
125533,14.91
270314,14.91
136141,15.48
220311,15.48
231986,14.91
271578,14.91
105492,14.91
121568,14.91
25950,15.48
142467,14.91
120976,14.91
191869,14.91
180178,15.48
194134,14.91
23030,14.91
129654,15.48
33392,13.96
165919,14.91
119671,14.91
246781,14.91
7610,14.98
183800,15.13
94880,14.91
53559,15.48
33071,14.91
112011,14.91
64923,15.48
245073,14.91
103996,15.48
9993,14.91
224891,14.91
40109,14.91
163598,14.91
61653,14.91
255086,15.13
296246,14.96
177971,15.13
31272,15.48
221734,13.96
187528,14.91
290489,14.91
150133,14.91
242175,14.91
298195,14.98
138707,14.91
205406,15.48
73044,14.91
76110,14.91
99604,15.48
51253,14.91
165690,14.91
154337,14.91
139328,15.13
12000,13.96
232762,14.96
131548,15.48
39994,14.96
8768,14.91
193548,14.91
223471,14.91
16337,14.91
42575,14.91
24493,14.91
199077,14.91
184812,14.91
49752,14.91
49355,15.12
213558,15.48
120682,14.91
176273,15.05
286364,13.96
134188,14.91
405,14.91
73656,14.91
185257,14.96
266974,14.91
157945,14.98
51257,14.91
209615,15.48
149752,14.91
292671,13.96
195700,14.91
195156,14.91
123451,14.91
128311,14.91
257759,15.13
59958,15.48
254017,15.48
269196,15.48
238380,14.91
52715,14.91
163354,14.91
52747,14.91
150803,15.48
42112,14.91
55095,14.91
4578,14.91
120970,14.91
61811,15.48
137535,14.91
295468,14.91
192361,13.96
274942,14.91
106592,15.48
62545,14.91
117759,14.91
216155,15.48
122975,14.91
158794,14.91
288378,15.48
251142,15.48
199423,14.91
121303,14.91
17501,14.91
101599,14.91
100796,13.96
78124,14.91
112083,14.91
69007,14.91
165317,14.91
238876,14.91
125106,14.91
164618,14.91
215354,14.91
238667,13.96
118924,14.91
7682,14.91
151327,15.48
96136,14.91
292647,14.91
187565,14.91
291413,13.96
178249,15.48
270730,14.91
193328,14.91
292924,14.91
223889,15.48
124814,14.91
203359,14.91
30247,15.48
97096,14.91
217936,14.91
295387,14.91
20346,14.91
272817,14.91
242916,15.05
42511,15.05
173219,13.96
127165,15.48
280597,14.91
181606,14.91
94671,15.05
49870,14.91
94873,14.91
280063,15.48
177543,14.91
132358,14.91
26397,14.91
279437,13.96
109917,14.91
157457,14.91
105963,14.91
149135,14.91
298056,14.91
130122,15.48
225056,13.96
273527,14.91
242826,14.91
256986,15.05
176432,15.48
289377,14.91
164136,14.91
109639,14.91
189114,14.91
253195,15.48
270999,14.91
58590,14.91
244023,14.91
195918,14.91
252684,14.91
67566,14.68
18414,14.91
153742,14.91
279872,13.96
197168,14.91
176665,14.91
279894,13.96
272628,14.91
142409,14.91
94502,14.91
76184,15.48
266235,14.91
260675,15.48
220067,13.96
63825,14.91
216760,14.91
112518,14.91
278950,14.91
193889,13.96
299207,15.48
257457,14.91
153357,14.96
44629,15.48
258182,14.91
125570,14.91
282317,15.48
190433,14.91
232319,14.91
64851,15.16
99452,15.48
261895,14.91
64832,14.96
231782,15.48
161256,15.48
223330,14.91
49601,15.48
2876,14.91
155138,14.91
229504,14.91
152986,14.91
215519,13.96
248862,14.91
285702,15.05
14037,14.91
161160,14.91
39905,14.91
75258,14.91
42014,14.91
136437,15.48
164082,15.48
296419,14.91
259234,14.98
216681,13.96
14503,14.91
69758,15.13
184080,15.48
5752,14.91
253982,14.91
209810,14.91
150863,14.91
280966,14.91
64558,14.91
82995,15.48
275989,15.48
21563,14.91
284107,15.05
766,14.91
276697,15.48
254112,14.91
59975,14.91
199982,14.91
107713,14.91
81807,13.96
247880,15.05
216417,14.91
81611,14.91
271362,15.48
127306,15.05
2933,14.91
99930,14.91
196827,14.91
148753,14.91
186033,14.91
287055,14.91
167140,14.91
246064,15.48
115088,15.48
282168,15.48
13932,14.91
120106,15.48
98793,14.91
52697,15.48
272964,14.91
99047,15.48
162120,15.13
158715,14.91
82011,14.91
128335,14.91
1967,14.91
166523,14.91
37826,14.91
37629,14.96
188188,14.91
77311,14.91
215583,14.91
80472,14.91
52689,15.48
86943,14.96
229325,14.91
46136,14.91
322,15.48
274883,14.91
105327,15.48
132543,14.91
43928,15.48
298601,15.48
165976,15.48
197933,15.48
249511,15.48
185743,15.48
16498,14.91
119711,14.91
50520,14.91
187892,14.91
94127,14.91
275582,15.48
232115,14.91
244399,15.13
104379,14.91
54289,15.48
182780,14.91
247196,14.91
252338,15.05
6523,14.91
203605,14.91
149217,14.91
115750,14.91
45655,15.48
82485,14.91
137692,14.91
260149,14.91
133708,15.48
245867,14.91
61595,14.91
274840,14.91
60966,14.91
58956,14.91
31757,14.91
217852,13.96
227395,15.48
207089,14.91
52392,14.91
98437,15.05
266905,14.98
255767,15.48
198348,14.91
215425,14.91
182179,14.96
134784,14.91
113705,13.96
209592,14.91
90927,14.91
32353,15.48
265402,14.91
209772,14.91
184295,14.91
169591,15.12
10854,14.91
226219,15.48
173578,14.91
21278,14.91
19073,15.48
104031,13.96
223913,14.91
224762,14.91
263011,14.91
195003,15.48
246067,15.48
88127,15.48
109944,14.91
10498,15.48
292446,14.91
139168,14.91
131897,14.91
104615,14.98
247299,14.91
197701,15.05
138495,15.48
102938,14.91
105697,14.91
229011,14.91
120414,15.48
237053,13.96
184187,14.91
40290,15.48
10823,14.91
82140,14.91
67908,14.91
233843,13.96
243357,13.96
212197,14.91
206886,14.91
187268,15.48
30138,15.48
260198,13.96
206398,14.91
106197,14.91
245672,15.48
164446,15.05
197913,15.48
229013,14.91
165658,15.05
246645,15.48
215170,14.91
235833,14.91
280482,13.96
262982,15.48
274388,14.91
202751,13.96
82708,14.91
241237,14.91
185654,14.91
158990,14.91
251260,15.48
248943,15.48
275930,15.13
278914,14.91
298484,14.91
14455,14.91
78809,14.91
296834,14.91
25170,15.48
255886,14.91
97484,14.91
294713,14.91
15467,14.91
130159,15.48
225816,14.91
268444,15.05
92956,14.91
86715,14.91
108079,15.48
208675,14.91
162719,15.48
179459,14.91
56624,13.96
11373,14.91
112136,14.91
259875,14.91
78759,14.91
290699,14.91
53394,15.14
299315,14.91
107516,14.1
121138,14.91
101719,14.91
142404,14.91
191065,15.48
168688,14.91
70633,14.91
204116,14.91
67679,15.48
133349,14.91
80932,15.13
91349,15.48
247828,15.05
40617,14.91
114627,15.48
275570,14.91
257877,14.91
202407,15.48
131774,14.91
279019,14.91
102141,14.91
201099,13.96
102402,15.48
221819,14.91
172450,14.91
249081,14.91
143803,14.91
219942,15.48
149912,14.91
150120,14.91
239663,14.91
143919,14.91
17387,14.91
196098,14.91
240635,15.48
43740,14.91
297651,14.91
192106,13.96
31198,15.48
132127,15.48
88333,13.96
110939,14.91
213005,14.91
242527,14.91
232922,14.91
284365,15.48
119872,14.91
234459,15.48
148693,14.91
131181,15.48
237717,14.91
10241,14.91
66113,15.48
112996,14.91
49956,14.91
17836,14.91
78645,14.91
104779,14.91
17629,14.91
90911,14.91
164261,14.91
63594,14.91
90726,15.05
277889,14.91
36557,14.91
147257,14.91
212680,14.91
72845,14.91
17724,15.48
62145,15.48
9970,14.91
283151,14.91
162279,14.91
133160,14.91
50153,14.91
162345,14.91
62163,15.48
193729,14.91
131386,15.48
91906,14.91
253314,14.91
108260,15.48
148244,13.96
265184,15.13
130033,14.91
15646,14.91
95901,15.48
3056,15.05
283770,14.91
236520,14.91
110407,14.91
16513,14.91
89136,14.91
260221,15.48
17575,14.91
112390,14.98
174397,14.91
197957,13.96
2433,14.91
173681,15.48
263204,15.48
298868,14.91
55910,14.91
288129,15.48
243732,14.91
168127,13.96
288527,15.48
86297,14.91
17136,15.48
98903,15.05
120591,15.48
23543,14.91
289774,13.96
275859,14.96
56766,14.91
130893,13.96
191753,14.91
224765,13.96
143179,14.91
205121,14.91
209582,14.91
169308,14.91
227767,15.48
139864,13.96
12507,15.48
75541,14.91
258967,14.91
110263,14.91
234814,14.91
39219,14.91
66614,14.91
269768,15.48
250562,14.91
86929,14.91
160578,15.48
200998,14.91
110756,15.48
97030,14.91
209115,14.91
171834,15.05
237506,14.91
85189,14.91
285744,14.91
195570,14.91
52271,14.91
114628,15.48
63430,14.91
142194,14.91
17160,15.12
101475,14.91
178927,14.91
101958,14.91
66337,14.91
207788,14.91
76349,15.48
56639,15.48
46425,15.48
162123,15.48
141984,14.91
60670,15.05
264958,14.91
106927,15.48
114362,14.91
33318,14.91
148080,15.48
70367,14.98
10511,14.91
85931,14.91
88728,15.48
126795,14.91
167189,14.91
42474,14.91
171943,14.91
171749,15.48
144031,14.91
45773,15.13
286288,14.91
112983,13.96
140237,15.48
100624,14.91
88101,14.91
40277,15.48
140587,14.91
224099,15.48
260353,14.91
174630,14.91
142393,14.91
134327,14.91
290193,14.91
224088,15.48
264537,14.91
32891,14.91
32624,14.91
289494,14.91
228248,14.91
267804,14.91
195407,14.91
138763,15.12
216608,14.91
94204,15.48
107219,13.96
34906,14.91
217116,15.05
32444,14.91
287588,14.91
194833,15.13
69563,14.91
30620,14.91
267288,14.91
50820,15.48
284678,14.91
196494,14.91
217581,14.91
50807,14.91
72256,15.12
242505,15.48
215195,14.91
287802,14.91
28567,14.91
46806,14.91
94110,14.91
38903,14.91
258194,14.91
171181,14.91
40110,14.91
116371,15.05
42793,15.12
178929,15.05
60342,14.91
165508,14.91
295126,14.91
236865,15.48
101408,14.91
284426,14.91
85636,14.91
174907,14.91
167369,14.91
55967,14.91
130699,14.91
33985,15.48
283013,14.91
233788,15.48
182921,13.96
206127,14.91
17790,14.91
167943,14.91
134798,14.91
47570,14.91
149868,14.91
46758,14.91
169642,15.48
71776,15.13
99735,14.91
229954,14.91
292675,15.13
232379,14.91
142489,14.91
63158,15.48
38443,14.91
189860,14.91
114698,14.91
150455,14.91
72987,14.91
209961,15.48
277959,14.91
131365,14.91
77170,14.91
231661,14.91
15006,15.13
295289,15.48
51959,14.91
265156,14.91
26670,15.48
185982,14.96
85809,14.91
153090,14.91
18410,14.91
31951,14.91
104528,14.91
266701,14.91
109547,14.91
278420,15.48
107336,15.48
111899,14.91
264116,15.13
251766,14.91
160564,14.91
251941,15.48
202197,14.91
21738,14.91
188971,14.91
4949,14.91
88708,15.05
147221,14.91
220372,13.96
14427,14.91
260369,14.91
129223,15.05
149314,14.91
129645,14.91
117019,15.48
111306,14.91
34648,14.91
58910,14.91
232170,15.13
278966,15.48
74762,14.96
52817,14.91
240756,14.91
141026,14.91
240397,14.91
43804,15.48
127275,15.13
202339,14.91
244551,13.96
207272,14.91
78310,15.48
28648,15.48
242967,14.91
296920,15.48
3381,14.91
296790,15.13
231451,15.13
218421,14.91
225575,14.91
149412,14.91
224405,14.91
145124,14.91
96990,15.05
277771,14.91
261373,14.91
146806,14.91
8809,14.91
97442,15.48
240354,14.91
272754,15.05
94996,15.48
204259,14.91
259012,15.05
100940,13.96
158528,14.91
10333,14.91
88277,14.91
42188,14.91
192568,14.91
84725,15.48
65603,15.48
230519,15.48
177206,15.13
289122,15.48
195635,14.91
142295,14.91
51963,14.91
2158,14.91
286985,14.91
247527,14.91
99166,15.05
211038,15.13
171283,13.96
230345,13.96
241948,13.96
183241,15.48
295978,15.05
6123,14.91
91058,14.91
268025,15.48
274396,15.48
48130,14.91
9728,14.91
102791,13.96
256633,14.91
34455,14.91
263730,15.48
70314,14.91
128842,14.91
91886,15.48
187192,14.91
67057,14.91
1478,13.96
60818,15.48
250439,15.48
207668,15.48
158929,15.48
17238,14.91
29885,14.91
105427,15.05
168989,15.05
236778,14.91
37590,14.91
207227,15.48
76662,14.91
18005,14.91
237322,14.91
147154,14.91
297768,15.48
165,14.91
103226,14.91
243184,14.91
23629,14.91
11281,14.91
234679,15.48
27674,14.91
269246,14.91
99545,14.91
54951,14.91
283609,14.91
251112,15.13
298602,15.48
165624,15.48
140879,14.91
58610,14.91
101731,14.91
120999,14.91
204137,15.48
169062,14.91
32358,14.91
24260,14.98
143921,14.91
174852,14.91
165867,14.91
135616,14.91
210357,14.91
95587,14.91
110422,14.91
36594,14.91
83671,15.48
176411,15.48
148539,15.48
298520,14.91
90229,15.48
293035,14.91
77285,15.12
55784,15.48
296116,14.91
137677,15.05
161883,15.48
70461,14.91
75583,14.91
9138,14.91
80140,15.48
141410,14.96
1441,14.91
176977,14.91
135320,14.91
61094,14.91
145592,14.91
246066,14.91
65579,14.91
257890,15.48
141101,14.91
257900,14.91
167332,14.91
278207,14.91
12895,14.98
6556,15.05
150615,14.96
115147,14.91
71601,15.48
161709,14.91
254886,14.91
279024,15.48
144093,14.91
177889,15.12
178551,14.91
254765,13.96
103366,15.13
10198,14.91
204630,14.91
13343,15.48
184237,14.91
181556,15.05
265008,15.48
132867,14.91
281248,14.91
90239,14.91
162678,14.91
277322,14.91
68216,14.91
282022,14.91
246823,15.48
246807,13.96
151153,15.48
93773,14.98
186082,14.91
190768,14.96
262930,15.05
177112,15.05
235080,14.91
298573,14.91
114417,15.48
107054,14.91
95524,14.91
117468,15.48
138168,14.91
150950,15.48
86047,14.98
38396,14.91
5509,15.48
36086,15.48
38893,14.91
204700,13.96
145904,14.91
294830,13.96
28138,14.91
196433,14.91
183543,14.91
141583,15.05
134692,14.91
96168,14.91
108089,14.91
195062,13.96
193689,14.91
292414,14.91
272165,14.91
202172,14.91
91760,14.91
204757,14.68
276796,14.91
231646,15.48
272484,14.91
223440,15.48
225149,14.91
219681,14.91
136780,15.05
32623,13.96
63104,14.91
6204,13.96
269829,14.91
201842,14.91
52565,14.91
155163,14.91
281937,15.48
121579,14.91
10340,14.91
90432,14.91
234599,14.91
260980,14.91
52279,14.91
294679,14.91
9,14.91
3359,14.91
293008,14.91
184733,14.91
206299,13.96
266123,14.91
177884,14.91
199510,15.48
23913,14.96
47359,14.91
166616,15.48
19717,14.91
80406,13.96
40416,15.48
169018,15.05
213228,14.91
212075,14.91
13005,14.91
173944,14.91
216138,14.91
264452,14.91
139659,14.91
203120,15.48
102144,14.91
281448,14.91
230112,14.91
265373,14.96
2887,14.91
18259,15.48
73795,15.48
114485,14.91
188790,15.05
280970,14.91
294453,14.91
13258,14.91
141117,15.48
291370,14.91
197180,14.91
126183,15.12
133723,14.91
189962,15.13
218434,13.96
49911,14.91
119135,14.91
12752,14.91
102447,14.91
36313,13.96
267769,14.91
128966,14.91
271943,14.91
162787,15.12
137370,15.48
72695,14.91
297095,15.05
12848,13.96
250384,14.91
50080,14.91
75613,14.91
114149,15.48
26257,14.91
176224,15.48
174527,14.91
274485,14.98
100100,14.91
244160,15.13
170224,14.91
174217,14.91
163896,15.05
179714,14.91
297928,14.91
160315,14.91
244743,15.48
182518,13.96
286997,15.48
61415,14.91
182030,14.91
187340,15.48
185027,14.91
217795,15.48
60735,14.91
85849,14.91
241339,15.48
89761,15.05
127997,15.13
291969,15.48
141756,14.91
69025,14.91
91435,15.48
140503,14.91
87247,14.91
233236,14.91
18562,14.91
218774,14.91
230949,14.91
110462,14.91
176198,14.91
1602,14.91
110508,14.91
36074,15.05
175994,14.91
222646,15.05
74299,14.91
206439,15.48
62396,15.48
130095,14.91
292249,14.91
297631,14.91
82448,15.48
212105,14.91
6585,15.48
226319,15.48
2394,14.91
141032,15.48
269819,14.91
190686,15.12
42750,14.91
50642,13.96
278922,14.91
166313,15.48
17796,15.48
57294,15.48
4619,14.91
97891,15.13
198944,15.48
69263,14.91
28099,14.91
155239,15.48
128657,15.48
239898,14.91
210422,15.48
223914,14.91
27966,14.91
201476,14.91
231605,14.91
41014,15.05
28139,14.91
210256,14.91
202995,14.91
120796,15.48
116328,15.48
51698,14.91
144038,14.91
209664,14.91
187071,15.13
193503,15.48
30839,14.91
192312,15.48
92567,14.91
14861,14.91
2077,14.91
83078,14.91
127623,15.48
232112,14.91
165911,14.91
156716,14.91
159823,14.91
268914,14.91
283935,14.91
87441,14.91
109825,14.91
232588,14.91
130057,14.91
294614,15.13
34466,14.91
157521,13.96
296567,14.98
69033,15.48
103327,14.91
47120,14.91
128506,14.91
286909,14.91
240832,14.91
287163,14.91
140100,15.13
10776,14.91
226983,15.48
52231,14.96
54838,14.91
111949,14.91
285630,15.16
712,14.91
289306,14.91
127,15.48
100164,14.91
134629,14.91
277772,14.91
291109,14.91
229162,15.48
168097,14.91
28378,14.91
40497,14.91
71032,15.48
267316,13.96
99602,15.48
49717,15.13
158850,14.91
52395,14.91
293510,14.91
70794,14.91
46759,15.48
187425,14.91
207991,14.91
180674,14.91
287373,15.13
292298,14.91
35986,13.96
84871,14.98
99553,15.48
117479,15.48
160499,14.91
153057,15.05
57365,14.91
186328,14.91
148714,14.91
174415,15.48
295889,15.48
37485,14.91
168188,14.91
220267,14.91
225154,14.91
90598,15.48
78679,14.91
136264,15.48
40881,13.96
106481,15.48
102597,14.91
55373,14.91
168240,14.91
261423,14.91
269338,15.48
195554,14.91
144039,14.91
84960,14.91
153933,14.91
15371,14.91
63485,14.91
295620,15.48
173344,14.91
272814,14.91
121984,14.91
32671,15.48
169313,14.91
176407,14.91
207230,15.05
280917,15.48
86242,15.48
165753,14.91
66908,14.91
20149,14.91
218868,14.91
57618,14.91
63052,15.48
247100,14.91
228321,15.48
24012,14.91
291221,14.91
106532,14.91
25326,14.91
3186,13.96
237459,14.91
249021,14.91
13973,15.05
99824,15.48
56267,14.91
105060,14.91
43494,14.91
249343,14.91
115694,15.48
140011,15.48
14646,15.48
82597,14.91
4508,14.91
8240,14.91
205748,15.48
129669,13.96
212821,14.91
289539,14.91
84541,14.91
278406,14.91
242912,15.48
27791,14.91
41601,14.91
143581,14.91
38861,14.91
142977,14.91
78048,14.91
210642,14.91
56703,14.91
64068,14.91
142955,14.91
241513,15.48
208464,15.48
294800,15.13
257520,14.91
139306,14.91
155555,15.48
283384,15.05
98586,15.48
214974,14.91
106473,14.91
39319,14.91
295171,14.91
171329,14.91
99390,14.91
42063,15.48
71956,14.91
101621,14.91
191145,14.91
166717,14.91
159642,14.91
290641,15.48
93903,14.91
36999,14.91
94063,14.91
126612,14.91
10664,14.91
148816,14.91
259604,14.91
169275,14.91
256543,14.91
173192,14.96
296036,15.48
12387,14.91
45571,14.98
147999,14.91
224331,14.91
234146,15.13
26938,14.91
253533,14.91
273145,15.05
99973,15.12
280006,15.48
158848,14.91
211337,14.91
69349,14.91
135349,15.48
139856,15.48
253530,14.91
243978,14.91
37346,15.05
157077,15.48
106158,14.91
181619,14.91
119880,14.91
1256,14.96
228827,15.48
292682,14.91
149120,14.91
253580,14.91
275562,15.12
299185,14.91
188753,14.91
157965,15.05
49372,15.48
19114,14.91
29410,14.91
177324,13.96
272402,15.13
280624,15.13
120144,15.48
191070,14.91
51501,14.91
231912,15.48
156610,15.48
103718,14.91
135661,15.48
250993,14.91
16706,14.91
247799,15.13
183494,14.91
1667,14.91
228165,15.48
11079,14.91
175967,15.48
232269,15.09
111326,14.91
277081,14.91
228155,13.96
16860,15.48
2285,14.91
57891,15.48
133601,15.48
25472,14.91
200397,14.91
31567,14.91
261148,14.91
275095,14.98
218039,15.48
49571,14.91
125005,14.91
112714,14.91
54580,14.91
277597,14.91
46392,14.91
30790,14.91
172014,14.91
255529,15.48
137144,15.48
115399,15.48
165454,14.91
276435,15.48
133776,14.91
290221,15.48
33581,14.91
266362,14.91
266112,14.91
11844,14.91
233398,14.91
59368,14.91
171695,14.91
287980,14.91
171014,15.48
243199,14.83
294185,14.91
221833,14.91
191978,15.05
72169,14.91
264207,14.91
262820,15.48
149977,14.91
135001,15.48
90489,14.91
189341,15.05
32211,14.91
165294,14.91
37773,14.91
195844,14.91
83501,14.91
136425,14.91
282302,14.96
287579,14.91
224008,15.48
132155,14.91
133990,14.91
284280,14.96
217550,14.91
59142,15.05
206916,14.83
274277,14.91
33404,15.48
190647,15.05
285011,15.48
179470,15.48
73720,14.91
14657,14.91
21734,14.91
52113,14.91
71677,14.91
49168,15.48
160848,14.91
103368,14.91
105338,14.91
125504,15.48
116690,14.91
127153,14.91
217374,15.48
50158,14.91
126302,15.48
62860,14.91
105087,14.91
226604,14.91
5938,14.91
26445,14.91
275139,14.91
134568,15.48
258145,15.05
91949,14.91
116691,14.91
94349,15.13
255986,14.91
232947,14.91
162874,15.05
110954,14.91
191067,15.48
259846,14.91
20803,14.91
237558,14.91
202667,15.48
238080,14.91
1666,14.91
96486,14.91
219439,13.96
287979,14.91
116350,14.91
42122,14.91
105803,15.13
298987,14.91
225317,14.98
184629,15.48
176830,14.96
59407,14.91
192049,15.05
642,14.91
77293,15.16
142986,14.91
119208,14.91
194075,14.91
227769,14.91
107543,13.96
82418,15.48
6441,14.91
33752,14.91
233917,14.91
207215,14.91
139465,14.91
104881,13.96
179862,14.91
256396,13.96
273909,14.91
108533,13.96
194743,15.05
219178,14.91
28693,14.91
174274,15.48
69348,14.91
219565,15.48
143714,14.91
110156,14.91
257382,14.91
54411,14.91
108328,14.91
477,13.96
202804,15.05
22603,14.91
128482,15.48
141831,14.91
62269,14.91
79974,14.91
128957,14.91
295201,14.91
95412,14.91
250316,14.91
48158,14.96
197686,14.91
276710,14.91
168670,14.91
119056,14.91
138166,14.91
202383,14.91
19888,14.91
21493,15.48
131388,14.91
221022,14.91
293863,14.91
80021,15.48
246977,13.96
23078,14.91
187445,15.48
111254,14.91
197773,14.91
293610,14.91
240595,15.48
157114,15.48
57103,15.48
277588,14.91
252391,14.91
228602,15.48
188158,14.91
72687,14.91
9777,14.91
170357,14.91
180410,15.48
278729,13.96
117092,14.91
248378,14.91
4685,15.48
50768,14.91
134499,15.48
220002,15.05
204013,14.91
41165,15.48
194055,14.91
10757,14.91
249866,14.91
192800,15.13
200378,14.91
293324,14.91
129432,15.48
131285,15.48
12648,15.48
140792,15.48
74707,15.48
218310,14.91
94520,13.96
196504,14.91
85964,15.48
227726,14.91
196222,14.91
236421,14.91
268767,14.96
28,14.91
276209,14.91
285305,15.48
7346,15.13
263154,14.96
220104,14.91
176708,14.91
144705,14.91
201089,15.48
269542,14.91
244146,14.91
207975,14.91
159190,15.13
176598,14.91
116698,15.48
188522,14.91
148520,14.91
66067,15.48
55551,14.96
150150,15.48
69077,14.91
100127,15.48
29788,14.91
170366,14.91
297830,14.91
24967,14.91
174569,14.91
71421,14.91
138387,15.13
243924,15.48
203823,15.48
18843,14.91
139154,14.91
250435,14.91
184300,13.96
223176,14.91
203596,14.91
242451,14.91
25641,15.48
139880,14.91
213144,14.91
82300,15.48
136013,15.48
266719,15.48
102769,15.48
79274,15.12
89902,14.96
280299,14.91
142251,14.91
205381,14.91
9107,14.91
276663,15.48
215552,14.91
58104,15.48
239108,15.48
8656,14.91
263669,14.91
71262,15.48
241594,15.48
27784,15.13
165328,15.13
286756,14.91
16893,14.91
27236,14.91
133046,14.91
126476,14.91
81335,14.91
2900,15.48
203545,14.91
139561,14.91
161492,14.91
74799,14.91
182705,15.13
82770,14.91
97020,15.48
139476,13.96
200369,15.48
235809,15.48
243624,14.91
7607,14.91
97128,15.48
20426,14.91
107158,15.48
102241,14.91
3085,14.91
149466,14.91
51365,14.91
131346,15.48
33810,14.91
219056,14.91
135761,14.91
189618,14.91
224354,14.91
201757,13.96
208143,15.48
33277,14.91
70082,14.91
88687,14.91
116118,14.91
194767,15.05
92209,14.91
144945,14.91
18292,14.91
242133,14.68
180754,14.91
23773,14.91
189997,15.05
152142,14.91
282219,14.96
251754,14.91
126317,15.48
1754,14.91
226581,14.91
75900,15.48
100951,15.48
117493,14.91
154937,15.05
214519,14.91
36887,15.48
132929,14.91
14836,14.91
226602,14.91
61563,14.91
35248,15.48
138411,15.48
113990,14.91
133008,15.48
120368,15.48
134913,15.48
190454,15.13
194365,14.91
124792,14.1
259703,14.91
134754,14.91
216193,14.91
196100,14.91
270614,14.98
245657,15.48
272213,14.91
284600,15.05
5519,14.91
169871,14.91
249673,14.91
4287,14.91
283349,15.05
200205,15.48
83792,14.91
57817,14.91
221425,14.91
69759,14.91
35829,14.91
101589,14.91
277490,14.98
18169,14.91
86087,14.91
70413,14.91
200273,14.91
21876,14.91
261000,15.48
140358,13.96
183320,14.91
51389,15.48
176834,14.96
225892,15.48
85822,15.05
163358,14.91
140728,14.91
94191,14.91
86301,15.48
125278,14.91
118169,14.91
24377,14.91
193663,14.91
247266,14.91
264544,15.48
152610,15.05
259944,14.68
70926,14.91
183807,15.48
190916,15.48
214568,15.48
145692,14.91
69729,14.91
264789,15.48
61773,14.91
221583,15.48
143089,14.91
65556,15.48
207081,15.48
87230,14.91
233415,14.91
32142,15.48
67014,14.91
63445,14.91
65807,14.91
289903,14.91
255633,14.91
279028,15.48
80503,14.91
233613,14.91
147906,14.91
245994,15.05
169294,15.12
75371,15.05
175959,15.48
298589,13.96
261874,13.96
67374,15.48
38774,14.91
98788,14.91
120389,14.91
17894,14.91
143059,14.91
188813,15.48
60758,14.91
291643,15.48
53494,15.05
199044,15.48
136196,15.12
270753,14.91
169316,14.91
49240,14.91
109319,14.91
244403,14.91
287773,14.91
180472,15.05
218763,14.91
239895,14.91
133553,15.48
242371,15.48
201265,14.91
191488,14.98
172281,15.48
20327,14.91
87214,14.91
114234,14.91
256926,14.91
12583,14.91
250292,15.48
88286,14.91
226674,14.91
169190,14.91
8280,14.91
263709,14.91
7375,14.91
6742,15.48
264846,14.91
230446,15.48
165679,15.05
247213,14.91
227896,15.05
28549,14.91
4878,14.91
208641,14.91
101576,14.91
15836,14.91
188410,15.48
265526,14.91
30562,15.48
126656,14.91
153345,15.48
283852,14.91
284862,14.91
204559,15.05
7412,15.48
202102,13.96
259892,14.91
279221,13.96
35581,14.91
105319,14.91
145076,14.91
262942,15.48
168282,14.91
32091,15.48
256839,14.91
178877,14.91
160264,15.48
213906,15.05
105731,15.05
93679,13.96
225795,15.48
70905,15.48
79856,14.91
36720,14.91
90101,14.91
137497,14.91
107903,15.48
46627,14.91
166113,15.48
46228,15.48
150611,14.91
159197,14.91
99225,14.91
26426,14.91
161595,15.48
181580,15.13
44543,14.91
112128,15.48
151337,15.48
192082,13.96
144982,14.91
277389,14.91
248393,14.91
290796,14.91
146076,14.91
58536,15.48
232671,14.91
228852,15.48
155805,14.91
128851,14.91
68574,14.91
283784,13.96
276239,14.96
130665,15.48
224785,14.91
163274,14.91
151272,14.91
125760,14.68
93404,15.12
63424,13.96
292362,15.48
116530,14.91
239596,15.48
84573,15.48
291962,13.96
143578,14.91
95789,15.48
160762,14.96
221271,15.05
92806,15.48
61490,14.91
156357,13.96
219494,14.91
278552,14.91
210332,14.91
247227,14.91
207270,14.91
252085,14.91
162140,15.48
236102,14.91
122412,14.91
61459,14.91
40753,15.48
166153,15.48
217558,14.91
209184,14.91
126381,15.48
177624,14.91
237748,15.48
40939,14.91
155479,14.91
189486,14.91
77420,15.48
293692,14.91
275346,14.96
26765,14.96
159681,14.98
109645,15.05
173489,14.98
212887,13.96
294010,15.05
88521,15.48
154016,14.91
186957,14.91
94064,14.91
21853,14.91
7090,14.91
196466,14.91
132858,14.91
175104,14.91
82242,15.48
23879,14.91
19508,14.91
207774,14.91
282416,15.48
36031,14.91
203512,15.48
285477,15.48
197871,15.48
64575,14.91
211605,15.48
124030,15.48
256269,15.05
256193,14.91
295914,15.48
88349,15.48
8906,15.48
84066,15.48
34970,14.91
22632,15.48
114218,14.96
162228,14.96
174921,14.91
59145,14.91
124388,14.91
187078,14.91
131270,14.91
124723,14.91
88678,15.48
175808,14.91
29322,13.96
267686,13.96
299087,13.96
223481,15.48
163568,15.48
174227,14.91
90920,14.91
178582,14.91
205304,15.48
62704,15.48
241632,14.91
263157,15.13
68884,14.91
256265,15.48
261215,14.91
133472,14.91
261167,15.12
202214,14.91
272542,14.91
169233,15.13
188970,14.91
290301,13.96
16223,14.91
280611,14.91
120746,14.91
43907,14.91
78244,13.96
68295,14.91
92940,14.96
1644,14.91
115450,14.91
109248,14.91
121719,14.91
169236,14.91
45004,15.48
155072,14.91
35323,14.96
64390,15.05
274456,14.91
156155,14.91
29887,14.91
214541,13.96
263004,15.48
11735,15.48
277435,14.91
1450,14.91
102612,14.91
204903,14.91
165026,15.48
54836,13.96
113463,15.48
99395,15.48
89104,14.91
115361,15.48
136371,15.48
212170,14.91
152964,15.48
137613,14.91
226558,15.48
61255,14.91
176890,14.91
203930,14.91
114982,15.48
102269,14.91
281538,14.91
271522,14.91
201735,15.48
213938,14.91
38334,14.91
15217,15.05
95646,14.91
125817,15.48
196851,14.91
39061,15.48
99381,14.91
214256,15.48
268838,15.48
158735,15.48
264943,15.48
80161,15.48
93623,15.48
44742,14.91
214197,15.48
2689,14.91
73580,15.05
50335,15.48
233121,14.91
69228,14.91
201509,14.91
76108,14.91
270997,15.05
103911,14.91
13529,15.48
194137,14.96
185634,14.91
82829,14.91
13541,15.48
88657,14.91
17258,14.91
183180,15.48
61386,14.91
200381,14.91
58703,14.91
239363,15.48
186439,14.91
287626,15.48
48273,14.91
100478,15.48
137001,14.91
134867,14.91
299198,15.48
181705,14.91
137519,14.96
125073,14.91
177388,14.91
208526,15.48
82914,14.91
68732,14.91
216035,14.91
5073,14.91
33707,14.91
135708,15.48
283956,14.91
95677,14.91
446,15.48
160362,14.91
30869,14.91
59473,14.91
142974,14.91
197680,14.91
237607,14.91
212563,14.91
296591,15.48
286001,14.91
7083,14.91
116130,15.48
279012,14.91
6104,14.91
151634,14.96
23367,15.48
289108,14.91
127715,14.91
137789,15.48
117200,15.12
251669,14.91
47249,13.96
287640,14.91
89113,14.91
149581,14.91
112546,14.91
271603,15.12
76961,14.91
269854,14.91
227184,15.48
237980,14.91
192024,14.91
180182,14.91
204504,14.91
21961,14.91
153008,15.48
126589,14.91
57585,15.48
121855,15.16
38543,14.91
217633,14.91
133991,14.91
225836,14.91
35083,14.91
144703,15.13
58388,15.48
96032,15.48
7182,14.91
226803,15.48
112470,14.91
212804,14.91
88854,14.91
224996,14.91
191969,14.91
223686,15.48
94701,14.91
29890,15.48
59751,14.91
94678,15.13
276574,14.91
116339,15.48
295496,15.13
79550,15.13
174297,15.05
9209,14.91
169466,14.91
230056,14.91
53131,14.91
196424,14.91
60879,15.13
131634,14.91
160877,14.91
68263,14.91
249742,14.91
30293,14.91
289067,14.91
25599,13.96
250249,15.48
122290,15.48
94865,15.48
90318,15.05
88844,15.05
221737,14.91
35179,14.91
197841,14.91
239126,14.91
290910,14.91
176190,15.48
14767,13.96
28207,15.48
68810,15.48
213084,14.98
97884,15.48
250457,14.91
13834,15.48
44502,14.91
20989,14.91
193229,14.91
52644,14.91
248106,13.96
275907,13.96
83255,14.91
179206,14.91
18257,14.91
158216,15.13
249035,14.91
74680,14.91
38222,14.91
63440,15.48
273804,15.05
215198,15.48
135226,14.91
202730,14.91
158201,14.91
143617,14.91
245604,14.91
226488,15.48
223483,15.48
217654,14.91
215581,15.48
242148,14.91
86634,14.91
97701,14.91
167272,14.91
103729,14.91
61065,14.91
270809,15.48
6940,14.91
87934,14.91
57285,15.48
121094,14.91
58088,13.96
180816,14.91
132240,15.48
57485,15.48
259447,14.91
125311,14.91
87135,14.91
60581,14.91
72571,15.05
223367,14.91
35309,14.91
53110,14.91
290557,14.91
175985,15.05
251954,14.91
94316,15.05
294588,14.91
206552,15.48
133282,15.48
167324,14.96
229370,14.91
94295,14.96
170359,14.91
19544,14.91
64078,14.91
9812,14.91
36025,14.91
296515,14.91
234914,14.91
212248,14.91
168865,14.91
96399,14.91
71480,14.91
218369,14.91
29089,14.91
215410,15.48
252914,15.05
21159,14.91
284961,14.91
267230,15.48
269463,15.48
61372,15.48
230856,15.48
31340,14.91
219899,14.91
279422,13.96
214252,15.48
127722,14.91
288299,14.91
126748,14.91
234478,15.48
26848,14.91
76762,14.91
200439,14.91
133136,14.96
207321,15.48
28824,14.91
85133,14.91
173635,14.91
177492,15.48
20714,14.91
114398,14.91
56144,14.91
118549,14.91
82199,15.48
59935,14.91
177970,15.48
285266,15.48
241560,14.91
232249,15.05
206944,15.48
118235,14.91
298080,15.48
155465,15.48
97118,14.91
37544,14.91
175647,15.48
150037,15.48
37755,14.91
234754,14.78
1401,14.91
41778,14.91
274236,14.91
95194,14.91
39191,14.91
189475,15.05
263227,15.05
54581,15.48
93693,15.48
32127,15.48
165963,14.91
296602,15.48
175063,14.91
181947,14.91
60560,15.48
266189,15.48
299233,14.91
157981,14.91
278856,14.91
80512,13.96
143300,15.05
124667,14.91
152327,15.48
197815,14.91
122645,14.96
275580,14.91
75672,14.91
229544,15.48
128774,14.91
102314,14.91
275938,14.91
28066,15.48
192493,15.48
29240,14.91
8103,14.91
27538,13.96
147157,13.96
91419,15.48
266632,14.91
166312,15.13
94299,15.48
76405,14.91
137303,15.48
285414,14.91
177708,15.13
51043,14.91
288794,14.91
260019,14.91
277971,14.91
286964,14.91
119220,15.48
51910,14.91
169918,15.12
104954,14.91
76943,14.91
246377,14.91
57126,14.91
236274,14.91
134300,14.91
129391,14.91
104133,15.48
149818,14.91
154725,14.91
160630,14.91
126120,15.13
213654,14.91
261783,14.91
25802,14.91
192014,15.48
79339,14.91
95311,13.96
64201,14.91
44999,14.91
216963,14.91
129769,14.91
97112,15.48
31020,15.48
295498,14.91
67347,13.96
198609,15.48
83836,15.48
146057,14.91
161695,15.48
132403,14.91
285765,13.96
116417,14.91
292411,14.91
279449,13.96
201995,14.91
144452,15.13
145793,14.91
232806,15.48
142081,14.91
295258,13.96
87880,14.91
150643,15.48
139849,13.96
20376,14.91
298759,15.48
123698,14.91
174317,14.91
196177,14.91
94247,15.13
111129,14.91
176776,14.91
191571,15.48
242807,15.05
105380,14.91
37273,15.48
185931,14.91
247961,14.91
277468,14.91
39301,14.91
201193,14.91
245189,14.91
223820,14.91
50053,13.96
10408,14.91
107199,14.96
266870,14.91
282695,14.98
33334,15.48
268834,15.48
129326,14.91
46462,14.91
175948,15.48
289743,14.91
55747,14.91
142350,14.91
113807,13.96
30127,14.91
190124,14.91
139899,15.48
77469,14.91
48280,15.48
170427,15.48
160261,14.91
36280,14.91
196606,14.91
109717,14.91
20337,14.91
152054,15.48
212817,15.48
10778,14.91
220138,15.48
285999,13.96
171454,14.91
121697,14.91
166390,14.91
282582,15.48
96893,15.12
265460,15.48
137881,15.12
213314,15.48
83910,14.91
102054,14.91
111162,15.13
84626,15.48
51881,15.48
120732,15.48
193592,14.91
288745,14.91
29822,14.91
172557,13.96
86926,14.91
158916,14.91
195015,15.48
135178,14.98
124027,13.96
219528,14.91
242894,15.48
225690,14.91
255910,14.91
37952,15.48
154402,14.91
246779,15.48
63419,14.91
92294,14.91
2802,14.91
87123,14.91
168062,15.48
142969,14.91
174763,14.91
205686,14.91
192288,15.48
48230,15.48
89798,14.91
98292,13.96
174649,14.91
106829,14.91
230762,14.91
283285,15.05
56529,14.91
48683,14.91
38455,15.48
59872,14.91
175264,14.91
279779,15.48
240080,15.48
26587,15.48
291831,15.48
21575,15.48
82280,14.91
259758,14.91
68081,14.91
100622,14.91
173496,14.91
95980,15.48
30251,14.91
130622,14.91
221570,14.91
255613,13.96
248671,14.91
187364,14.91
101643,14.91
112646,15.05
215615,15.13
278603,14.91
135690,15.48
31990,15.48
26135,14.91
253410,14.91
210559,14.91
23035,14.91
247250,14.91
56019,14.98
297597,14.91
110388,13.96
58847,14.91
21579,15.05
261956,14.91
256096,14.91
10980,14.91
173691,14.91
33583,15.05
232905,15.48
112758,14.91
162910,15.48
244690,14.91
162712,14.91
221664,14.91
88786,14.91
294793,14.91
247106,14.91
216284,15.48
172335,14.91
261220,14.91
289303,14.91
169714,14.91
285151,15.48
228664,15.48
160450,14.91
182698,14.91
247271,15.48
191125,14.91
32407,14.75
222959,14.91
83648,14.91
51680,15.48
94101,13.96
175222,15.48
209558,14.91
201066,14.91
97949,13.96
52996,14.91
101672,14.91
213256,14.91
295364,14.91
71952,15.48
201101,14.91
128002,14.91
15074,15.48
244333,14.91
219693,14.91
295023,14.91
86386,15.48
188378,14.91
252117,14.91
298809,14.91
44473,15.48
62865,14.91
105921,15.48
155564,15.48
9566,15.48
184118,14.91
81356,14.91
213183,15.13
117570,14.91
108052,14.91
145974,14.91
211715,15.48
275504,13.96
27602,15.48
183250,13.96
239954,14.96
161465,15.48
170033,14.91
163279,14.91
128917,15.48
16001,15.48
197012,14.91
59649,14.91
169754,15.48
142638,14.91
119437,15.48
27581,14.98
53927,14.91
148137,15.48
120953,14.91
136132,13.96
159898,15.48
73370,15.48
193336,14.91
278041,14.91
123242,14.91
3818,14.91
3204,15.48
151543,14.91
49412,15.48
46582,15.48
41782,15.48
27348,15.13
11080,15.48
236282,14.91
222651,14.68
52725,14.91
122240,14.91
206221,14.91
150686,14.91
148254,14.91
216420,14.91
152289,14.91
243461,14.91
179098,15.48
49386,14.91
12781,13.96
44415,15.48
140033,14.91
267532,14.91
1992,14.91
91124,15.48
283779,15.05
69037,14.91
273621,15.48
95959,14.91
186960,14.91
178290,14.91
204499,15.48
8062,14.91
96961,15.48
199807,14.91
8320,15.48
182366,14.91
89103,14.91
288419,15.05
217879,15.48
47883,14.91
8265,14.91
118098,14.91
243149,14.91
33106,14.91
70473,14.91
238110,14.91
270090,14.91
3730,14.91
277744,13.96
85888,14.91
92075,14.91
274636,14.91
44368,14.91
113050,14.91
191530,14.91
191161,14.91
106723,14.91
109520,14.91
214694,14.91
72368,14.91
201304,14.91
62188,15.48
262925,14.91
167338,14.91
43083,15.48
277917,14.91
268564,15.48
166246,14.91
180211,14.91
195747,14.91
97619,14.91
173174,14.91
92094,14.91
22726,14.91
283325,14.91
185792,14.91
118645,15.48
79999,14.91
124940,14.91
1154,13.96
101817,15.48
250542,14.91
8618,15.48
131464,15.05
272192,15.12
159548,14.91
244835,14.91
180463,14.91
156893,15.48
204728,14.91
77086,15.05
272724,15.05
49642,14.91
232071,15.48
210685,14.91
216794,15.05
253803,14.91
53458,15.48
269176,15.48
128910,14.91
264571,14.91
77629,14.91
80147,14.91
275129,15.48
76776,14.91
68455,14.91
124539,14.91
243965,15.48
4811,14.91
224220,13.96
102948,14.91
18367,14.91
294548,15.48
33620,14.91
234331,15.48
19128,14.91
261986,15.48
85493,15.48
230255,14.91
83472,14.91
226071,14.91
279618,14.91
273653,14.91
289558,14.91
190958,14.91
45159,14.91
223409,15.48
210744,14.91
139715,14.91
179469,15.48
194910,14.91
80869,14.91
162045,14.91
73615,14.91
235711,15.13
227348,15.05
5124,14.91
150687,14.91
156540,15.48
232743,14.91
34877,14.91
237757,15.48
44546,14.91
200087,14.91
215891,14.91
148133,14.91
8032,15.48
89392,14.91
168497,14.91
228161,15.48
3505,14.91
212974,14.91
228592,15.48
294620,14.91
28679,15.48
98559,15.48
84456,14.91
164133,14.91
33898,13.96
74146,15.48
33698,15.48
205874,13.96
28068,14.98
101304,14.91
277200,14.91
205612,14.91
65769,14.91
8793,14.91
45724,14.91
91812,14.91
1874,14.91
205248,14.91
220654,15.48
81258,14.91
134291,14.91
22721,14.91
40220,15.48
28009,14.91
145898,14.91
143248,14.91
189050,14.91
22223,14.91
239969,13.96
223110,13.96
132640,15.48
39313,14.91
220490,14.91
64975,14.91
173188,14.91
294136,14.91
55239,14.91
44399,14.83
283553,15.05
4007,14.91
233465,15.48
209845,14.91
272089,14.91
28146,14.91
82182,14.91
233416,14.91
9518,15.12
101539,15.48
85583,14.91
46746,14.91
108446,14.91
210608,14.91
47720,14.91
48932,14.91
171917,13.96
129330,14.91
246630,15.48
228386,14.91
120523,14.91
156235,14.91
95999,14.91
15783,15.05
66120,14.91
177750,14.91
182432,13.96
285004,14.91
61022,15.48
229263,14.91
8909,14.91
189054,14.91
52334,15.48
38711,15.48
129592,15.48
12238,14.91
35493,14.91
3431,14.91
105192,14.91
64685,13.96
233427,14.91
181451,14.91
126093,14.91
232904,14.91
286178,14.91
194335,14.91
87734,14.98
174327,14.91
239424,14.91
152523,15.48
103488,14.91
191174,14.91
237363,14.91
148083,14.91
116153,14.91
246876,14.91
194245,14.91
163303,15.48
217674,13.96
48833,14.91
213684,15.13
251163,14.91
214887,14.91
230105,14.91
137499,14.91
19966,14.91
125344,14.91
136606,14.91
82826,14.91
9663,14.91
265174,14.91
60395,15.48
117511,15.05
76878,15.48
52919,13.96
120162,14.91
294788,15.48
42227,14.91
174741,14.91
132337,14.91
152775,14.91
52942,15.48
91703,15.13
219850,14.91
147430,14.91
271197,13.96
56701,15.48
269554,13.96
114104,15.48
94796,14.91
201271,14.91
74835,14.91
78613,15.48
41448,14.91
33041,14.91
245000,14.91
281183,15.48
128280,14.91
254616,15.48
182739,14.91
44753,15.13
9510,15.05
127383,14.91
234455,15.48
269773,14.91
90052,14.91
4292,14.91
58389,14.91
53700,14.91
106408,14.91
136761,15.48
257056,14.91
83867,14.91
111427,15.48
147363,14.91
37301,14.91
192371,14.91
121968,14.91
78941,14.91
54789,14.91
278622,14.91
175452,14.91
19262,14.91
289206,14.91
132579,14.91
281585,15.48
54229,14.91
233633,14.91
292258,14.91
196120,14.91
294973,14.91
255405,14.91
27681,14.91
294188,14.91
239231,15.48
273427,15.05
265916,14.91
129955,15.48
80909,14.91
8242,14.91
265284,14.91
114385,14.91
61438,14.91
279813,13.96
292636,14.91
22321,14.91
69564,14.91
279077,14.91
234990,14.91
221891,14.91
84189,14.91
72386,14.91
40403,15.48
280142,14.91
269153,14.91
294754,14.91
165646,14.91
164995,14.91
152742,15.05
117241,14.91
272786,14.91
2166,14.91
29229,14.91
232328,14.91
247911,14.91
58898,14.91
60955,15.48
229391,14.98
285329,15.05
32178,15.48
203328,15.48
7164,14.91
218929,14.91
226366,15.48
246162,14.91
5155,14.91
285801,14.91
233460,14.91
113662,14.91
125638,13.96
50761,14.91
130008,14.91
105149,15.48
105489,15.48
201492,15.48
183798,14.75
53981,15.48
7314,14.91
297014,14.91
128485,14.91
237599,14.91
274689,15.48
64797,15.13
236666,13.96
177677,14.91
98686,15.48
7377,14.91
35922,14.91
264380,14.91
223942,15.48
220464,14.91
284708,14.91
26876,14.91
130064,15.48
201691,15.48
240572,14.91
130362,14.91
172190,13.96
198776,15.12
175619,14.91
215684,15.48
294231,14.91
215357,15.48
58609,15.48
288220,14.91
158544,14.91
20011,14.91
117773,14.91
102760,15.48
254224,14.91
281446,14.91
20015,14.91
134983,14.91
131397,15.48
120766,14.91
214245,15.48
131308,15.48
127797,15.48
284452,15.48
134904,15.48
229683,15.48
147439,14.91
60815,15.48
124253,14.91
120803,15.48
238737,13.96
259822,15.05
151150,14.91
112243,15.13
177694,14.91
201507,15.48
49324,14.91
3183,14.91
258933,14.91
253438,14.91
28996,15.05
41478,14.91
111507,15.48
72895,14.91
29734,14.91
175421,15.12
55151,14.91
175736,15.48
164619,14.91
264993,15.13
37936,14.91
262963,15.05
72153,14.91
299398,15.05
52065,15.48
131467,14.91
5295,14.91
169673,14.91
235860,13.96
269140,13.96
21869,14.91
37376,14.91
239388,15.48
154846,13.96
209506,15.48
29810,14.91
170232,13.96
271204,14.91
175506,15.48
114815,14.91
159511,14.91
281593,14.91
222157,14.91
92684,14.91
32920,14.91
273278,14.91
28269,14.91
293023,14.91
241579,14.91
227457,14.91
62429,14.91
194560,14.91
269401,14.91
6954,15.48
182948,15.05
172740,13.96
204811,13.96
34503,15.05
127723,14.91
181281,14.91
71075,14.91
137847,14.91
133510,14.91
176030,15.48
213370,14.91
155233,14.91
107350,14.91
259500,14.91
102394,14.91
25996,14.91
191783,14.91
263662,14.91
40320,14.91
92008,14.91
130220,14.91
222260,14.91
246940,14.91
211450,14.91
283436,15.13
52980,15.48
277210,14.91
140633,15.13
253356,15.48
71008,14.91
99624,15.48
133255,14.91
213041,14.91
64453,14.91
281126,14.91
284026,14.91
29744,14.91
299022,14.91
59912,14.91
15692,14.91
56036,15.48
266730,14.96
120479,13.96
108127,15.48
89146,14.91
187199,13.96
106821,15.48
126863,14.98
72110,14.91
241863,15.48
286939,14.91
222134,15.48
109026,14.91
88740,14.91
8743,14.1
162129,14.98
145789,14.91
100039,14.91
294834,14.91
150449,14.91
212924,15.48
130483,14.91
142218,14.91
56708,15.48
80577,13.96
131924,14.91
131396,15.48
110707,15.48
181342,15.05
105066,14.91
281309,15.48
72503,14.91
264637,14.91
297788,14.91
172639,14.91
280657,15.12
245647,15.48
30970,14.91
149061,14.91
196486,14.91
14047,14.91
281591,15.48
1880,14.91
7946,14.91
274082,13.96
103797,14.91
235786,14.91
23137,14.91
253472,14.91
222731,15.48
290117,14.91
178699,14.91
201016,15.48
179301,14.91
221129,14.91
283017,15.13
194303,14.91
189633,14.91
165484,14.91
179333,14.91
68615,14.91
172586,15.05
45540,14.91
295791,14.91
228421,14.91
141137,15.48
53148,14.91
242538,14.91
225779,15.48
232884,14.91
243906,14.91
142294,14.91
243962,15.48
202706,14.91
28746,14.91
146586,14.91
87409,14.91
158955,13.96
216323,14.91
94705,15.05
273865,15.48
216865,15.48
180144,14.91
211956,14.91
228033,15.48
275171,14.91
230723,15.48
114660,14.91
39309,14.91
237127,15.48
241826,15.48
175732,15.48
173464,15.05
179772,14.91
149706,14.91
153825,14.91
256752,15.48
175648,15.48
203831,14.91
234293,14.91
57876,14.91
272252,14.91
233100,15.13
227747,14.91
42107,14.91
242931,13.96
18626,14.91
159579,14.91
29097,14.91
248875,14.91
287082,15.13
189446,14.91
260578,14.91
180735,14.91
56908,15.48
35843,14.91
292471,13.96
85467,13.96
159060,15.48
56122,15.13
100044,14.91
271199,14.91
276895,14.91
156015,15.48
172769,15.48
65546,15.48
178190,14.91
265197,14.91
76270,14.91
122476,14.91
188022,14.91
243037,14.91
247999,14.91
24241,14.91
206767,13.96
166324,14.91
217083,14.91
6712,15.48
16790,14.83
144080,14.91
196047,14.91
108538,14.91
255670,14.91
231368,14.91
140950,14.91
163211,14.91
170009,15.48
75413,14.91
286156,14.91
61921,14.91
118421,15.48
188388,14.91
23515,14.91
247638,14.91
153792,14.91
103301,14.91
142130,14.91
3020,14.91
185005,15.13
85991,15.13
108351,15.48
186075,14.91
229729,15.48
124967,15.48
149401,14.91
290579,14.91
235462,15.48
56544,14.91
129922,14.98
64834,15.48
103890,15.48
67123,15.48
39024,14.91
163355,14.91
156638,15.48
97392,15.48
250052,14.91
16783,14.91
30424,14.91
16305,13.96
72955,14.91
134285,14.91
141837,14.91
87459,14.91
78742,14.91
6152,14.91
56287,14.91
178330,15.13
284919,14.91
23894,14.91
143667,14.91
233799,15.48
16309,14.91
148231,14.91
210556,14.91
104015,14.91
190955,14.91
46319,14.91
145521,14.91
200199,14.91
181759,14.91
177427,14.91
252807,15.48
243816,15.48
251105,14.91
222192,14.91
293109,14.91
234339,14.91
79025,14.91
73206,14.91
260590,14.91
136055,13.96
212725,14.91
195838,14.91
254968,15.48
298186,15.48
288486,14.91
284273,15.48
237444,14.91
195345,14.91
267561,15.48
190421,14.91
204498,14.91
181978,14.91
260953,14.91
157232,15.48
212323,14.91
58686,15.48
182000,15.48
283464,14.91
277043,14.91
86378,14.91
251286,15.48
173821,14.91
142161,14.91
30565,13.96
160544,14.91
266406,14.91
35928,14.91
267664,14.91
233945,15.48
204492,14.91
157630,14.91
41207,14.91
26937,14.91
117602,14.91
74808,14.91
121965,15.48
238608,14.91
25357,13.96
32963,15.48
278313,14.91
231394,15.48
168172,14.91
223282,15.48
280951,14.91
282015,15.13
221170,14.91
253775,15.48
271981,15.48
293476,15.48
221889,14.91
232565,14.91
18676,14.91
227578,14.91
76410,14.91
41193,14.91
243121,14.91
207175,14.91
279824,15.12
84361,14.91
181124,14.91
92400,14.91
148456,14.91
67162,14.96
56406,15.48
20786,14.91
89827,14.91
164110,14.91
91866,14.68
203891,14.91
76147,14.96
201138,14.91
4306,14.91
40127,14.91
24573,13.96
251470,14.91
130755,14.91
57308,15.48
152684,14.91
83938,15.48
96897,14.91
209498,14.91
287520,15.05
150304,14.91
58589,14.91
7942,14.91
139178,14.91
75310,14.91
275016,14.91
86450,14.98
249560,14.98
52842,15.05
149398,14.91
242507,15.48
63183,15.48
235710,14.91
16795,15.05
284070,14.91
8496,14.91
58658,14.91
214814,15.48
82999,15.48
115868,14.91
297733,15.48
260856,14.91
177936,14.91
5280,14.91
145134,14.91
219377,14.91
142644,14.91
292419,14.91
13980,14.91
80709,15.48
63443,14.91
187043,14.91
203160,14.91
132245,14.91
10504,15.48
74427,15.13
93982,15.48
129343,14.91
11507,14.91
133849,14.91
151212,14.91
204983,14.91
23476,15.48
189750,15.48
134319,14.91
82342,14.91
69512,14.91
42702,14.91
287323,15.05
101139,14.91
136676,14.91
186810,14.91
224279,15.48
8514,14.91
177679,14.91
298752,15.48
73625,14.91
117237,13.96
57244,14.91
284520,14.91
170858,15.48
169820,14.91
15626,15.12
150831,15.05
128516,15.05
223900,15.48
168831,14.91
35145,14.91
296216,14.91
225493,14.91
215345,14.91
136360,14.91
208959,15.48
75977,15.48
119840,14.91
126704,14.91
249097,15.48
277861,14.91
232405,13.96
189505,15.48
150555,14.91
250184,15.48
188991,13.96
173389,13.96
90459,14.91
128977,14.91
145599,14.91
223141,15.48
38303,13.96
108576,14.91
74645,14.91
124469,15.48
129768,14.91
185122,15.48
187348,14.91
159032,13.96
29960,13.96
179411,15.48
154096,14.91
136331,15.48
154954,14.91
110596,14.91
117009,14.91
76490,15.48
67973,13.96
70748,14.91
56707,15.48
212354,14.91
59592,14.91
245973,14.91
41532,15.48
102626,15.48
14249,15.05
22051,14.91
41640,15.48
277199,13.96
171534,14.91
196680,14.91
168648,14.91
292068,15.48
31678,14.91
256018,14.91
133843,14.91
162383,14.91
201595,15.13
192332,14.91
188492,14.91
234155,13.96
136565,15.05
55667,15.48
25239,15.05
247695,14.91
197483,14.91
281385,14.91
142905,14.91
252820,14.91
184573,14.91
264985,15.48
72802,14.91
271806,14.91
205846,14.91
229754,14.91
238466,14.91
46399,15.13
71691,14.91
14299,14.91
261436,14.91
169851,14.91
282677,14.91
233712,15.48
100416,14.91
170629,15.48
282988,15.05
206856,14.91
209968,14.91
274429,14.91
128942,15.05
74724,15.48
122113,14.91
136127,14.91
3046,14.91
179024,15.48
34684,14.96
181437,14.91
77765,14.91
202553,14.91
238467,14.91
138800,14.91
43258,14.91
255352,15.48
107598,14.91
90632,14.96
35900,14.91
131158,14.96
22422,14.91
191381,14.91
216525,14.91
138416,14.91
266911,14.91
228983,14.91
215493,14.91
289930,14.91
223743,15.48
270691,15.16
143187,15.48
26728,15.48
35855,14.91
7285,15.48
46184,14.91
264020,14.91
43208,14.91
148194,15.05
99925,15.12
126831,15.48
122086,14.91
219809,14.91
137252,15.13
211451,14.91
268568,15.48
59331,14.91
187123,14.91
231176,14.91
23252,14.91
299249,14.91
76049,14.91
128627,15.48
177520,15.48
236290,14.91
284882,15.48
211302,14.91
217185,14.91
140606,15.48
65385,15.48
81075,15.13
81449,14.91
275123,14.91
110105,14.91
279339,14.91
1385,14.91
71793,15.05
133552,15.48
100308,15.48
113932,15.48
240413,14.91
212347,14.91
12108,14.91
77850,15.48
127858,14.91
126340,15.48
59202,14.91
148355,14.91
18404,14.91
214166,15.48
257244,14.91
277569,15.05
182757,14.91
28297,14.91
215545,14.96
292919,14.91
281425,13.96
57229,15.48
142172,14.91
109535,15.48
136584,14.91
278761,14.91
276881,14.91
69998,14.91
12274,14.91
91397,14.91
170640,14.91
202036,14.91
196611,14.91
583,14.91
53836,15.48
22350,14.91
227256,14.91
182899,14.91
190502,15.48
264920,14.91
253991,14.91
211048,14.91
2137,14.91
185609,14.91
240050,14.91
101919,14.91
251803,15.48
208423,15.13
297069,13.96
216246,14.91
261095,15.48
48781,15.48
265515,15.48
31930,15.48
141184,15.48
271902,15.48
24715,15.48
206444,15.48
207059,15.48
183125,14.91
78724,14.91
143627,14.91
25296,13.96
117342,14.91
107664,13.96
177646,14.91
171717,14.91
203437,14.91
121972,15.48
65796,14.91
293762,14.91
220060,14.91
22595,15.48
35152,14.98
181933,15.48
35050,13.96
203999,15.48
123209,15.48
155480,14.91
88341,15.48
80196,13.96
29961,14.91
116352,14.91
133383,14.91
283837,15.12
70561,14.91
248610,14.91
166359,14.91
284030,14.91
217290,15.48
133904,14.91
177786,14.91
194024,15.48
63845,14.91
272677,14.91
267855,14.91
88475,14.91
224307,14.91
78502,14.91
171535,14.91
181314,14.91
241492,14.91
90981,15.48
239332,14.91
237529,15.48
56426,14.91
97384,15.48
219805,15.48
205531,15.48
202783,15.48
107891,14.91
70089,15.48
172321,14.91
81769,14.91
80629,14.91
201698,13.96
173878,13.96
55825,14.75
173737,15.48
239425,14.91
184280,15.13
78234,15.05
169026,14.91
52111,14.91
104667,14.91
247268,14.91
216927,14.91
195622,14.91
170149,13.96
47648,14.91
17151,14.91
195495,14.91
251052,14.91
215464,15.48
150166,14.91
292848,14.91
195266,14.91
285378,14.91
257963,14.91
1345,14.91
75081,15.48
294697,14.91
12135,14.91
103129,14.91
225837,14.91
225433,14.91
201008,14.91
7948,14.91
179272,15.48
236714,14.91
150209,15.48
262608,15.48
42876,14.91
84884,15.05
14306,13.96
257887,13.96
93036,14.91
3558,14.91
77215,15.48
253609,14.91
91636,14.91
138441,15.48
192627,13.96
65586,14.91
151703,14.91
114242,13.96
11983,15.48
223633,14.91
263909,14.91
283383,14.96
203228,14.91
238068,14.91
232688,14.91
147768,14.91
91555,15.48
73405,14.91
275783,15.12
150211,15.48
41864,13.96
147273,13.96
249145,15.48
281939,14.91
13063,15.48
170895,14.91
162316,14.91
68880,14.91
132401,14.91
161369,14.91
76348,14.91
74882,14.91
38133,14.91
254476,14.91
128208,14.91
215171,14.91
68025,14.91
221014,14.91
60725,15.48
54106,14.91
103083,14.91
209406,13.96
191908,14.96
222582,14.91
94959,14.91
223362,14.91
84660,14.91
27905,14.91
44662,14.91
152212,15.48
22471,15.13
133921,14.91
243210,14.91
244644,15.48
298051,14.91
137509,14.96
198908,14.91
62248,15.48
105612,15.12
124956,14.91
271884,14.91
259943,14.68
289891,14.91
102259,14.91
176692,14.91
59285,15.48
134249,15.48
276571,14.91
55444,14.91
290170,14.91
60136,15.48
134676,14.91
191626,15.12
264751,15.48
210461,14.91
238081,14.91
44291,14.91
19171,14.91
19626,14.91
145818,14.96
244658,15.48
45613,14.68
104037,14.91
124418,14.91
242445,14.91
235129,15.48
7306,14.91
293705,14.91
174198,14.91
78940,14.91
119756,15.05
66215,14.91
24079,14.91
142213,14.91
167847,15.48
108045,15.13
29921,14.91
124602,15.48
159349,14.91
123588,14.91
207077,15.48
258410,14.91
277718,14.91
139952,14.91
287512,15.48
190818,14.91
188417,15.48
216955,15.48
164621,15.48
202786,15.05
271957,15.48
179836,14.98
69091,14.91
39073,14.91
187020,14.91
88662,14.91
125494,15.05
141052,14.91
229832,14.91
8060,14.91
180767,15.48
145447,14.91
88619,14.91
122000,14.91
95010,15.48
144325,14.91
227869,14.91
91534,14.96
195882,14.91
73934,14.91
141844,13.96
57727,14.91
112624,15.05
50751,13.96
208391,13.96
271486,14.91
73888,14.91
286590,15.48
209768,15.48
232803,14.91
104769,14.68
296927,15.05
77055,14.91
83259,14.91
34460,14.91
274051,15.48
286399,15.05
262958,15.48
277781,13.96
279326,14.91
226335,14.91
177334,14.91
233940,15.48
198582,15.13
182439,14.91
24006,14.91
166290,14.91
38622,14.91
180729,15.48
188367,15.05
96373,14.91
35236,14.91
164096,14.91
29826,15.48
212351,14.91
19836,13.96
267640,14.91
51465,14.91
224987,15.48
169788,14.91
245004,14.91
278842,14.91
33167,14.91
103310,15.12
246378,15.48
294631,15.05
68784,15.48
110164,15.48
236570,14.91
18682,14.91
104624,13.96
203903,15.48
76163,14.91
210424,14.91
134154,15.48
210295,13.96
51006,15.05
129522,15.48
116169,14.91
36908,14.91
266408,14.91
285726,13.96
71357,14.91
114419,15.48
204925,14.91
150982,14.91
156643,14.91
233365,14.91
143980,14.91
276998,14.91
5110,14.91
95218,15.13
253848,14.96
191322,14.83
47894,14.91
15266,14.91
208570,15.48
50898,15.13
170013,15.48
238735,15.48
1048,15.05
188441,14.91
51705,14.91
76532,14.91
43650,14.91
270858,14.91
20883,14.91
171191,14.91
13876,14.91
248193,15.48
53190,14.91
142021,14.91
21764,14.91
22748,14.91
273070,14.91
252386,15.48
250427,14.91
120559,14.91
247254,14.91
165377,14.91
203137,14.91
119679,15.05
124199,14.91
62967,15.48
41195,14.91
152538,15.48
90674,14.91
37063,15.48
136183,14.91
79492,14.91
294530,15.48
205136,14.91
55951,15.48
125128,14.91
162351,14.91
9118,14.91
283171,13.96
81702,15.48
161756,15.48
278487,13.96
231463,14.91
39578,15.48
197005,14.68
123414,14.91
278545,14.91
201823,15.13
283767,14.91
124980,14.91
72314,14.91
22342,14.91
42815,15.48
187514,14.91
151548,15.48
215384,15.48
3908,14.91
1553,14.91
169699,15.48
282661,15.48
119061,14.91
101355,15.48
105232,15.48
189416,15.48
67946,14.91
134148,15.48
49055,14.91
178064,14.91
61757,14.91
288232,13.96
48839,14.91
126787,14.91
285221,15.05
297300,14.91
205503,15.48
164234,15.12
87288,15.48
24492,13.96
185668,15.48
163906,14.91
163879,13.96
140520,15.48
116601,15.48
80491,14.91
290575,14.91
192802,14.91
26583,15.48
84310,14.91
106148,14.91
198027,14.91
246658,14.91
115774,14.91
232621,14.91
8942,14.91
18250,14.91
225501,14.91
36129,14.91
44531,15.48
282403,15.48
211689,14.91
79844,14.91
209037,14.91
259107,15.48
89366,14.91
94728,14.91
156847,15.48
90099,15.05
92670,14.91
65361,14.91
147743,14.91
247390,14.91
225136,13.96
140620,14.91
178902,14.91
122805,14.91
153159,14.91
210432,14.91
91995,14.91
229663,14.91
33310,15.12
255503,14.91
86493,15.48
25731,14.91
224951,15.48
232737,14.91
82222,14.91
13385,15.48
294015,15.48
37043,14.91
28733,15.48
168338,14.91
134788,14.91
268115,13.96
91530,14.91
163771,14.91
228975,13.96
167240,14.91
216352,14.91
287806,15.48
17984,14.91
253119,15.48
66867,14.91
242066,13.96
69002,14.91
77434,15.48
179547,15.05
238836,13.96
299289,15.48
181241,14.91
195547,14.91
290449,15.13
250453,14.91
225705,14.91
142762,14.91
60799,14.91
65044,14.91
41390,14.91
142798,14.91
22460,14.91
69242,14.91
62874,14.91
209879,13.96
134697,14.91
290476,14.91
249564,15.48
142113,14.91
105343,14.91
104761,15.48
214409,14.91
171201,14.91
217706,14.91
289973,14.91
220553,14.91
28529,14.91
57686,14.91
256869,14.91
290518,14.91
263636,15.48
120314,14.91
250812,14.98
16840,15.48
242146,14.91
259743,14.91
60703,14.91
180016,15.48
230298,15.48
202010,15.48
2720,14.91
202276,14.91
278897,15.05
251316,14.91
18092,14.91
8874,13.96
108695,14.91
103805,14.91
261001,15.48
218155,13.96
131300,14.91
36305,14.91
106847,14.91
190038,15.48
155208,14.91
195566,14.91
85121,15.48
153685,14.91
236456,15.48
263701,15.48
142114,14.91
249923,14.91
48884,14.91
184367,14.91
38498,14.91
264330,14.91
188509,14.91
210351,15.48
128394,14.91
183605,15.12
47349,14.91
27627,13.96
269940,15.48
181664,14.91
216479,14.91
32482,14.91
182938,15.05
97805,14.91
5076,14.91
220950,14.91
276913,15.48
78258,15.48
181261,14.91
98141,14.91
53425,15.48
60457,14.91
212583,14.91
244806,14.91
20182,14.91
173836,14.91
288851,14.91
258642,14.91
126058,14.91
209380,15.48
35777,15.48
200868,14.91
67608,15.48
102,14.91
242418,13.96
266367,14.91
20,14.91
125523,14.91
25081,14.91
298436,15.48
12802,15.05
453,14.91
34649,14.91
250611,14.91
58075,14.91
110145,15.48
199693,15.12
298908,14.91
243766,15.48
77018,15.48
276390,15.05
235214,15.48
14109,14.91
281946,15.48
219082,14.91
211695,14.91
235387,15.48
83997,14.96
256322,14.91
226066,14.91
162893,14.91
46450,15.48
231198,14.91
35708,15.48
231479,14.91
282205,15.05
54369,15.48
161823,15.48
196775,14.96
132695,14.91
257985,15.48
235081,14.91
96601,14.91
163155,14.91
288177,14.91
117001,14.91
154537,14.91
157812,15.48
147872,14.91
242524,15.48
5093,14.91
273975,14.91
78479,14.91
170365,14.91
73024,14.91
250356,15.13
220590,15.48
135742,14.91
193874,14.91
42804,15.48
63855,14.91
15100,14.91
50664,14.91
285635,14.96
217743,15.48
257475,14.91
156981,14.98
227628,14.91
269680,14.91
104228,14.91
109284,15.48
153456,15.48
21322,15.48
153786,15.12
259520,15.48
108234,14.91
56864,15.48
157834,14.91
47758,14.91
112645,15.05
30954,14.91
268208,15.13
195931,14.91
6311,14.91
187820,14.91
60344,15.48
234056,15.48
258574,15.48
134258,15.48
286445,14.91
288858,14.91
298630,14.91
42943,14.91
922,14.91
79255,15.48
82420,14.91
82906,15.05
141326,14.91
238301,14.91
196008,14.91
161295,15.48
173371,14.91
124642,14.91
146309,14.91
242409,13.96
16595,14.91
237328,14.91
129944,15.48
261871,14.91
261911,14.91
38326,14.96
25670,14.91
6181,14.91
102167,14.91
119451,15.48
112948,14.91
155610,15.48
236709,14.91
118151,13.96
143345,15.48
239863,15.48
61465,14.91
265324,14.91
45893,15.05
202068,14.91
164764,13.96
154006,14.91
52298,15.48
149858,14.91
73930,14.91
178778,15.13
214765,15.48
230595,14.91
127526,14.91
241470,14.91
50709,14.91
135225,14.96
282138,15.05
131275,15.12
139451,15.05
41637,14.91
219445,14.91
69367,14.91
274003,13.96
267003,14.91
170749,14.91
294155,13.96
143965,14.91
67276,14.91
63836,14.91
87607,14.91
135630,14.91
255533,15.13
136835,14.91
3007,14.91
51930,14.91
122319,15.48
32867,14.91
39893,13.96
36498,14.91
50609,15.13
162760,14.91
245162,15.48
258345,15.48
144892,14.91
84500,14.91
66222,14.91
198128,14.91
113593,14.91
186191,14.96
108101,14.91
119916,15.48
265750,15.48
116843,14.91
292248,14.91
28431,15.48
181632,14.91
288691,15.48
195420,14.91
142707,14.91
224110,15.48
127621,15.48
70479,14.91
49438,14.91
125767,14.91
213973,14.91
243697,14.91
188535,14.91
112998,14.91
232138,14.91
231608,14.91
28909,14.91
286648,14.91
109851,14.91
271429,14.91
177662,14.91
18995,14.91
220918,14.91
109391,14.91
180329,14.91
182168,14.91
81390,14.91
162663,14.91
224106,15.48
76060,14.91
21986,14.91
206428,13.96
250355,15.13
270356,14.91
291936,15.48
105772,14.91
100934,14.91
238852,14.91
282562,14.91
197719,15.16
261908,15.48
142802,14.91
231100,14.91
164011,14.91
207753,14.91
49871,15.12
202637,14.91
181521,14.91
246381,14.91
123977,14.91
181356,14.91
203806,15.48
106436,14.91
297869,14.91
204073,15.48
208256,14.91
126905,14.91
57475,15.48
42813,14.91
291588,14.91
241931,14.68
98775,14.91
290156,14.91
294505,15.48
261684,14.91
297008,13.96
156855,15.05
156746,15.48
40976,15.12
110384,13.96
125324,13.96
87279,15.48
18540,14.91
269474,14.91
69566,14.91
195257,14.91
58809,14.91
62587,14.91
15634,15.48
178523,14.91
144662,14.91
151008,14.91
175125,14.91
231487,14.91
75120,14.91
285163,14.91
117970,14.91
230895,15.13
209994,15.48
159783,14.91
201108,14.91
225639,14.91
192507,15.48
211349,14.91
213173,14.68
294775,14.91
75512,15.13
62324,14.91
272117,14.91
193025,14.91
70108,15.05
74526,14.91
146890,14.91
243284,14.91
238847,15.48
22945,14.91
147561,15.05
153480,15.05
202611,15.48
106048,14.91
43495,14.91
60997,13.96
115077,14.91
100902,14.91
84624,14.91
18155,14.91
184130,14.96
181268,14.91
99737,14.91
195491,14.91
237138,14.91
237579,15.48
97535,14.91
31848,14.91
263398,14.91
289823,14.91
107408,14.91
235854,13.96
232468,14.91
191730,15.12
32322,15.48
75757,14.91
203577,14.91
180755,15.48
232381,14.91
54253,14.91
101339,14.91
263280,14.91
206583,14.91
181942,15.05
76985,15.48
10630,14.91
75146,14.91
239420,14.91
276487,15.05
219327,15.05
160208,14.91
30946,14.91
185553,14.91
250070,14.91
136947,15.48
241996,15.48
89412,14.91
259275,14.91
200264,15.48
215847,15.48
69237,14.91
263325,15.13
53904,15.48
25999,14.91
14639,14.91
136142,14.91
246571,14.91
34800,14.91
93964,15.48
278718,13.96
16423,15.48
218992,13.96
85633,14.91
68849,14.91
46287,15.48
143301,14.91
30325,15.05
219784,14.91
198279,15.48
39210,14.91
247139,14.91
152138,15.48
235757,14.91
215639,14.91
161218,14.91
78966,15.48
167479,14.98
93370,15.48
83613,14.91
98740,14.91
67607,14.91
148907,14.91
201414,15.48
8685,14.91
232176,15.48
74954,14.96
288501,13.96
51568,14.91
119810,15.05
238725,15.48
52994,15.48
118805,14.91
182850,14.91
152893,15.48
297749,14.91
74857,14.91
49096,15.48
151138,14.91
230031,14.91
12004,15.48
216478,14.91
103548,15.48
230194,14.91
166431,14.98
215871,14.91
230558,15.48
154416,15.05
156438,15.48
7879,14.91
14592,14.91
199402,14.91
41117,14.91
107394,15.48
22874,15.48
85541,15.05
223287,15.48
186250,14.91
252225,14.91
78942,14.91
273612,14.91
135021,14.91
99050,15.48
102502,15.48
222053,14.91
229070,14.91
187113,14.91
186049,14.91
278291,14.75
201635,14.91
223016,15.16
29338,15.48
34749,15.48
189046,15.12
73752,14.91
5717,14.91
59141,14.91
154795,14.91
75230,14.91
192715,14.91
152596,14.91
78939,14.91
90522,14.91
101629,15.48
189071,15.48
71732,15.48
66241,15.05
50628,15.48
175533,15.48
108697,13.96
67442,14.91
72096,13.96
26699,14.91
66347,14.96
273097,14.91
27169,15.48
211133,14.91
292891,15.13
106962,15.05
73936,14.91
124261,14.96
213250,14.91
54478,14.91
13321,15.48
1058,13.96
120582,15.05
120551,15.05
72479,14.91
170189,14.91
115975,14.91
197988,14.91
242578,15.48
113170,14.91
57785,15.13
288421,14.91
264520,15.05
15974,14.91
105143,15.48
6053,14.91
294715,14.91
147346,14.91
99719,13.96
85691,15.48
213128,15.48
80861,14.91
72713,14.91
245761,14.91
211766,14.91
108543,13.96
200575,15.48
262709,14.91
246665,14.91
198355,14.91
43498,15.48
250307,14.91
212335,14.91
291243,14.91
77923,15.05
266305,14.91
259891,14.91
208652,15.48
92406,14.91
252327,13.96
17975,14.91
205356,14.91
92916,13.96
71730,14.91
140983,14.91
71378,14.91
9114,14.91
108249,15.13
39103,14.91
127863,15.48
23533,14.91
69884,15.48
111607,15.48
116723,14.91
49741,13.96
200420,14.91
262573,14.91
128021,14.91
219808,14.91
183529,14.91
3182,13.96
5136,14.91
106323,14.91
18833,14.91
296340,15.12
251014,14.91
224067,14.91
182109,15.48
177571,15.13
97878,14.91
208009,14.91
129193,15.13
236680,14.91
298037,14.96
28492,14.91
206416,13.96
186264,14.91
37383,15.48
46704,15.48
116662,14.91
48563,14.91
134244,15.48
76140,14.91
236598,14.91
102165,14.91
288273,14.91
114882,14.91
177301,14.91
58887,14.91
95650,14.91
16654,14.91
180498,14.91
283554,15.48
22435,14.91
236319,15.05
143428,15.48
186429,14.91
89909,14.91
126999,14.91
80875,14.91
46253,15.13
221164,14.91
93061,14.91
296566,15.48
186978,14.91
92341,14.91
82343,14.91
259311,15.13
280791,15.48
40607,13.96
299073,14.91
220887,14.91
264138,14.91
138012,14.91
290210,14.91
8063,14.91
40283,15.48
182943,14.91
193901,15.05
148644,14.91
257707,15.48
40201,15.48
43492,14.91
45087,15.48
100824,14.91
150105,14.91
79534,14.91
196925,14.91
65262,14.96
203817,15.48
294483,14.91
45901,15.05
39580,14.91
297557,14.91
74876,14.91
245324,15.48
149510,14.91
120286,15.48
297886,15.48
165136,14.91
206202,14.91
167000,14.91
61664,15.48
82217,14.91
38310,14.91
183449,15.48
296526,15.12
120989,14.91
43361,14.91
243530,14.91
86930,14.91
46243,15.13
133450,14.91
38613,14.91
36823,15.48
243658,15.05
155986,15.48
108466,15.48
68093,15.48
208608,14.91
54075,14.91
245425,15.48
235717,14.91
252741,14.91
288392,13.96
277700,15.48
2029,14.91
101078,14.91
81878,13.96
171237,14.91
98957,14.91
175846,15.48
265487,14.91
108393,15.48
74770,14.91
37642,14.91
260233,15.48
272432,14.91
3069,15.48
188769,14.91
66822,15.48
94592,15.13
116868,14.91
148097,14.91
35600,13.96
178078,14.91
257325,15.48
46563,14.83
267480,14.91
72767,14.91
230745,15.48
205396,14.91
199392,14.91
289759,13.96
127694,14.91
292525,14.91
41270,15.13
294178,14.91
297287,14.91
272644,15.13
207666,15.48
281801,15.48
168536,14.91
55085,14.91
132742,14.91
188831,14.91
174422,14.91
285671,14.91
107820,15.48
120254,14.91
108053,14.91
292108,13.96
262518,14.91
80606,14.91
255128,14.91
265319,14.91
180194,15.48
49103,14.91
55164,14.91
22125,14.91
41124,14.91
117682,15.05
88306,14.91
80389,15.48
292614,14.91
21123,14.91
158614,14.91
99653,15.48
209774,14.96
187276,14.91
231238,15.48
280310,14.91
13198,15.48
61687,14.91
274490,14.91
92694,14.91
273005,14.91
145492,14.91
190908,15.05
195043,14.91
14505,15.48
53819,15.48
129199,14.91
37693,14.91
234491,14.91
84133,15.48
91028,14.91
111727,15.05
153486,15.05
124164,14.91
54643,14.91
280521,14.91
31005,14.91
88804,14.98
209644,14.91
208753,14.91
64234,14.91
199031,15.48
153174,14.91
156110,14.91
293622,14.91
207292,14.91
10862,14.91
280425,15.05
204563,14.91
77281,14.91
269815,14.91
200039,15.48
153395,14.91
276081,15.48
4431,15.48
173535,14.91
92957,15.48
64510,14.91
13968,14.91
155059,14.96
92283,14.91
94086,14.91
166551,14.91
18248,14.91
53879,14.91
217993,14.91
221076,15.48
244233,14.91
84199,15.13
208800,14.91
206872,14.91
297541,14.91
174016,15.48
265195,14.91
225731,13.96
262195,15.48
72375,14.91
135802,15.48
168400,14.91
135144,15.48
239718,15.48
266713,14.96
234254,15.48
287870,13.96
93519,13.96
88913,15.48
49032,14.91
51297,14.91
95793,15.48
144181,14.91
230163,14.91
221960,13.96
99457,15.48
299356,14.91
280822,14.91
185513,14.91
157627,15.48
118326,14.91
160743,15.13
212051,14.91
83362,14.91
174483,15.05
15300,14.91
116288,14.98
54546,14.96
262923,15.48
246639,14.91
284584,15.48
265810,14.91
78051,14.91
250529,14.91
120958,14.91
259458,15.48
66878,14.91
51315,14.91
18987,15.05
138615,14.91
63193,14.91
180314,15.48
108634,15.48
107374,14.91
230939,14.91
279054,14.91
20680,14.91
236374,14.91
173022,14.91
208984,14.91
253597,15.48
60803,14.91
199456,14.91
51863,15.48
188209,14.83
164800,14.98
113637,14.91
167879,14.91
243142,14.91
296173,14.91
112222,14.91
84675,15.12
177699,14.91
84319,14.91
225810,14.91
4197,14.91
175555,14.91
156749,14.91
182820,14.91
204212,14.91
214689,14.91
84514,15.48
118766,15.05
172144,14.91
182372,15.48
206790,14.91
5855,14.91
247392,13.96
34287,15.05
223036,15.48
111781,14.91
209600,14.91
77312,15.13
44370,15.48
237554,14.91
258424,15.12
241590,15.48
58430,14.91
231675,14.91
151993,15.48
117909,14.91
282466,14.91
74104,14.91
234415,14.91
130787,15.48
198663,14.91
6429,14.91
207698,14.91
59833,14.91
181719,14.91
288746,14.91
242734,15.48
127022,14.91
127654,14.91
12417,14.91
19699,14.91
197401,14.91
254965,14.91
214392,15.48
108593,13.96
168026,14.91
2564,14.91
91648,15.13
243871,14.91
269244,13.96
264490,15.48
34299,15.48
171145,14.91
277594,14.91
128343,14.91
192126,14.91
2244,14.91
297621,15.05
218839,13.96
226281,14.91
142174,14.91
283426,14.91
128310,15.48
75151,14.91
118267,14.91
200319,14.91
250095,15.48
41483,14.91
48763,14.91
38617,14.91
255062,14.91
165142,14.91
76555,15.48
287897,14.91
84365,13.96
151148,14.91
223921,14.91
184534,14.91
135353,15.48
250680,14.91
136242,14.91
61856,15.48
63341,14.91
292713,14.91
287698,14.91
33262,15.48
292284,15.48
98158,14.91
193379,14.91
162726,15.48
19908,14.91
199800,15.48
269079,15.48
296462,15.48
249716,15.48
268553,14.91
139281,14.96
222038,14.91
224474,14.91
292338,15.48
169865,14.91
229730,14.91
199363,15.48
240956,15.48
199007,14.91
142948,14.91
29728,14.91
108172,14.91
58357,14.91
190972,15.48
192963,14.91
108681,13.96
72344,14.91
49491,14.91
274316,14.91
282723,15.48
23860,15.48
250005,15.48
110873,15.48
285888,14.91
83156,15.48
252150,14.91
192722,14.91
6307,13.96
225641,14.91
101112,15.13
142402,14.91
103987,15.48
268977,14.91
240546,15.48
171001,14.91
165073,14.91
158807,14.91
107599,13.96
85377,14.98
202290,13.96
54735,15.48
237806,14.91
249748,14.91
88633,14.91
60402,14.91
170334,15.48
55610,15.48
103464,15.05
232022,14.91
39172,13.96
13639,14.96
143131,14.91
39608,14.91
37899,14.91
65460,14.91
77248,14.98
158822,14.91
26696,14.91
37041,13.96
244820,15.48
42077,14.91
278915,15.05
89523,14.96
33169,13.96
109024,14.91
284392,14.91
250120,15.48
239664,14.91
99726,14.91
75667,14.91
294121,15.48
48620,14.91
154938,14.91
14131,14.91
191274,13.96
267200,15.13
31991,14.91
184281,15.48
185294,14.91
294484,14.91
233016,13.96
75285,14.91
102855,15.48
113197,14.91
164925,14.91
180590,15.13
238034,14.91
7662,14.91
227517,14.91
114917,13.96
101143,14.91
177729,14.91
29071,14.91
169351,14.91
121301,15.05
3465,14.91
146006,14.91
66962,15.05
2447,14.91
99218,15.48
147794,14.91
76756,13.96
266760,14.96
275975,15.48
79810,15.48
201130,14.91
189569,14.91
131072,14.91
267896,15.48
74578,15.48
245924,15.48
133141,15.48
165975,14.91
19726,14.91
198734,14.91
6135,14.91
76785,14.91
281857,14.91
83493,15.48
31405,13.96
237016,14.91
225858,15.05
254196,14.91
256719,14.91
207783,13.96
14270,14.91
165339,15.13
84121,14.91
250589,14.91
103957,15.48
206351,14.91
179900,14.91
251716,14.91
94571,15.48
27094,14.91
138537,14.91
139877,14.91
215373,15.48
161821,15.48
100130,14.91
253623,14.91
106824,15.48
275040,15.48
69529,14.91
10565,14.91
104830,15.48
298545,14.91
275507,13.96
133933,14.91
129010,14.91
235369,14.91
28072,15.05
279083,14.91
68462,14.91
233608,14.91
144436,14.91
42645,14.91
58196,15.48
236393,14.91
38684,14.91
15302,14.91
51428,15.48
66516,14.91
49059,14.91
250980,15.48
41368,15.48
13182,15.48
110697,15.48
273955,14.91
50897,15.05
16436,14.91
208962,14.91
95222,15.48
77966,15.48
233350,14.91
117914,14.91
59220,14.91
41088,14.91
236208,14.91
188703,14.91
13554,14.91
241601,14.91
214009,15.48
42151,14.91
1718,14.91
169549,14.91
135468,14.91
45681,14.91
115800,15.48
181753,14.91
207159,14.91
16219,14.91
169692,14.91
108990,14.91
208966,13.96
249534,15.48
124640,14.91
181392,15.48
19055,14.91
94738,14.91
88674,15.48
271770,14.68
174395,15.12
226492,15.48
125385,14.91
132826,15.48
282527,14.91
85865,14.91
22853,14.91
60347,14.91
164143,14.91
274594,15.05
119348,15.16
117494,14.91
253240,15.48
88639,14.91
73607,14.91
1142,15.48
292257,14.91
243899,14.91
221100,14.91
58297,14.91
80858,14.91
31224,14.91
209869,15.48
214834,14.75
95284,14.91
86806,14.91
168331,14.91
20080,14.91
24849,14.91
291085,14.91
206277,14.91
75318,14.91
103736,14.91
106053,15.13
59052,14.91
41909,14.91
206638,14.91
105901,13.96
170860,14.91
138316,15.48
126172,14.91
99631,14.91
52394,14.91
134540,15.48
191937,14.98
133691,14.91
61495,14.91
139305,14.91
221211,14.91
208125,15.48
69740,14.91
195654,14.91
74481,15.48
211503,14.91
31733,14.91
211711,15.48
216273,14.91
264070,15.48
684,14.91
123972,14.91
72355,14.91
47712,14.91
125326,15.48
190978,15.48
40441,14.91
273212,15.05
283261,14.91
80293,15.05
143815,14.91
68115,14.91
138246,15.48
121944,15.48
145429,15.13
268863,14.91
271131,14.91
32508,13.96
123413,15.05
87683,15.48
47372,14.91
6216,13.96
191236,15.48
87821,14.91
115619,14.91
92847,14.91
237727,15.48
77638,14.91
116964,15.48
239487,15.48
25649,14.91
164893,15.48
275371,15.05
42685,14.91
80112,15.48
157877,15.13
41009,14.91
182144,14.96
258179,15.48
160023,15.48
271314,14.91
112062,14.91
133237,14.91
26632,14.91
171636,15.48
11875,14.91
263839,14.91
259479,14.91
105950,14.91
57570,15.12
15465,15.48
37395,14.91
58988,15.48
13421,14.91
113781,13.96
104650,14.91
258552,15.48
84891,15.05
111296,15.48
56788,14.91
196943,14.91
115478,14.91
56859,14.91
246236,14.91
217653,14.91
10327,14.91
94764,14.91
16267,14.91
282283,15.13
278658,13.96
274945,15.48
139542,14.91
147181,14.91
198119,14.91
152292,15.48
107098,14.91
170905,14.91
178379,14.91
267105,14.91
23632,15.13
120841,14.91
100019,14.91
179847,14.91
230853,15.48
22703,15.48
43126,14.91
62690,13.96
146618,14.91
143711,14.91
149968,14.91
37764,14.91
215596,14.91
265165,15.13
209986,14.91
140019,15.05
204861,14.91
56514,14.91
161534,14.91
135629,15.48
275806,14.91
291973,14.91
169537,14.91
110680,13.96
22947,14.91
159715,14.91
299169,15.48
55139,15.48
173215,15.48
44039,15.48
156986,15.48
220117,14.91
282993,15.13
54873,14.91
241259,14.91
260278,15.48
258422,15.48
44759,14.91
289982,14.91
196346,14.91
275844,15.12
276990,15.48
132027,14.1
218956,14.91
104901,14.91
69548,14.91
211631,14.91
30832,13.96
290672,14.91
54211,14.91
128028,13.96
28432,14.91
94040,14.91
228277,14.91
118706,14.91
277890,14.91
257948,14.91
213413,14.91
231328,14.91
221333,15.48
176781,14.91
78313,14.91
216049,14.91
148857,14.91
163237,14.91
85670,15.05
272935,15.48
273881,14.91
193648,15.12
117975,14.91
209194,15.13
294931,14.91
244560,14.91
113541,14.91
94663,15.48
115746,14.91
118832,14.91
193633,14.91
233386,14.91
6928,14.91
60500,14.91
167874,15.48
161601,14.91
89181,15.48
79938,14.91
99140,14.91
35558,14.91
162440,14.91
91688,15.48
101188,14.91
249565,15.48
125086,14.91
178708,14.91
257616,14.91
29001,14.91
168428,15.48
27283,14.91
27883,14.91
221547,14.91
79513,14.91
151662,15.13
100062,14.91
297439,15.48
192556,15.48
215988,15.48
78925,14.91
99514,15.48
56839,14.91
257451,13.96
93276,14.91
241547,14.91
21568,14.91
62351,14.91
27025,14.91
37702,14.91
37108,13.96
79306,14.91
264886,14.91
212140,14.91
62963,14.91
127466,14.91
62691,14.91
79047,14.91
195874,14.91
16332,14.91
285797,14.91
181591,14.91
51511,14.91
102390,14.91
71955,15.48
156083,15.48
193851,15.12
146410,14.96
263179,14.91
154704,14.91
272897,15.48
147124,14.91
59906,15.48
245447,14.91
105648,14.91
290744,14.91
247094,15.48
26777,14.91
114070,14.91
91014,14.91
135928,14.91
25177,15.48
12481,14.91
46244,14.91
204048,14.91
129794,13.96
14452,14.91
50035,14.91
244140,14.91
267827,14.91
226830,15.48
185013,14.91
75279,14.96
197044,14.91
43122,14.91
287737,14.91
201236,14.91
123151,15.48
63932,15.48
193345,14.91
225768,15.48
65831,14.91
760,14.91
13347,15.48
166918,14.91
137841,14.91
6221,13.96
266328,15.48
112787,14.91
24898,14.91
270437,15.48
83171,14.91
104106,15.13
233638,14.91
538,14.91
157839,14.91
228788,14.91
269630,14.91
4524,14.91
117842,15.48
263898,14.91
59237,14.91
4143,14.91
130208,15.48
290536,13.96
238163,14.91
238979,15.13
32640,14.91
13638,14.91
20599,14.91
172831,14.91
263485,14.91
103577,14.91
217766,15.48
288800,15.48
28553,14.91
174546,15.48
211402,14.91
173221,13.96
253149,15.48
172515,14.91
293560,15.13
125376,14.91
45303,14.91
276047,15.48
12520,15.48
146185,15.48
107489,15.48
125559,14.96
79478,14.91
60089,14.91
142279,14.91
99273,14.91
53266,14.91
298824,14.91
222464,14.91
259811,14.91
47797,14.91
80003,13.96
233806,14.91
208493,14.91
210166,13.96
245223,14.91
234203,15.48
67826,14.91
271693,14.91
271151,14.91
223715,15.48
159576,15.48
96882,14.91
21480,15.48
212474,14.91
52210,14.91
22263,14.91
71232,14.91
294780,14.91
102579,15.48
21957,14.91
266987,13.96
208361,15.48
183879,15.48
84304,14.91
18851,14.91
274876,14.91
268230,15.48
42838,14.91
266248,14.91
18469,14.91
169544,14.91
142828,14.91
159382,14.91
134239,13.96
20189,14.91
196235,15.48
210068,14.91
5056,14.91
135878,14.91
16172,14.83
294743,14.91
126872,14.91
16845,14.91
168283,14.91
139066,14.91
290333,14.91
26664,14.91
276656,14.91
193386,15.48
102561,14.91
234971,15.12
92947,14.96
72568,14.91
247342,14.91
146415,15.48
262311,14.91
37331,14.91
217166,13.96
129156,14.91
239287,14.91
92044,14.91
299065,14.91
175008,14.91
259342,14.91
107704,14.91
191975,14.91
218624,15.48
180028,14.91
288145,15.13
211970,14.91
229064,14.91
267465,14.91
69820,14.91
12358,15.48
278471,14.91
27554,14.91
107392,13.96
113787,14.91
190565,14.91
25171,14.91
209167,14.91
269902,14.91
284081,15.48
290917,14.91
123507,14.91
60712,15.48
196590,14.91
298946,15.48
84084,14.91
189401,15.48
189715,13.96
128579,15.48
281575,15.48
236468,15.48
222379,13.96
51494,14.91
13394,14.91
122377,14.91
33962,15.13
238133,14.91
266960,15.48
199912,15.48
118356,14.91
286418,14.91
164181,14.91
215995,15.48
272511,14.91
253714,15.05
170173,14.91
148483,14.91
145295,14.91
79976,15.48
202697,14.91
113087,14.91
141886,15.48
195708,14.91
121460,14.96
211496,14.91
134664,14.91
261201,14.91
63152,15.48
167325,14.91
159304,13.96
31402,15.05
154757,14.91
293506,14.91
282887,14.91
255251,14.91
237570,14.91
207498,14.91
20864,14.91
33705,14.91
81305,14.91
68913,15.05
209139,14.91
296625,15.48
52602,15.48
266254,14.91
151438,14.91
295856,14.91
127515,14.91
293792,14.91
154180,14.91
35880,13.96
265371,14.91
150543,14.96
200083,15.48
221587,14.91
67966,15.05
46458,15.48
175209,15.05
32660,14.91
176653,14.91
297332,15.48
116895,14.91
253330,14.91
277689,14.91
62854,14.91
288869,14.91
213830,14.91
280188,15.48
46882,14.91
120867,14.91
288265,15.48
95602,14.91
151806,15.48
72451,14.91
257699,15.48
196905,14.91
29307,14.91
266558,15.12
142043,14.91
24833,14.91
52806,14.91
156737,15.48
194398,14.91
197763,14.91
136807,14.91
238638,14.83
19160,14.91
220993,15.48
224326,14.91
249198,14.91
229084,13.96
278544,14.91
201652,14.91
24863,14.91
183025,14.91
95169,15.48
68864,14.91
21366,15.48
97877,14.91
189974,14.91
70386,15.48
223091,14.91
222353,14.91
94456,15.48
227925,15.48
146364,14.91
100589,15.48
105626,15.48
68548,14.91
86099,14.91
182712,14.91
48094,14.96
98759,14.91
38928,14.91
255522,14.91
217312,15.48
184109,14.91
130664,14.91
93796,15.05
57521,14.91
160099,15.48
133250,15.48
206440,13.96
166337,14.91
68783,15.48
101807,14.91
25407,15.48
260584,14.91
10543,15.48
141005,15.48
114674,14.91
285396,15.05
107527,14.91
261660,15.12
112152,14.91
178145,14.91
112720,13.96
144951,14.91
227821,14.91
48163,14.91
191221,15.48
29013,15.48
94998,14.91
130616,14.91
123158,14.91
187285,14.91
23742,14.91
34641,14.91
188045,15.13
221640,15.48
90087,15.48
169288,15.48
216365,15.48
280677,14.91
52545,14.91
40356,14.91
139160,14.91
283403,15.05
127823,15.48
139558,15.48
26303,15.48
137223,14.91
88371,14.91
259551,14.91
115321,15.48
261946,14.91
183512,14.91
145738,14.91
186383,14.91
217173,15.48
226704,14.91
187391,14.91
114765,14.91
178147,13.96
70806,15.05
85867,15.05
288796,15.48
247209,14.91
142636,14.91
266345,15.48
13053,15.48
164440,14.83
298305,14.91
168749,14.91
65688,14.91
287561,14.91
106796,15.48
2555,14.91
79419,15.05
237897,14.91
85153,15.13
85968,14.91
76726,14.91
67924,15.48
290838,15.12
211558,14.91
204924,14.91
237922,14.91
238700,15.48
232073,14.91
175185,14.91
50791,13.96
141438,14.91
20506,14.83
21488,15.05
98761,14.96
290398,14.83
98611,15.05
72347,14.91
231443,14.91
190391,14.91
224189,15.48
147305,14.91
198501,15.12
234358,14.91
39433,14.91
25521,14.91
295253,13.96
39769,14.91
48612,14.91
95433,13.96
230444,15.48
269604,14.91
282319,14.91
120169,15.48
166310,15.48
152735,14.91
250686,14.91
120707,14.91
109052,15.48
287672,14.91
134221,15.48
150031,14.91
287573,15.48
161410,14.91
57341,14.91
220472,14.91
248879,15.05
128446,14.91
217971,14.91
234632,14.91
159581,14.91
171138,14.91
11910,14.91
242911,15.13
166720,14.91
133906,14.98
164549,14.91
187033,14.91
106605,15.48
278081,14.91
83000,14.91
233141,14.91
114374,15.05
27489,15.05
76957,14.91
106483,14.91
103839,14.91
228148,14.91
86398,15.48
181499,14.98
147894,14.91
280263,14.91
293359,14.91
284974,14.91
113066,14.91
83495,14.91
197814,14.91
42357,13.96
221869,14.91
85004,15.48
85497,15.48
112527,14.91
233394,14.91
90807,14.91
179094,14.91
161962,15.48
84639,14.91
58796,13.96
118091,15.48
28504,14.91
59585,14.91
12298,15.48
109653,15.48
214426,13.96
199306,14.91
56607,15.48
23482,13.96
246357,14.91
214492,15.48
178714,14.91
44026,14.91
198702,14.91
267639,13.96
69059,14.91
122969,14.91
231193,14.91
261277,14.91
225891,14.91
200628,15.48
79980,14.91
243,13.96
118488,14.91
170621,14.91
268043,13.96
46907,14.91
174040,15.48
27379,14.91
84812,14.68
62628,14.91
166410,15.12
63438,13.96
21234,14.91
295406,15.05
75886,14.91
1150,13.96
5343,14.91
213619,14.91
151282,14.91
248077,15.48
224915,14.91
86543,14.91
66208,14.91
167843,15.48
104359,14.91
84065,15.13
279004,14.91
61718,14.91
39265,14.91
263263,15.48
174298,14.91
238294,14.91
205030,14.91
71016,14.91
272145,14.91
195509,14.91
35211,14.91
80697,14.91
246262,14.91
176852,14.91
13432,14.91
49472,14.91
3433,14.91
45471,15.48
5772,14.91
221391,14.91
109252,13.96
169346,14.91
114758,15.48
118134,14.91
63783,14.91
135890,14.91
193461,14.91
110001,13.96
38806,14.91
284380,15.05
195685,14.91
40538,14.91
248285,15.48
147715,14.91
80506,14.91
243683,14.91
247538,14.91
259308,15.05
3486,15.48
173852,14.91
19580,14.91
129402,14.91
233998,14.91
163574,14.91
71607,15.48
121146,14.91
7754,15.48
140456,14.91
256521,14.91
205817,14.91
269764,15.48
225497,14.91
220146,14.91
188804,14.91
57695,14.91
81654,14.91
145311,14.91
185885,14.91
34131,15.48
65084,14.91
31583,15.12
29077,14.91
262177,14.91
54944,14.91
96921,14.91
138281,14.91
68538,14.91
251257,14.91
163066,14.96
214999,15.48
86395,15.48
216062,15.48
278153,14.91
32933,14.91
130191,14.91
32000,14.91
166998,15.13
60869,15.48
48078,13.96
61843,15.48
81523,14.91
44647,14.91
5966,14.91
44576,14.91
238689,14.91
76750,15.48
8835,14.91
166501,14.91
116064,14.91
59013,14.91
124803,14.91
59249,14.91
241568,14.91
202366,14.91
228336,14.91
104366,15.48
284284,15.48
148523,14.91
166204,14.91
235323,15.48
193482,13.96
111831,15.48
229759,14.91
274492,14.91
288413,13.96
275651,14.91
121597,15.48
191472,14.91
133116,15.05
140882,14.91
270658,15.48
26961,14.91
12731,14.91
274865,15.48
15498,14.91
144663,15.05
192697,14.91
186680,14.91
226660,14.91
172777,14.96
169697,14.91
105566,15.48
192957,14.91
225375,14.91
215302,14.91
62066,14.91
232414,14.91
89046,14.91
83588,14.91
132911,15.48
160783,15.48
91332,14.91
34767,15.48
48578,14.91
65520,14.91
154900,14.91
189488,14.91
39772,14.91
113078,14.91
179958,14.91
123784,15.48
241797,15.48
251158,14.91
225807,14.91
131221,14.91
235063,14.91
270958,14.91
143259,15.48
137053,14.91
296152,14.91
180332,15.48
120334,15.12
151666,14.91
109132,14.91
239353,14.91
27594,14.91
75619,14.91
149047,14.91
167237,14.91
36909,13.96
80745,15.48
85046,14.91
236642,14.68
153635,14.91
111411,14.91
119073,14.91
113109,14.91
64513,15.48
218744,14.98
141063,14.91
261409,14.91
261819,15.48
182325,15.13
196173,14.91
101543,15.05
288846,14.91
70115,13.96
270828,15.48
80736,15.48
149349,14.91
9804,15.05
258123,14.91
227305,14.91
52757,15.48
69615,14.91
227725,14.91
229208,14.91
195725,14.91
135115,15.13
258080,14.91
158307,14.91
211899,15.05
209433,14.91
294467,14.91
217659,14.91
18534,14.91
51358,14.83
294357,14.91
260866,14.91
180911,14.91
71146,14.91
99670,15.48
141348,15.48
236137,14.91
125970,14.91
133041,15.48
47383,14.91
257950,15.48
147061,14.91
97541,15.05
293739,14.91
37596,14.91
207784,14.91
138856,14.91
200761,14.91
256901,14.91
129799,14.91
172598,14.91
273700,15.48
264306,15.48
42469,14.91
153073,14.91
75442,14.91
110695,14.91
28719,14.91
118935,14.91
55861,14.91
294591,13.96
234444,15.48
70339,14.91
79729,14.91
34234,15.48
126313,15.48
127981,14.91
134280,14.91
48859,14.91
13250,14.91
54047,14.91
125997,14.91
121319,14.91
49674,14.91
137005,14.98
291896,14.91
72453,13.96
52060,14.91
45897,14.96
260304,14.91
154484,15.48
290637,14.91
232609,13.96
108060,14.91
280160,14.91
280413,14.91
178477,14.91
37524,14.91
123794,14.91
272011,14.91
155210,14.91
181173,14.91
205673,15.48
32306,14.91
118885,14.91
232201,14.68
199861,14.91
145597,14.91
184523,15.05
212005,14.91
150443,15.48
130425,15.48
79356,14.91
264682,15.48
217551,14.91
22934,13.96
21982,14.91
153801,15.48
229180,14.91
89311,14.91
226647,14.91
198736,13.96
241515,15.48
52322,15.48
234851,15.12
150273,14.91
251089,15.48
243160,14.91
122386,15.48
29220,14.91
14018,14.91
283179,14.91
19857,14.91
274567,15.12
232970,15.48
35221,14.91
43313,14.91
219417,15.48
227313,14.91
107606,15.48
114540,15.48
76476,14.91
10012,14.91
76972,14.91
41426,14.91
295035,14.91
32524,14.68
209670,14.91
258426,14.91
271989,14.91
211630,15.48
217600,14.91
291184,14.91
184490,15.48
105690,14.91
271946,14.91
140724,14.91
9548,14.91
227278,15.13
196984,14.91
78274,15.48
9681,15.12
137514,14.91
234392,14.91
171526,14.91
259316,15.48
279133,13.96
285601,15.48
220345,14.91
94189,13.96
113829,15.13
46676,15.48
288866,14.91
11411,14.91
183749,15.13
262692,14.91
249927,14.91
56739,15.48
75985,15.48
123404,15.48
85719,13.96
228335,15.48
110637,14.91
56071,15.48
214193,15.48
156163,14.91
272736,15.48
213179,15.48
189871,14.91
150838,14.91
297567,14.91
255870,14.91
170501,15.48
132852,14.91
17778,14.91
9320,13.96
258399,15.48
219330,14.91
166743,14.91
103752,15.48
122050,15.48
253253,14.91
282817,15.48
194882,15.48
75141,14.91
131755,14.91
240988,15.48
195011,15.48
296017,15.48
177678,14.91
6012,15.48
14772,13.96
50652,14.91
145794,14.91
179139,14.91
104658,14.91
108559,14.91
73365,14.91
265295,15.48
14766,14.91
51324,15.48
280991,15.48
260819,15.05
13597,15.48
213344,14.96
51784,14.91
126923,14.91
32749,14.91
153821,13.96
234349,15.48
8764,14.91
35945,14.91
222354,14.91
18602,14.91
21044,14.91
124743,15.48
124004,15.48
121473,14.91
161317,15.48
160725,15.48
49095,14.91
55496,15.48
210922,14.91
76047,14.91
208719,14.91
33428,14.91
139721,15.48
35054,15.48
231776,13.96
257500,15.48
213774,14.91
237245,15.48
66162,13.96
268542,15.48
52963,13.96
206610,14.91
244484,14.91
221736,14.91
140434,14.91
128844,14.91
3260,15.48
28120,15.48
214877,15.48
246005,15.12
101929,14.91
19281,15.48
275290,14.91
27456,15.48
14705,14.91
97258,14.91
69733,14.91
80354,14.91
113082,13.96
15830,15.48
249299,15.48
59589,14.91
222842,14.91
244334,14.91
97715,14.91
36367,15.48
148983,13.96
208540,14.91
1176,14.91
84637,14.91
32263,14.91
136609,15.05
296067,14.91
299361,14.91
163534,14.91
290760,14.91
114724,13.96
109776,14.91
260765,15.48
68655,14.91
221252,15.48
124136,14.91
253350,14.91
76482,15.48
138075,14.91
33212,14.91
197014,15.48
119785,14.91
146436,14.91
223408,14.91
255024,14.91
176032,14.91
258418,14.91
196961,14.91
280712,15.48
166097,14.91
120604,14.91
64827,15.48
251029,14.91
37578,14.91
122030,15.48
150997,14.91
99601,15.48
159536,14.91
62621,13.96
58974,13.96
174161,14.91
33381,14.91
299408,14.83
202837,14.91
70011,14.91
225885,14.91
18008,14.91
230975,14.91
234532,14.91
81764,14.91
220161,14.91
153957,14.91
108430,14.91
122127,14.91
62604,14.91
3672,14.91
170301,15.48
214581,14.91
69226,14.91
67752,14.91
139141,14.91
199878,14.91
103672,14.91
142297,14.91
237325,14.91
284088,14.91
251277,14.91
253759,14.91
286068,15.48
120028,14.91
40722,14.91
103625,14.91
238259,14.91
83277,14.91
64769,14.91
68166,15.48
164279,14.91
273602,15.48
136231,14.91
82410,15.05
200822,14.91
67214,14.91
56230,14.91
149340,14.91
65916,14.91
256357,15.48
250858,14.91
131963,15.48
294365,13.96
201924,15.48
42992,14.91
39171,14.91
196539,14.91
22078,15.48
57367,14.98
168432,14.91
223821,15.48
23635,14.91
114637,15.48
56611,15.48
261806,14.96
47697,15.48
43887,15.48
102102,15.48
219958,14.91
32878,14.91
122945,14.91
34972,14.91
251840,15.05
127724,14.91
42658,14.91
271110,14.91
174836,14.91
10698,14.91
45382,15.48
62326,14.98
172879,15.05
102115,14.91
27380,14.91
141714,15.48
212318,14.91
159249,14.91
281048,15.48
25757,14.91
37944,14.91
173641,14.91
16480,14.91
9423,15.48
180743,14.91
172149,15.48
136822,14.91
93413,15.48
46510,14.91
119868,14.91
8777,15.12
247247,14.91
15758,14.91
279553,14.91
41212,14.91
164119,14.91
25674,14.91
129896,14.91
247724,14.91
91670,14.91
286576,14.91
258803,14.91
60986,14.91
164280,14.91
185432,13.96
69486,14.91
165861,14.91
250454,13.96
148024,14.91
201263,13.96
5973,14.91
264090,14.91
147616,14.91
50260,14.91
193462,14.91
105657,14.91
220303,14.91
84522,15.48
80440,14.91
237850,15.48
46115,14.91
173819,14.91
165382,14.91
251067,14.91
223116,14.91
4280,14.91
58292,14.91
99202,15.13
148255,15.48
293742,14.91
9494,15.48
17495,14.96
159680,15.05
191279,14.91
219308,14.91
181687,14.91
199069,14.91
16963,15.05
52874,14.91
70782,14.91
1465,14.91
60435,14.91
35636,14.91
294921,14.91
212086,14.91
80530,14.91
134666,14.91
266818,14.91
23174,15.05
159160,15.48
270949,15.48
165943,14.91
282899,15.48
258730,15.13
177649,14.91
181670,14.91
31624,14.91
28217,14.91
274972,14.98
16154,14.91
111735,15.48
28677,15.48
109827,14.91
123478,14.91
116935,15.48
45381,15.48
180363,15.48
38667,14.91
182488,15.48
89451,14.91
106671,14.91
184790,15.48
228005,14.91
205762,15.48
167162,13.96
268237,14.91
109012,14.91
229337,14.91
258613,15.48
196341,14.91
293421,14.91
11921,14.91
67710,14.91
152223,15.48
196612,14.91
187385,14.91
232011,14.91
221974,14.91
80653,14.91
107306,14.91
159198,14.91
46791,14.96
84959,14.91
139381,14.91
49992,14.91
131494,14.91
185258,14.91
294988,14.91
102921,14.91
31639,14.91
3902,14.91
11973,14.91
13118,14.91
23784,14.91
146103,14.91
163653,14.91
159972,14.91
273078,14.91
298111,14.91
185097,14.91
97662,14.91
228347,14.91
163965,14.91
192940,14.91
272107,14.91
34803,14.91
262752,15.48
33641,15.48
260283,15.48
151607,15.48
101396,14.91
107403,15.48
254427,14.91
87713,14.91
171238,14.91
44005,15.48
78867,14.91
230139,14.91
63988,14.91
216217,15.48
297100,14.91
101343,14.91
150103,14.91
232444,14.91
46899,13.96
78677,14.91
292644,14.91
214177,15.48
42816,14.91
76853,14.91
9580,14.91
156511,15.12
105240,13.96
131156,14.91
181979,14.91
17835,14.91
187704,14.91
269513,14.91
258086,15.48
48082,14.96
137996,13.96
208505,14.91
280517,14.91
258699,14.91
148766,13.96
225630,15.48
39957,14.91
192347,15.48
251906,15.48
139522,14.91
288952,14.91
30203,14.91
111017,15.48
235546,14.98
31894,14.91
264736,14.91
272112,14.98
154665,14.91
126764,14.91
65235,15.48
214198,15.48
66752,13.96
32516,14.91
165931,14.91
283449,15.12
250613,14.91
10840,14.91
153545,14.91
156457,15.48
53167,14.91
19735,14.91
192685,14.91
283948,14.91
158930,15.48
165510,14.91
93511,14.91
63416,14.91
198762,15.48
197225,14.91
40535,14.91
181458,15.48
101855,15.48
146549,14.91
271516,14.91
216495,14.91
285865,14.91
164170,14.91
187107,14.91
75953,14.91
166484,14.91
53078,14.91
236632,14.91
29268,14.91
96362,14.98
46608,14.91
92922,14.91
94716,14.91
181395,13.96
254167,13.96
154723,14.91
197786,14.91
140328,14.91
17610,14.91
53045,15.48
55400,14.91
20904,14.91
290107,14.91
90209,14.91
205431,14.91
248987,14.91
67680,14.91
126320,15.48
2200,14.91
39138,14.91
173363,15.48
150386,14.91
221228,14.91
33480,14.91
29387,14.98
212667,14.91
291694,14.91
1447,14.91
108951,14.91
3214,14.91
195176,14.91
265767,15.05
191587,14.91
167083,14.91
129494,14.91
60629,14.91
148812,14.91
152670,15.13
170795,14.91
91183,15.48
210768,13.96
7456,15.48
27271,14.91
49080,14.91
209028,13.96
10124,15.48
18576,14.91
8246,14.91
269931,14.91
186029,14.91
222057,14.91
116279,15.48
156612,15.05
185250,14.91
254343,15.12
282873,14.91
113511,15.48
214337,14.91
112954,15.48
262439,14.91
109706,14.91
87256,13.96
277336,14.91
87237,14.91
40027,14.91
79434,14.91
100911,14.91
189824,15.48
221988,14.91
22822,14.91
120956,14.91
75635,14.98
122723,14.91
194411,14.91
88571,14.91
280349,14.91
225321,15.05
35060,15.48
242785,15.48
242259,15.48
114203,14.91
285817,14.91
150197,14.91
226679,14.91
173450,14.96
286976,14.91
199124,15.48
22338,14.91
278028,14.91
328,15.48
202793,15.48
103766,15.05
59134,15.48
282030,15.05
292124,15.48
204468,14.91
285592,15.05
259095,14.91
41125,15.48
294835,14.91
35102,14.91
180971,14.91
227280,15.48
1157,15.48
155784,15.48
270825,15.48
212408,15.48
2659,14.91
259208,15.48
216114,14.91
194539,15.48
153379,14.91
30560,13.96
249631,14.96
5732,15.48
147845,14.91
185161,14.91
38479,14.91
161314,15.48
46331,14.91
211821,14.91
167620,14.91
293441,15.48
130903,14.91
251516,15.48
141766,14.91
135577,14.91
266757,15.13
270961,15.05
170493,15.05
215955,15.05
20570,14.91
214995,14.91
46513,15.48
18063,14.91
105743,15.48
295467,15.48
52112,14.91
179561,15.48
172838,14.91
189458,14.91
176343,14.91
5741,14.91
253508,14.91
55372,14.91
252131,14.91
88546,14.91
25965,15.05
59344,15.12
108600,14.91
91947,14.91
267305,15.05
83907,15.05
272540,15.48
210655,15.48
248081,14.91
294137,14.91
193034,14.91
65762,14.91
30159,14.91
8185,14.91
8101,14.91
84283,14.91
125960,14.91
245413,14.91
149070,15.48
267570,14.91
11040,14.91
279950,14.91
16581,14.91
249936,15.12
253592,14.91
147429,14.91
72305,15.05
15092,14.91
129050,14.91
191054,14.91
232324,14.91
122906,14.91
101400,14.91
263273,15.48
203262,14.91
185074,15.05
155676,14.91
199670,15.48
115017,15.48
239606,14.91
236950,14.91
211197,15.48
239728,14.91
53021,14.91
281326,14.91
136085,14.91
148717,14.91
237096,15.48
174810,15.48
232564,14.91
70635,15.48
118717,15.48
147318,14.91
298314,14.91
84539,15.48
140628,14.91
212298,14.91
132781,14.91
284287,14.91
246771,15.48
38456,14.91
67089,14.91
208711,14.91
222575,14.91
217133,15.48
280552,14.91
225200,14.91
133105,14.91
180336,14.91
101177,14.91
162774,13.96
175219,15.48
150388,14.96
289765,14.91
37268,14.91
265841,14.91
110097,14.91
263812,15.48
35453,14.91
66374,14.91
110340,15.48
189604,14.91
175256,14.91
140443,14.91
203042,15.48
35146,14.91
146579,14.91
176932,15.48
5561,14.91
112596,15.48
117958,14.91
237965,14.91
198614,14.91
151442,15.48
211397,14.91
24325,15.48
30810,14.91
154770,15.48
284038,14.91
276926,14.91
133188,15.48
15975,14.91
195000,15.48
103116,14.91
11296,14.91
71930,15.48
224581,14.91
65875,15.48
70453,14.91
77973,14.96
21230,14.91
146369,14.91
244723,15.48
274954,15.48
29752,14.91
11969,15.48
66809,14.91
274719,15.48
84354,14.91
34990,14.91
215035,14.91
64664,15.48
184908,14.91
203312,14.91
163804,14.91
278981,14.91
28086,14.91
83426,14.91
161889,15.48
225609,14.91
229943,15.48
23093,15.05
36166,15.48
245495,14.91
86918,15.48
135,14.91
86500,14.91
22081,13.96
146679,14.91
102137,14.91
224752,15.48
34069,15.48
73531,14.91
143722,14.91
252433,15.05
105023,14.98
114087,14.91
175566,14.91
77396,15.48
60267,14.91
225438,14.91
282194,13.96
26835,14.91
277790,13.96
167988,14.91
212570,14.91
75711,14.91
288971,14.91
52740,15.48
93172,15.13
101254,14.91
296665,13.96
155039,14.96
52064,14.91
129748,14.91
78406,14.91
216537,14.91
32226,15.48
252639,14.91
252909,15.48
294888,14.91
54856,14.91
101926,14.91
16517,15.48
260543,14.91
13238,15.48
231108,14.91
82693,14.91
225894,14.91
147795,14.91
260740,15.48
136304,14.91
223855,14.91
220895,15.48
120846,14.91
101641,15.48
46421,14.91
72861,15.48
130588,14.91
194233,14.91
164349,15.48
259625,14.91
217025,15.48
137262,14.91
130335,14.91
202045,13.96
11380,14.91
175082,15.12
157940,15.05
15093,14.91
155523,14.91
168224,15.12
172617,14.91
249949,15.48
62721,15.48
297860,13.96
181284,14.91
52911,15.48
237393,14.91
55468,15.48
46201,15.48
274020,15.48
28429,14.91
186909,14.91
143018,14.91
151030,15.48
140449,15.13
64088,14.91
146615,14.91
55617,14.91
298598,14.91
32084,14.91
44267,15.12
134558,14.91
26075,15.48
158991,14.91
155940,15.48
203504,14.91
243076,14.91
116987,14.91
287854,15.05
217942,14.91
150347,14.91
246614,14.91
154164,14.91
463,14.91
85537,14.91
113473,15.13
173912,14.91
213301,14.91
232860,14.91
245673,14.91
268990,14.91
5905,14.91
135473,15.48
165677,14.91
231927,15.05
206982,15.05
129750,14.91
261503,14.91
237176,14.91
186883,14.96
195386,14.68
244283,14.91
115295,15.48
253882,14.91
127916,15.48
9129,13.96
298714,15.13
165541,15.48
97985,14.91
93038,14.91
278065,14.91
149150,14.91
86827,14.91
59891,14.96
181901,14.96
12749,14.91
262263,14.91
140279,15.48
77741,15.05
254403,15.48
85369,14.91
147213,14.91
25881,14.91
206344,14.91
210394,14.91
111684,15.48
182902,15.48
63837,14.91
177869,14.91
292902,14.91
66941,13.96
200256,14.91
126558,15.13
92666,14.91
253474,15.48
154895,15.48
19598,14.91
60061,14.91
185833,14.91
255802,15.13
144511,14.91
12383,14.91
255502,14.91
167834,15.48
30458,14.91
93477,13.96
73056,14.91
280301,14.91
295290,15.48
292795,14.91
279875,14.91
181070,15.13
235640,15.48
216134,14.91
66938,14.91
157955,15.13
206777,14.91
135924,14.91
119431,15.48
218409,14.91
75887,14.91
257694,14.91
98082,14.91
236993,14.91
103106,14.91
205371,14.91
114779,14.91
229815,15.48
94525,14.91
48120,15.48
297507,14.91
210093,14.91
70980,14.91
32253,15.48
91359,15.48
251579,15.48
99559,14.91
92613,14.91
111293,14.91
13850,14.91
193106,15.48
272399,14.91
209956,14.91
62666,14.91
257346,14.91
46909,14.91
97372,14.91
26309,14.91
81173,15.48
40057,13.96
121217,14.91
240178,14.91
3086,15.48
280427,14.91
30936,14.96
143810,14.91
73988,14.96
201026,14.91
8271,14.91
143624,14.91
123428,14.91
56328,14.91
205826,13.96
19919,14.91
263859,14.91
32719,14.91
23862,14.91
163177,15.48
42436,15.05
175364,14.91
116365,14.91
54635,15.13
157337,15.48
77968,14.91
100046,13.96
133191,15.05
216012,15.48
193312,14.91
21627,14.91
49650,14.96
226961,14.91
263864,14.91
233017,15.48
280945,14.91
86468,15.12
15834,14.91
49774,15.48
28894,14.91
249297,14.91
30731,14.91
292152,15.48
276681,14.91
135821,15.05
73384,14.91
269848,15.48
36606,14.91
100810,14.91
134257,15.48
58464,14.91
48509,14.91
199160,14.91
69958,15.48
261279,14.91
78152,14.91
156531,15.05
150917,14.91
9627,13.96
114973,15.48
218950,14.91
207970,14.91
208277,15.48
291006,14.91
103181,15.48
34095,14.91
159981,15.48
57345,14.91
23997,14.91
250892,14.96
296219,14.91
10194,14.91
254245,15.48
193062,14.91
96180,15.05
19557,14.91
60224,14.91
277867,14.91
10950,14.91
6081,14.91
72279,15.48
158,14.91
116230,14.91
53812,14.91
122335,14.96
118298,15.12
288276,15.48
112484,14.91
184138,14.91
110249,15.48
247417,14.91
298025,14.91
145918,14.91
65900,14.91
33696,14.91
138959,15.48
294390,14.91
41912,14.91
287064,13.96
122034,14.91
172374,14.91
71753,14.91
213967,14.91
175355,15.48
263748,15.05
132887,14.91
97319,14.91
165964,14.91
145394,14.91
245273,14.91
4193,14.91
243018,15.05
119533,13.96
279058,14.91
117365,14.91
147335,14.91
66739,14.91
152896,15.48
14269,14.91
19278,14.91
108586,15.48
161004,15.05
183278,14.91
125809,15.48
220962,14.91
224355,13.96
107175,14.91
230070,15.48
209650,14.91
227072,14.83
258851,14.91
71791,14.91
215026,14.91
52677,14.91
251125,15.48
96420,14.91
213847,14.91
64997,15.48
294703,14.91
89486,13.96
186121,15.12
257102,13.96
86482,15.05
255713,14.91
113192,14.91
221112,14.91
93150,14.91
123268,14.91
217589,15.48
150586,14.91
49219,14.91
298257,14.91
227846,15.48
147396,14.91
56672,15.05
295581,15.48
9311,14.91
259435,14.91
259640,15.48
123127,13.96
263275,15.48
110120,14.91
113418,15.48
190134,14.91
289390,14.91
26363,14.91
183516,14.91
254098,14.91
261125,14.91
593,14.91
237452,14.91
50777,14.91
86228,14.91
283667,14.91
56366,15.48
167861,13.96
20748,14.91
68899,14.91
16968,15.48
166773,14.96
178480,14.91
171085,14.91
68159,14.91
119161,15.48
150877,14.91
163748,14.91
82291,15.48
29110,14.91
23415,14.91
187212,14.91
77627,14.91
186951,15.48
54959,14.91
108211,14.91
234806,14.91
60114,14.91
95820,15.48
34642,15.13
164516,14.91
46947,15.13
55492,14.91
262178,15.48
2455,14.91
246981,14.91
83878,14.91
3534,14.91
40620,13.96
130478,14.91
180637,13.96
296534,14.91
150697,14.91
247167,15.48
142874,14.91
256478,15.05
95101,14.91
227003,15.48
146559,14.91
1523,14.91
12816,14.91
179984,15.48
43077,15.48
266661,14.91
240472,14.91
138548,15.48
104508,14.91
184320,14.91
116553,14.91
116487,15.48
232596,14.91
270325,14.91
287846,15.12
238288,14.91
150661,15.48
134672,14.91
107375,14.91
169141,15.48
160008,15.48
128667,15.48
258253,15.48
237746,13.96
115818,15.48
28825,14.91
156595,14.91
249191,15.13
82584,15.12
136801,15.05
162664,15.13
94790,14.91
27335,14.91
162580,15.05
279890,13.96
127813,14.91
261527,14.91
48132,14.91
292470,14.91
27330,14.91
55381,14.91
183313,13.96
107845,14.91
78674,14.91
245909,14.91
285257,15.05
32995,14.91
28375,14.91
238630,14.91
49290,14.91
157588,15.48
100139,14.91
40288,15.48
46335,14.91
56887,14.91
71091,14.91
7750,14.91
190036,15.48
230382,14.91
282760,15.48
249175,15.05
94049,14.91
136508,15.48
115367,14.91
159686,14.91
172134,14.91
132458,14.91
59224,14.91
58304,15.48
89430,14.91
9895,15.48
7929,14.91
29552,14.91
177449,14.91
57216,15.48
75303,15.13
88645,15.05
61013,14.91
201560,14.91
91250,14.91
55607,14.91
179091,14.91
31093,14.91
190244,15.48
121065,14.91
71719,14.91
133392,14.91
219141,15.48
206180,14.91
284791,15.48
259635,15.13
148904,14.91
176304,14.91
227087,13.96
253966,14.91
293798,14.91
84130,15.48
99490,14.91
132790,15.48
94357,14.91
280581,13.96
220048,15.48
146352,15.48
263144,14.91
786,14.91
249076,15.48
248301,15.48
28281,14.91
90403,14.91
128986,14.91
134467,14.91
124060,14.91
243036,14.91
232898,14.91
61517,14.91
249719,14.91
30953,15.48
36698,14.96
252381,15.48
9677,14.91
179394,14.91
285908,14.91
143443,14.91
675,15.48
248340,14.91
41657,15.48
121447,15.48
24640,14.91
94048,14.91
218003,14.91
104723,14.91
102533,15.13
111322,14.91
297313,14.91
251344,15.05
238465,13.96
218952,14.91
123018,14.91
295484,14.91
241105,15.48
288070,14.91
152119,14.91
295553,14.91
102750,14.91
131731,15.48
93565,15.13
119692,14.91
25421,14.91
254539,14.91
161561,14.91
211915,15.05
36128,15.05
202601,15.48
150864,14.91
108448,14.91
258743,15.05
256036,14.91
249280,14.91
132770,15.05
149074,15.48
84787,13.96
44757,14.91
249491,15.05
196124,14.91
184095,14.91
285565,14.96
283267,14.91
258339,15.48
294587,14.91
50659,14.91
186949,15.13
154242,14.91
68136,14.91
45457,14.91
191351,14.91
229364,14.91
106208,15.48
62169,15.48
142699,14.91
223103,14.91
273287,15.05
133756,15.48
200056,14.91
169456,14.91
210053,14.91
24292,15.48
173558,14.91
119245,14.91
118621,13.96
282252,15.48
293416,15.13
261118,14.91
246873,15.48
82328,14.98
43592,14.91
157365,15.48
95759,15.48
200444,14.91
174381,14.91
84638,14.91
38839,15.13
30847,14.91
15097,14.91
60277,14.91
117854,15.48
50077,14.91
264559,15.48
94741,14.91
171013,14.91
97513,14.91
108696,14.91
287533,15.48
3166,14.96
182822,15.48
222147,14.91
131716,15.48
180215,14.96
282872,14.91
28963,14.91
24973,15.48
158615,15.48
146411,14.91
279651,14.91
131468,14.91
138806,14.91
141290,15.48
63790,14.91
58971,13.96
239890,14.91
85976,14.91
3061,15.48
254647,15.05
168520,14.91
242313,14.91
210415,14.91
143100,15.13
119606,15.48
261629,15.48
71937,14.91
292869,14.91
263779,15.48
35845,15.48
70615,14.91
165109,14.91
241200,15.05
202381,14.91
50170,14.91
166967,14.91
196023,14.91
25703,14.91
165643,15.48
91803,14.91
64895,14.91
209073,14.91
54093,15.48
196865,15.05
58415,14.91
260951,14.91
179372,15.48
249803,14.91
266738,14.96
299253,15.48
75454,13.96
268090,14.98
112854,14.91
145524,14.91
271316,14.91
167728,15.48
41628,14.91
162716,15.13
75994,14.91
14703,14.91
70184,15.48
186926,15.05
245214,14.91
72566,15.48
220669,14.68
76882,14.91
242886,15.48
217079,14.91
139949,14.91
168102,13.96
292286,15.13
174240,14.91
110381,14.91
45140,14.91
224753,15.48
93436,15.48
262684,14.91
19601,14.91
155057,15.12
21904,14.91
82621,14.91
219275,14.91
37496,14.91
273253,13.96
149772,14.91
101636,14.91
226081,14.91
257431,14.91
232532,13.96
7983,13.96
210601,15.48
247525,15.48
234885,15.48
248199,14.91
295089,14.91
176643,14.91
141656,15.48
94641,14.91
55201,15.48
210962,14.91
200098,14.91
92835,15.48
104141,15.48
42778,15.48
11342,14.91
122746,14.91
80724,14.91
110517,14.91
64093,15.48
62929,14.91
263169,15.48
36107,14.91
58169,15.12
226429,14.91
278663,14.91
107404,14.91
44859,14.91
261561,14.91
46600,15.48
100382,14.91
10908,14.91
103643,14.91
178340,15.48
290043,14.91
68365,15.48
150557,14.91
139239,14.91
9925,14.91
202327,15.48
97144,15.48
212778,15.48
197419,14.91
115920,14.91
162748,14.91
102437,14.91
28896,14.91
117564,14.91
292847,14.91
212957,14.91
168462,14.91
191757,14.91
8230,15.48
196015,14.91
187506,14.91
205660,14.91
231637,15.48
93692,15.13
224449,14.91
126685,14.91
108669,15.48
37654,14.91
240218,15.48
36907,14.91
215636,14.96
105640,14.91
277130,15.05
75545,14.91
88223,15.48
61071,14.91
60510,14.91
63481,15.48
232408,14.91
242042,14.91
26308,14.91
54719,13.96
26990,14.91
248812,14.91
56967,14.91
261856,14.91
136350,15.48
102879,14.91
73851,14.91
16558,14.91
102196,14.91
216126,14.91
41449,15.48
291960,14.91
83765,15.13
110141,15.13
273695,14.96
249569,14.98
3619,15.48
152825,14.91
119231,13.96
160752,15.13
269912,14.91
126224,14.91
142301,14.91
90627,14.91
103442,14.91
214087,14.91
138830,15.48
224217,14.91
283167,13.96
149073,14.91
240645,14.91
278946,15.48
244100,14.91
172599,14.91
283588,14.91
1675,14.91
21979,13.96
156585,14.91
23440,14.91
143796,14.91
8725,14.91
87770,15.13
189905,15.48
293036,14.91
128747,14.91
71774,14.91
208915,15.48
128493,14.91
170053,14.91
260331,14.91
275759,14.91
111964,15.48
123133,14.91
91715,14.91
294336,14.91
116641,14.91
857,14.91
214513,14.91
136776,14.91
22823,14.91
39332,14.91
61798,15.48
22089,14.96
166497,14.91
79520,14.91
20698,14.91
146819,14.91
181706,15.48
299357,14.91
186658,15.13
165865,14.91
252197,14.91
72291,14.91
216740,15.13
225922,14.91
222871,14.91
110213,14.91
296474,14.91
44307,14.91
107911,15.48
177915,14.91
184331,14.91
162568,14.91
231105,14.91
187519,15.48
130626,13.96
48873,14.91
243420,13.96
189675,14.98
53813,14.91
289287,15.48
96577,15.48
211736,15.48
234465,14.91
268561,15.48
270832,14.91
247702,15.48
187016,14.91
197738,14.91
128096,15.48
270932,14.91
270925,14.91
158091,14.91
207848,14.91
273035,14.91
99954,15.48
285332,14.91
3632,15.12
70279,14.91
8974,14.91
10673,14.91
51894,14.91
253273,14.91
291670,15.48
270560,14.91
53817,14.91
182877,15.05
104888,15.48
187222,15.12
150986,15.48
161843,15.48
34116,14.91
83897,15.48
30582,14.91
239138,14.91
119327,14.91
89624,15.48
165769,14.91
274174,14.91
244374,15.48
257248,15.05
152915,14.91
126719,15.48
145797,14.91
5120,14.91
93559,14.91
21744,14.91
8403,14.91
127980,15.48
260018,15.48
280950,15.48
46879,14.91
68990,15.48
181988,14.91
6417,15.48
153040,14.91
201864,14.91
231107,14.91
89965,14.91
266686,14.91
274218,15.48
289980,14.91
181573,14.91
39538,14.91
152251,15.48
164866,15.13
97351,15.48
37128,14.91
22400,14.91
277897,14.91
167212,14.91
186431,15.13
150597,15.48
79834,15.13
268203,14.91
83297,15.05
58379,13.96
123213,14.91
85338,14.91
240934,14.91
94400,14.91
120163,15.05
15261,14.91
166737,15.48
104993,14.96
143350,13.96
170700,14.91
253948,14.91
166443,15.48
148551,14.91
147016,14.91
187053,15.48
41668,15.48
39043,14.91
197537,14.98
87100,15.48
26269,14.91
66764,14.91
116201,14.91
191911,15.48
233918,14.91
87830,14.91
121573,14.91
119651,14.91
173373,14.91
218537,14.91
145682,14.91
76164,14.91
222723,14.91
297543,14.91
69828,14.91
164589,15.05
108984,14.91
142087,14.91
61214,14.91
11136,15.13
56845,14.91
51386,14.91
138351,15.48
152183,14.91
18988,14.91
61524,14.91
68476,14.98
278792,15.48
198391,14.91
86664,14.91
90765,14.91
76138,15.13
143341,14.91
185740,14.91
258472,14.91
35846,15.48
66251,14.91
225838,14.91
277900,14.91
122635,14.91
2453,14.91
124710,15.48
144285,14.91
101593,14.91
55576,14.96
78086,14.91
254102,14.91
266927,15.48
98639,15.48
190956,14.91
74929,14.91
252425,15.48
246007,14.91
217160,15.48
123388,14.91
297094,15.48
11395,14.91
24842,14.91
133065,14.91
31237,15.05
252406,15.48
175451,14.91
210877,14.91
17115,13.96
275427,14.91
121811,13.96
15916,14.91
93457,14.91
129081,14.91
198321,14.91
158249,14.91
134932,14.91
141387,15.48
255324,14.91
283913,14.91
47886,15.48
249303,14.91
299141,14.91
229746,14.91
218945,14.91
55380,15.05
267246,15.48
71334,15.05
251447,14.91
27897,15.05
136675,15.48
16209,14.91
224031,14.91
149089,14.91
61611,14.91
31492,14.91
237062,15.48
240598,15.48
40189,15.05
324,14.91
106977,15.48
51383,15.05
47094,14.91
43662,15.48
267682,14.91
51925,15.48
39306,14.91
281433,14.91
212659,15.48
246479,14.91
256549,14.91
176306,14.91
148229,15.05
230251,14.91
14362,15.05
168871,14.98
120593,14.98
216224,14.91
89729,14.91
204961,14.91
257518,14.91
31312,15.48
196772,14.91
178525,14.91
298008,14.91
238072,14.91
273883,15.48
102481,13.96
76650,14.91
261191,14.91
243474,15.12
254587,14.91
143643,14.91
102645,14.91
265501,15.05
80157,15.48
125491,15.48
283370,15.05
286770,14.91
178153,14.91
7753,15.13
244274,13.96
22034,14.91
182167,15.48
118774,15.48
37592,14.91
20735,14.91
214704,14.91
229406,14.91
217458,15.48
31595,14.91
103559,14.91
273358,15.48
151702,14.91
290569,14.91
30032,15.05
13658,14.91
119153,15.48
137112,14.91
53506,15.48
32489,14.91
86705,14.91
69527,15.48
295975,15.48
101669,14.91
150498,15.05
92315,15.48
125090,14.91
7562,14.91
18209,14.91
6463,14.91
278166,14.91
84623,13.96
41603,15.48
284394,14.91
95899,14.91
263726,14.91
187799,14.98
206081,15.48
69461,15.48
208762,14.91
179639,15.48
232337,14.91
168161,13.96
201920,14.91
129362,14.91
56278,14.91
178602,14.91
258020,14.68
67449,15.48
269460,14.91
173475,14.91
79440,14.91
239361,13.96
60172,14.91
180806,14.91
51197,15.05
135049,14.91
62024,15.48
274449,14.91
159651,15.48
277225,14.91
37068,15.48
223735,14.91
184072,15.48
9352,15.48
191121,14.91
18930,13.96
47944,15.13
92005,14.91
111068,15.48
16011,14.91
181583,14.91
269342,14.91
68200,14.91
282237,15.13
240459,15.05
122122,14.91
117480,15.48
288904,13.96
220458,14.91
34750,14.91
137379,15.05
176940,14.91
147243,13.96
118069,15.48
240032,15.48
64116,15.48
96547,14.91
297301,14.91
103244,14.91
179617,14.91
133165,13.96
253751,13.96
118208,14.91
261096,14.91
168697,14.91
64526,15.48
51876,15.48
220621,14.91
181125,14.91
14888,15.48
194341,14.91
197403,14.91
261984,14.91
284414,15.48
8865,14.91
14667,14.91
226790,14.91
190424,15.48
115736,14.91
13504,14.91
281866,15.48
30175,14.91
50017,15.13
74900,14.91
295053,14.91
217402,14.91
109864,13.96
151192,15.48
144227,14.91
69946,15.48
38118,14.91
27503,14.91
249951,14.91
24994,14.91
4918,14.91
148156,14.91
50619,14.91
195360,14.91
279397,14.91
193403,13.96
74896,14.91
179236,14.91
60699,14.91
132163,15.12
272108,15.48
122390,14.91
275532,14.91
101914,14.91
99946,14.91
263393,14.91
4164,14.91
187367,14.91
34382,14.91
114568,14.91
246213,15.48
206508,14.91
136539,15.12
95824,15.05
5416,14.91
211088,14.91
233251,14.91
43607,15.48
6443,14.91
269758,14.91
224281,14.91
162934,15.48
89984,14.91
103776,15.48
86907,14.91
223425,15.48
134967,15.48
250761,14.91
112717,14.91
220865,15.48
224116,14.91
34926,15.48
215745,15.48
235675,14.91
263009,15.48
62087,14.91
251415,14.91
217131,14.91
169334,15.48
267161,15.05
120777,14.91
219580,14.91
240342,15.48
38045,14.91
208549,14.91
163943,15.48
279353,14.91
114932,14.91
208639,15.48
14558,15.13
226567,14.91
4059,15.48
133862,14.91
271460,13.96
263,15.48
142270,14.91
36929,14.91
136091,15.05
24519,14.75
165905,14.91
166496,15.48
117520,14.91
96518,15.48
146260,14.91
164755,15.05
98595,15.48
221768,14.91
147317,14.91
264709,14.91
60954,15.48
150471,14.91
191924,14.91
153643,14.91
49767,14.91
120673,14.91
140232,14.91
234261,15.48
254180,14.91
132246,15.05
236011,14.91
51641,14.91
89303,14.91
188341,14.91
18191,14.91
240976,14.91
37667,14.91
43731,14.91
142812,14.91
102234,14.91
47910,14.91
79587,15.48
210802,14.91
115680,15.48
252000,14.91
60795,14.91
118965,14.91
160184,14.91
26899,15.48
48048,14.91
63413,14.91
279436,14.91
225912,14.91
43067,15.05
73112,14.91
219980,15.48
197647,14.91
181058,15.48
169528,14.91
182786,14.91
43323,14.91
191208,14.91
104067,14.91
113010,14.91
68935,14.91
93417,14.91
284990,15.05
237121,15.48
59050,14.91
191097,14.91
101745,14.91
233680,15.13
11057,15.13
144150,14.91
293273,15.48
269477,14.91
103782,14.91
103855,15.48
141945,14.91
231597,15.48
289497,14.91
43065,14.91
4267,15.05
254182,15.48
50303,14.91
48778,14.91
197986,14.91
28048,14.91
265656,13.96
93877,14.91
155147,14.91
28938,14.91
248760,14.91
187778,14.91
290976,15.48
178237,15.48
226230,14.91
198444,14.91
237261,14.91
206103,15.48
241916,15.48
275127,14.91
218629,14.91
168698,14.91
297198,14.91
231036,15.48
146163,14.91
292221,14.91
265339,14.91
52062,15.48
232694,14.91
277187,14.91
54558,15.48
154345,15.48
85629,15.48
194065,15.13
122233,15.48
267854,14.91
215943,14.91
63621,15.05
298856,14.91
191589,14.91
231024,14.91
92998,14.91
250017,15.48
71340,15.48
3337,15.48
49344,15.48
12247,15.48
145265,14.91
185843,15.05
43385,14.91
220860,14.91
27740,14.91
99676,15.48
25987,13.96
5284,14.91
262578,15.48
64258,14.91
151778,14.91
210955,14.91
77482,14.91
291735,15.48
105154,14.91
103755,15.48
198322,14.91
262232,14.91
103724,15.48
247292,14.91
222609,14.91
159421,13.96
220505,14.91
231194,14.91
236878,13.96
116970,14.96
42648,14.91
53731,14.91
276318,14.91
19565,14.91
242683,14.91
187789,14.91
210974,13.96
122103,14.91
233486,15.48
104452,14.91
231955,14.91
231386,14.91
197540,15.48
208295,14.91
242331,14.91
220404,15.48
155699,15.48
18306,14.91
9024,14.91
266571,14.91
242047,13.96
132934,14.91
4527,14.91
198484,14.96
291699,14.96
298060,14.91
31113,14.91
82094,14.91
285198,15.48
297385,14.91
66211,15.48
205995,13.96
273974,15.05
285111,15.48
129404,14.98
255362,15.48
25388,14.91
199251,15.13
64155,14.91
273844,14.91
67671,14.91
37193,15.48
22146,15.48
51797,14.91
27192,14.91
285140,15.48
151886,14.91
70634,14.91
2051,14.91
227452,14.91
166448,15.48
186102,15.48
116194,14.91
275191,14.91
159902,15.48
63939,15.48
297873,15.48
296581,15.48
99054,15.48
230661,14.91
6478,14.91
108876,14.91
256867,14.91
100595,14.91
287825,14.91
64847,14.91
185322,14.91
133562,15.48
102553,14.91
287947,14.91
214369,15.48
126287,14.91
24808,14.91
139040,14.91
91630,14.91
50488,14.91
147950,14.91
255021,13.96
93117,14.91
67441,15.48
42258,15.48
160010,15.48
295145,15.48
158840,15.48
22886,14.91
83008,15.48
201086,15.48
173774,14.91
65356,14.91
271842,14.91
83428,14.91
288269,14.91
41981,15.48
155748,15.05
42578,15.48
214773,15.48
39270,14.91
1732,14.91
9430,14.91
196442,14.91
125929,14.91
243937,15.48
118902,14.91
209589,14.91
226224,14.91
15394,13.96
221905,14.91
224311,14.91
258725,14.98
272439,14.91
235772,15.48
196941,14.91
286219,15.48
249493,15.05
187267,14.91
21559,14.91
291082,14.91
50728,14.91
203878,14.91
237232,14.91
184073,15.13
38299,14.91
186464,14.91
164922,14.91
57487,14.91
202468,15.48
7473,14.91
184377,14.91
170935,14.91
2492,14.91
94589,13.96
65618,15.05
243309,13.96
296243,14.91
90729,14.91
77487,14.91
34134,14.91
50567,15.48
139204,14.91
88352,15.48
94501,14.91
267504,14.91
165766,15.48
253287,14.91
247612,14.91
264783,15.48
76759,15.48
276029,14.91
15409,14.91
227283,14.91
6324,15.48
104066,14.91
2553,14.91
279867,14.91
107024,13.96
48454,15.48
26298,14.91
33419,15.48
97061,14.91
81821,14.91
27412,13.96
67103,13.96
33022,14.91
63584,15.48
260391,13.96
64798,14.91
250630,14.91
220288,14.91
217533,14.91
133205,14.91
161320,14.91
239130,14.91
134910,15.48
49467,14.91
72652,14.91
11228,14.91
113937,14.91
60694,14.91
83580,15.05
207325,14.91
163289,14.91
248934,14.91
288842,14.91
118405,15.48
131330,14.91
238594,15.48
170141,14.91
223532,14.91
132926,14.91
286433,14.91
282116,13.96
234933,15.48
133587,14.91
35916,14.91
255409,14.91
32334,13.96
59852,14.91
286159,14.91
164225,14.91
274367,14.91
49511,15.13
25303,15.48
202909,15.48
235487,15.48
231823,14.91
162898,15.13
205492,15.48
117988,14.96
107799,14.96
160846,15.48
18777,14.91
124306,14.91
292010,15.48
63865,13.96
191436,14.91
264274,14.91
16856,14.68
206289,13.96
55688,15.48
103695,14.91
65401,14.91
123965,14.91
208344,14.91
260168,14.91
116043,15.48
117792,14.91
37719,14.91
172038,14.91
34475,15.48
166010,14.91
37932,14.91
246805,15.05
132592,14.91
84460,14.91
138016,14.91
77731,14.91
176673,13.96
199279,15.48
257390,14.91
90311,15.48
298853,14.91
208836,14.91
47495,14.91
214175,15.48
278831,14.91
287703,14.91
232155,14.91
171893,14.91
144206,14.91
240325,14.91
275525,14.91
47785,14.91
242692,14.91
293999,14.91
105323,14.91
131849,14.91
67724,14.91
225268,14.91
57245,14.91
95002,14.91
185465,15.12
11892,15.48
9468,15.48
176217,15.13
282380,15.13
14986,14.91
103135,14.91
39149,13.96
65307,14.91
6016,14.91
222109,14.91
64014,15.48
153767,14.91
134461,14.91
18685,14.91
44248,14.91
196345,14.91
263745,14.91
286052,15.48
159935,14.96
130281,14.91
281865,14.96
185944,13.96
29657,14.91
297636,14.96
169965,14.91
233232,15.13
246137,15.48
110043,14.91
5294,14.91
254116,14.91
12919,13.96
94890,14.91
142850,14.91
215268,14.91
176596,14.91
156024,15.48
117188,14.91
114787,14.91
166728,15.48
209203,15.48
12867,15.48
218047,14.91
40001,15.48
176044,14.91
133787,15.48
8159,15.48
193574,14.75
223860,14.91
297033,14.91
45658,15.48
122685,14.91
133254,14.98
58067,13.96
244158,15.12
163788,15.48
298188,15.48
263070,15.12
100514,15.48
16786,14.91
44918,14.91
154700,15.12
206027,14.91
287203,15.48
252655,15.48
26059,15.48
10380,15.48
42361,14.91
209574,14.91
233023,14.91
272361,14.91
243241,14.96
47009,14.91
268387,14.91
3048,14.91
138812,15.48
162392,14.91
168045,14.91
245037,14.91
151177,14.91
53242,14.91
228769,14.91
217082,14.91
97121,14.91
146666,14.91
121805,14.91
91386,14.91
146695,14.91
50553,15.48
245771,15.48
268824,15.48
158141,14.91
178097,14.91
278613,13.96
252136,15.05
161136,14.91
199563,13.96
23623,15.13
254631,15.48
75845,14.91
83667,14.91
18521,14.91
31651,15.05
59558,15.48
18612,14.91
139161,14.96
36026,15.48
74752,15.13
82794,14.91
129056,14.91
93713,14.91
225050,14.91
240741,14.91
29497,14.91
141941,14.91
254040,14.91
26438,14.91
98590,15.48
188763,14.91
151691,15.48
226477,14.91
42757,14.91
50016,14.91
116667,13.96
114046,15.05
172518,14.91
60404,15.48
34966,14.91
164314,15.05
213288,14.91
280333,14.91
15017,14.91
76733,14.91
103472,14.91
292425,14.91
212633,15.48
200664,14.91
257632,15.48
39788,14.91
134880,15.48
196267,14.91
95514,14.91
50510,14.91
95372,15.05
28578,14.91
188699,15.12
21431,14.91
93820,15.13
92278,14.91
143139,14.91
8611,14.91
288348,14.91
267715,14.91
51714,14.91
181074,15.48
288827,15.48
51073,14.91
25335,13.96
284913,15.48
219962,14.91
243191,13.96
106681,14.91
245467,14.91
114656,14.91
158865,14.91
280268,14.91
59726,14.91
194935,14.91
71447,15.48
192005,14.91
254288,14.91
37255,14.91
147867,14.91
230164,14.91
53000,14.91
62796,14.91
84418,15.48
248431,14.91
274700,15.48
238406,14.91
148739,14.91
76804,15.48
28414,14.91
203771,15.48
181823,14.91
138837,15.05
20940,14.91
205458,14.91
106593,15.48
41023,14.91
213557,15.48
95175,15.48
60618,14.91
165737,14.91
238173,14.91
202014,14.91
101223,14.91
69303,14.91
1679,14.91
78993,14.91
179358,14.91
31743,14.91
272311,14.91
198005,14.91
193078,14.91
99518,15.48
212782,14.91
281846,15.05
23261,14.91
137524,15.05
184769,15.48
243110,14.91
52533,15.48
267049,14.91
296278,14.91
11626,14.91
127366,14.91
36730,14.91
25690,14.91
130461,13.96
31485,14.91
63612,14.91
51526,13.96
80511,14.91
205059,14.91
246035,14.91
242180,14.91
176807,15.48
172453,15.13
213881,14.91
234108,14.91
115488,14.91
26292,14.91
6681,15.48
242014,14.91
179343,15.13
36841,14.98
94374,14.91
57472,15.48
11719,14.91
82134,14.91
124844,15.48
234905,15.48
252830,15.13
38990,14.91
100882,14.91
17808,14.91
226070,14.91
290070,14.91
39797,14.91
160285,14.91
177875,15.05
281900,14.96
57001,14.98
174301,14.91
259631,14.91
168743,14.91
270906,14.91
291998,14.91
231804,14.91
86783,15.48
187523,14.91
262654,14.91
30211,13.96
242770,14.91
169584,14.91
191235,14.91
269314,15.48
172513,14.91
67399,14.98
235537,14.91
3845,14.91
298371,15.48
192210,14.91
132726,15.48
201722,15.48
52624,15.48
192329,15.48
176695,15.48
74643,14.91
98403,14.91
108573,14.91
9333,15.48
77417,14.91
160193,15.48
266476,14.96
4186,14.91
287431,15.48
160351,14.91
5112,14.91
82187,15.48
248107,14.91
155541,15.48
42790,15.05
217057,14.91
16071,15.13
253872,15.48
75773,14.91
296059,14.91
232453,14.91
250561,15.48
279802,14.91
282275,15.12
93205,15.48
32869,14.91
228385,14.91
198120,14.91
253054,14.91
147205,14.91
16695,14.91
281736,15.12
208531,14.91
107080,14.91
29836,14.96
22121,14.91
244411,15.48
286283,14.91
48758,14.91
218654,14.91
245305,15.48
77238,14.96
152733,14.68
122615,14.91
196773,14.91
76091,14.91
210480,14.91
35318,14.91
61637,14.91
247086,15.48
134914,14.91
274669,13.96
290767,15.48
96923,14.91
80982,14.91
42801,14.91
34772,15.48
179940,15.48
189776,14.91
171382,14.91
17947,15.48
74869,14.91
2885,14.91
267043,14.91
52174,15.48
212841,14.91
169607,15.48
118285,15.48
216871,14.91
106431,14.91
92002,14.91
258713,15.12
283433,14.98
13340,14.91
70967,15.48
197531,14.91
95885,15.48
79645,15.48
149425,14.91
172753,14.91
422,14.91
76705,15.12
79024,14.91
195477,14.91
173690,14.91
272284,15.13
101724,14.91
16869,14.91
56181,15.48
288629,14.91
212790,14.91
171661,14.91
80341,15.48
268318,14.91
60534,14.91
214852,15.48
85081,13.96
186636,15.48
283714,14.91
13466,14.91
193079,14.91
149139,14.91
225382,14.91
70674,14.91
47029,14.91
1038,13.96
42827,14.91
5707,14.91
29066,14.91
258330,14.91
286236,14.91
45835,14.91
256727,14.91
294245,14.91
42338,14.91
71827,14.91
131465,15.48
135011,15.48
29804,14.91
57021,14.91
22621,14.91
85531,15.48
33319,15.48
159247,14.91
186013,14.91
93310,14.91
68358,15.48
249080,15.12
57706,14.91
212028,14.91
84018,15.48
212524,14.91
270324,14.91
58458,14.91
112360,15.05
155973,14.91
97533,14.91
232996,14.91
4133,14.91
144906,14.91
160129,14.68
149525,14.91
23565,14.91
76130,14.91
203459,14.91
268635,14.91
229404,15.48
66551,14.91
248619,15.48
32187,14.91
26566,14.91
72773,14.91
150983,14.91
76952,14.91
50703,15.48
102992,15.48
259386,14.91
177899,15.48
70105,14.91
218343,14.91
109829,14.91
279903,15.48
50646,15.48
128847,15.48
171844,15.48
200509,13.96
18653,14.91
46053,14.91
171579,14.91
40216,15.48
83995,14.91
96454,15.48
56900,14.91
293611,14.91
126903,15.48
236277,14.91
58215,15.48
129299,15.13
67356,15.48
256579,14.91
125002,14.91
59645,15.48
212914,14.91
287877,15.05
280658,15.05
198669,15.48
262349,14.91
226701,14.91
69055,14.91
131709,14.91
178342,14.91
237802,14.91
125561,14.91
108501,14.91
103185,15.48
160535,15.05
269179,14.91
223547,15.48
251304,14.91
37661,15.05
7806,14.91
76406,15.13
287743,15.48
90617,14.91
122527,14.91
90559,14.91
157133,14.91
30787,14.91
175492,14.91
260990,14.91
137650,14.91
226778,14.91
273374,14.91
206021,14.91
179441,15.48
246513,14.91
41438,14.91
223619,14.91
117164,15.48
18220,14.91
222744,14.91
181564,15.05
67476,15.48
98479,14.91
105056,14.91
27370,14.91
21303,14.91
113513,15.48
82878,14.91
277803,14.91
222389,15.48
254678,14.91
158657,14.91
206025,14.91
61854,15.48
249731,15.48
291916,14.91
219952,14.91
288100,15.12
122909,13.96
168215,14.91
185607,14.91
33119,14.91
134,14.91
72544,15.48
212666,14.91
197415,15.48
254960,14.68
19849,15.48
151905,15.48
272734,15.48
284210,14.91
243265,15.48
88696,14.91
147584,14.91
248211,14.91
66420,14.91
92995,15.48
75175,14.91
241129,14.91
202028,14.91
61474,14.91
242920,13.96
143022,15.48
220919,13.96
167120,15.48
59599,14.91
122769,14.91
271259,13.96
224226,15.48
273812,14.91
175580,14.91
215868,15.48
274034,15.48
84384,14.91
221209,14.91
169947,14.91
109728,14.91
219753,14.91
32898,15.13
217758,13.96
222928,15.48
197022,13.96
114182,14.91
161675,15.48
240549,14.91
129479,14.91
218489,15.48
184020,14.91
95475,14.91
221358,15.48
204514,14.91
197230,14.91
76245,15.13
48446,14.91
171887,15.48
130712,14.91
209722,14.91
191411,15.05
231631,14.91
132342,14.91
186954,15.05
197120,15.48
17146,14.91
230333,14.91
76309,14.91
137619,15.48
267464,14.91
101107,15.05
178768,14.91
110180,15.12
40952,14.91
245288,14.91
11431,14.91
264277,15.05
136454,14.91
47195,14.91
35114,15.48
49554,14.91
269267,15.05
177381,14.91
60724,15.48
160265,15.48
70677,14.91
157825,13.96
188147,15.13
164850,15.48
197955,14.91
187543,14.91
287692,14.91
71697,14.91
218661,14.91
147734,14.91
3042,15.05
128479,14.96
140377,14.91
155880,14.91
45775,15.48
132077,14.91
127487,14.98
206281,15.48
123985,14.91
244888,14.91
186022,15.48
202075,14.91
107104,14.91
279166,15.48
132115,15.48
199832,14.91
114898,14.91
178027,15.48
219240,15.48
4592,14.91
298376,14.91
65963,14.91
154800,14.91
34437,15.48
132202,15.48
277985,14.96
157903,14.91
46124,14.91
89556,14.91
231038,15.48
116708,15.05
279692,14.91
28869,13.96
60105,13.96
234016,14.91
248455,15.48
31375,14.91
12523,14.91
150196,14.91
270340,15.05
199771,15.48
7767,14.91
287519,15.13
149942,15.48
244654,15.48
71443,14.91
102909,14.91
275885,14.91
152546,15.48
130040,15.48
206381,15.48
122242,14.91
209707,15.48
59451,14.91
5331,14.91
60770,14.91
298659,14.91
85264,15.12
170345,14.91
74936,14.91
274368,14.91
60496,14.98
54494,14.91
202431,13.96
165938,14.91
226068,15.05
54425,15.48
161735,15.48
18506,14.91
180574,14.96
281490,14.91
122915,15.48
673,14.96
200204,14.91
155494,15.48
127737,14.91
295864,14.91
122549,15.48
277710,15.13
6253,15.48
276805,15.48
258662,14.96
29298,14.91
84546,14.91
290261,13.96
49559,15.48
146838,15.48
269403,15.48
164859,15.48
283578,15.13
91191,15.48
83201,14.91
236911,14.91
268826,14.91
230443,13.96
191956,14.91
55719,14.91
207779,14.91
217938,15.48
240115,15.48
4885,15.48
268739,14.96
1705,14.91
30633,14.91
73329,13.96
231542,14.91
295212,15.48
82165,14.96
238077,14.91
216368,15.48
106477,14.91
163714,15.05
196126,14.91
109038,14.91
72856,15.13
229283,14.91
297851,14.91
254507,15.48
14940,14.91
251616,14.91
260785,15.48
277113,15.48
140769,14.91
211215,14.96
148822,14.91
244792,15.48
93914,14.91
260390,14.91
30573,13.96
257132,14.91
61339,14.91
261294,14.91
51988,14.98
76072,14.91
11797,15.48
29585,14.91
223365,15.48
70682,14.91
74802,14.91
150596,14.91
122652,14.91
40373,14.91
171736,15.48
276987,14.91
196439,14.91
150822,14.91
107750,14.91
50289,15.48
101081,14.91
6596,14.91
111189,14.91
12798,15.48
149759,14.91
149631,14.91
175275,15.13
90223,14.91
7701,14.91
158885,15.48
37401,14.91
199742,15.48
238443,15.48
156882,15.13
107209,15.48
245942,14.96
265889,15.48
53360,14.91
73669,14.91
219461,15.48
10722,14.91
49781,14.91
253851,15.48
187632,15.48
222207,14.91
180150,14.91
286207,14.91
213624,14.91
51542,14.91
211658,15.48
225667,14.91
205695,14.91
22374,14.91
38751,14.91
46925,14.91
22913,15.05
83854,15.12
256278,14.96
173220,13.96
289800,14.91
37462,15.48
186772,14.91
222275,14.91
245178,14.91
187947,14.91
188980,14.91
188066,14.91
146916,14.91
63861,14.91
277270,15.48
213735,14.91
158434,13.96
122365,14.91
96268,15.48
84439,15.48
248225,15.48
86855,15.48
40997,14.91
297226,14.91
7671,14.91
49996,15.48
240874,14.91
232984,14.91
288926,14.91
53888,14.91
152584,15.48
238384,14.91
135365,14.91
127105,14.91
202978,14.91
30062,14.91
145560,14.91
262741,14.91
106762,15.05
51087,13.96
100586,14.91
24254,14.91
14244,15.48
117330,15.48
102276,14.91
38500,14.91
284714,15.12
272379,15.48
93042,14.91
194945,14.91
74629,14.91
144883,14.91
140887,14.91
141298,15.13
44948,14.91
34347,14.91
86434,15.48
117561,14.91
137206,14.91
271396,14.91
281956,14.98
75352,14.91
115822,14.91
239539,14.91
203761,15.48
137605,15.48
95388,15.48
17904,14.91
225142,14.91
204854,15.48
194313,14.91
187345,14.91
31898,15.05
1713,14.91
68819,15.48
113359,14.91
156038,14.91
259712,15.48
212751,15.48
12878,13.96
285543,15.12
250092,15.48
198060,14.91
91893,13.96
14554,14.91
150062,14.91
195559,14.91
92050,15.48
95381,14.91
87612,15.48
195707,14.91
42860,14.91
24253,14.91
177573,15.48
60173,14.91
279541,14.91
221434,15.48
36865,15.48
19737,14.91
237020,13.96
215076,13.96
149418,15.13
266810,14.91
4393,14.91
256552,14.91
24266,15.48
172890,14.91
79223,14.91
265764,15.12
233182,14.91
246595,15.48
43127,13.96
225951,14.91
30658,14.91
239492,15.05
222680,14.91
288408,15.48
168133,14.91
197934,14.91
131487,15.48
9905,14.91
116983,14.91
188630,15.48
38653,14.96
95831,15.48
30061,14.91
270588,15.48
9770,15.48
106767,15.12
297013,14.91
103004,15.48
293271,14.91
54464,14.91
110560,15.48
201890,14.91
65325,15.48
145550,14.91
74488,15.48
124904,14.91
126750,15.12
168962,14.91
91387,14.91
270892,14.91
81151,15.48
137591,15.48
284957,14.91
26537,14.91
180168,15.48
16979,15.48
78656,14.91
195197,14.91
442,14.91
112016,14.91
42592,15.48
152266,15.48
5638,14.91
80414,14.91
78204,15.48
291833,14.91
190533,15.12
17892,14.91
155717,15.12
132122,15.48
267845,14.91
34159,14.91
129151,15.48
256520,14.91
132775,14.91
129636,15.48
3423,14.91
22339,14.91
234136,15.05
293552,14.91
20067,14.91
179391,14.91
37878,14.91
227734,14.91
68287,14.91
230252,13.96
234449,15.48
157228,14.91
78495,14.91
236025,14.91
179711,14.91
112400,14.91
67386,14.91
111835,14.91
33828,15.48
124005,15.48
29773,14.91
259985,14.91
57363,14.91
295020,14.91
14557,15.13
146224,15.48
185336,14.91
32979,15.48
278991,14.91
270952,14.91
124521,14.91
132472,14.91
101433,13.96
282830,15.48
159706,15.48
250569,14.91
271296,15.48
43960,15.48
52294,14.91
172852,15.48
55924,13.96
224975,14.91
148487,14.91
266843,13.96
23507,14.91
219223,15.48
169760,14.91
151399,13.96
193983,15.12
14530,15.48
117746,14.91
8595,14.98
46967,15.48
289967,14.91
84536,13.96
17450,14.91
285557,14.91
245808,14.91
161791,14.91
156603,14.91
23928,14.91
279070,14.91
176874,14.91
16977,15.05
11619,15.48
175429,15.48
74959,14.91
242982,14.91
26141,15.48
88632,15.48
239254,14.91
86568,14.91
11211,14.91
291686,14.91
253376,14.91
253524,14.91
291465,13.96
286457,15.48
268796,14.91
57234,15.48
218664,14.91
64423,14.91
260447,14.91
81579,14.91
245814,14.91
19643,14.91
215501,14.91
292883,15.48
192701,14.91
225444,14.91
206890,15.48
224729,14.91
175671,15.48
296576,15.48
3670,15.48
79694,13.96
257611,14.98
89154,15.13
265883,14.91
231363,13.96
152317,15.48
298871,15.05
184920,15.48
110075,14.91
252481,14.91
175642,14.91
96772,14.91
65143,14.91
233202,14.91
82412,15.48
139725,14.91
82087,14.91
263064,15.48
13909,14.91
24306,15.48
11146,15.05
281320,14.96
263229,14.91
108680,13.96
166062,15.05
115817,14.91
288313,14.91
110889,14.91
278982,14.91
76041,14.91
285181,14.91
262834,14.91
232614,15.05
79651,13.96
203726,14.91
40941,15.48
24301,14.91
172724,14.91
251542,15.48
1412,14.91
20760,14.91
143418,13.96
99983,14.91
194395,14.91
129155,14.91
44919,14.91
19930,14.91
168486,14.91
255780,14.91
130726,14.91
89682,15.48
186521,15.13
284074,14.91
278273,15.48
199699,14.91
135494,15.48
2993,15.13
207021,14.91
286357,15.05
242182,13.96
237837,14.91
214901,15.48
85423,14.91
79010,14.91
243335,14.96
215885,14.91
133353,14.91
112952,15.48
279928,14.91
5373,15.48
206462,14.91
282696,15.48
104393,14.91
65395,15.48
162314,15.48
253095,15.05
64493,14.91
150313,14.91
114044,15.48
194504,15.48
211464,14.91
249000,14.91
28416,14.91
37639,14.91
255476,15.48
151240,14.91
115076,14.91
18726,14.91
163934,14.91
26182,14.91
110664,15.48
75530,14.91
214427,14.91
150113,14.96
159640,14.91
292603,14.91
176858,14.83
288204,14.91
66318,14.91
62655,14.91
282227,14.91
189901,14.91
218300,14.91
110071,14.91
95183,15.12
101716,14.91
126638,15.48
10587,14.91
175494,14.91
247302,14.91
122776,15.48
90019,14.91
81476,14.91
201231,14.98
105165,14.91
276107,15.05
60505,15.48
225452,15.13
282652,15.48
147543,14.91
230412,14.91
2442,14.91
119293,15.48
105891,14.91
242834,14.91
260683,14.91
160283,14.91
207093,14.91
114066,14.91
24617,14.91
92986,14.96
194732,14.91
20631,15.48
77314,15.48
89481,14.91
99139,14.91
135456,15.48
8394,14.91
168619,15.05
32902,14.91
117533,14.91
149572,13.96
211130,14.91
152274,14.91
184883,15.13
204795,14.91
205644,14.91
212567,14.91
172754,14.96
32756,13.96
37252,14.91
186299,14.91
252439,15.48
181812,14.91
151723,15.48
211804,14.91
36482,14.91
255219,14.91
207564,14.91
130219,14.91
282547,14.91
176749,15.48
58667,14.91
112358,14.91
294461,15.13
64965,15.48
133560,15.48
280451,14.91
157793,14.91
263392,14.91
281044,15.48
230866,15.05
181329,15.48
117078,13.96
206170,14.91
213362,14.91
117253,14.91
133084,14.91
267516,14.91
258563,15.48
164236,15.12
253212,15.05
180860,15.48
229472,15.48
40710,15.48
101004,14.91
266041,14.91
21910,14.91
192675,14.91
259587,14.91
241844,14.91
165700,14.91
244087,14.91
76609,14.91
228199,14.91
179473,14.91
149393,14.91
269682,14.91
173198,14.91
189903,15.48
115418,14.91
296491,14.83
46318,14.91
293115,14.91
110610,15.48
152776,14.91
5657,14.91
281272,14.91
31309,14.91
32186,15.13
32695,14.91
118701,15.48
161824,15.48
100359,14.91
169991,15.05
28446,14.91
169238,14.91
110456,14.91
280091,15.48
4842,14.91
228916,14.91
106582,15.48
117276,14.91
12544,14.91
245777,14.91
23685,15.48
271510,15.05
174310,15.13
205560,14.91
106036,14.91
213102,14.91
258400,15.48
118999,15.48
192420,14.91
69076,14.91
177016,14.91
105164,14.91
231731,14.91
121193,14.91
1761,14.91
185011,14.91
248654,14.91
207001,15.05
262017,14.91
152934,13.96
78797,14.91
95511,14.91
164476,14.91
115324,15.48
278666,14.91
692,15.48
187470,14.68
237111,15.48
62948,15.48
92726,13.96
253283,15.48
202189,14.91
152766,14.91
109123,14.91
84534,15.48
254683,14.91
278240,14.91
180383,14.91
147721,14.91
211611,14.91
247248,14.91
82255,14.83
96413,15.13
23445,14.91
217561,14.91
199697,14.91
145108,14.91
281144,15.13
133954,15.48
242760,15.05
120295,14.91
121608,14.91
142480,14.91
72937,14.91
122053,14.91
82557,14.91
106539,14.91
217141,15.48
257407,14.91
110797,15.48
88518,14.91
199034,14.91
278861,14.91
159705,13.96
149796,15.48
13670,14.91
262896,14.91
277870,14.91
73197,14.91
177759,14.91
177468,14.98
61164,15.13
194837,14.96
247355,14.91
176027,14.91
86404,14.96
172455,15.48
218724,14.91
83684,15.48
173146,14.91
96922,15.05
21231,14.91
203175,15.48
118603,14.91
86800,14.91
267289,14.91
160012,15.48
263973,15.48
215111,15.48
166201,14.91
41493,15.05
41690,14.91
265383,15.48
47896,15.48
204032,14.91
20815,14.91
71624,14.91
242881,14.91
132634,14.91
174332,14.91
153152,15.48
173120,14.91
167185,15.48
5379,14.91
276445,15.48
272188,14.91
99034,14.91
293461,14.91
227492,14.91
252743,15.05
38916,14.91
9182,14.91
90832,13.96
259272,14.91
110434,14.91
287792,15.48
43214,15.48
171142,14.91
205774,15.05
212115,14.91
280024,15.05
101651,14.91
135386,14.91
222420,14.91
201377,14.91
127879,14.91
166738,15.12
285200,15.05
182656,14.91
128937,15.48
259572,14.91
246956,15.48
43296,14.91
165084,14.91
186722,15.48
107636,14.91
281381,14.91
894,15.48
157566,14.91
171723,14.96
278362,14.91
48185,14.91
11592,14.91
103912,14.91
22745,14.91
173406,14.91
97570,14.91
109003,14.91
15152,14.91
273598,14.91
137461,14.91
48379,14.91
202664,14.91
24952,15.05
75616,15.48
194612,14.91
223629,14.91
32946,14.91
124145,15.48
126415,15.13
161024,15.48
224958,14.91
205291,14.91
77619,14.91
82469,15.48
291481,14.91
23051,15.48
268541,14.91
58637,14.91
14616,14.91
163154,13.96
175481,14.91
290147,14.91
262839,15.48
110162,15.48
257678,14.91
94752,14.91
210139,14.91
79051,14.91
277929,14.91
95706,14.91
239031,14.91
10329,14.91
197622,14.91
120798,15.48
106214,14.91
102600,14.91
264189,14.91
201625,14.91
108337,14.91
62592,14.91
27440,14.91
136040,14.91
7822,14.91
14454,14.91
107618,15.48
164855,15.05
163797,14.91
143276,14.91
274586,14.91
65161,14.91
74785,14.91
148465,15.48
186389,14.96
81492,14.91
274961,14.96
188372,15.05
206896,15.48
71769,14.91
124332,14.91
33844,14.91
134557,15.48
230777,14.91
195288,14.91
85870,13.96
17708,14.91
128435,15.13
119866,14.91
248692,15.48
14414,14.91
181104,14.91
190304,14.91
266524,15.48
43236,14.91
19587,14.91
138004,14.91
38611,14.91
283164,13.96
225773,14.91
59402,14.91
246045,14.91
247193,14.91
297820,14.91
103230,14.91
37591,14.91
232316,14.91
129320,15.48
76063,14.91
73058,14.91
151589,14.96
54332,15.13
141070,15.48
272296,15.48
108571,15.05
50752,14.91
27903,14.91
191417,15.48
159021,14.91
139624,14.91
258100,15.48
102950,15.48
213339,14.91
288905,15.13
150020,15.48
173520,14.91
202908,14.91
239167,15.48
14598,14.91
212835,14.91
157244,15.48
162382,14.91
119199,15.48
179899,14.91
281374,14.91
52480,14.91
287475,15.12
12576,14.91
271675,15.48
178999,15.05
74573,14.91
289656,14.91
270716,15.48
97483,15.05
294784,14.91
126424,15.05
6250,14.91
195276,14.91
75551,14.91
214331,15.48
39376,14.91
95960,14.91
226294,15.48
253242,14.91
219981,14.91
283597,15.48
59107,14.91
195155,14.91
19757,14.91
187538,14.91
32619,14.91
69317,15.05
4109,14.91
166721,14.91
178567,14.91
162913,14.91
178862,14.91
276226,14.91
86122,14.91
296496,15.48
24850,15.48
234800,14.91
152456,15.48
260878,14.91
201780,15.48
20408,14.91
150464,14.98
287589,14.91
182626,15.05
22317,14.91
202739,14.91
18972,14.91
89837,14.91
206606,15.48
289547,14.91
52171,14.91
120296,15.48
28211,14.91
81260,15.48
298391,14.91
231586,14.91
253553,14.91
131232,14.91
199706,14.91
293871,14.91
186637,14.91
252464,13.96
240557,14.91
187328,14.91
48501,14.91
145666,14.91
98742,15.48
222344,15.48
227944,13.96
97455,14.91
196980,14.91
68352,13.96
240393,14.91
60469,14.83
180525,14.91
195660,14.91
232918,14.91
99269,14.91
274802,15.13
218042,15.48
284616,14.91
66490,15.48
95258,14.91
270886,14.91
113296,14.91
150601,14.91
196572,14.91
289300,14.98
257606,14.91
218233,14.91
241698,15.48
98087,15.13
86970,13.96
90621,14.68
124495,15.48
44386,14.96
4727,14.91
109855,14.91
108010,15.48
203732,15.12
109667,14.91
272077,14.91
196298,14.91
255576,15.13
94695,14.91
193439,14.91
79655,15.48
251488,14.91
15418,15.48
40552,14.91
35907,15.48
243873,15.48
194204,14.91
268295,15.48
46059,14.91
7770,14.91
81751,14.91
164927,14.96
164305,14.91
236459,13.96
108142,15.48
44463,14.91
192749,14.91
115542,14.91
165829,15.48
255818,14.91
96011,15.48
220256,14.91
284374,15.48
116875,14.91
246228,14.91
25317,14.91
228133,14.91
213605,15.48
92652,15.48
239400,13.96
181259,14.96
255020,13.96
278501,13.96
213676,15.05
69105,15.48
72188,14.91
106010,14.91
147583,14.91
287920,14.91
11356,15.48
245668,15.48
123177,14.91
207135,14.91
139391,14.91
54419,15.48
289135,14.91
132294,14.91
99793,15.48
143236,14.91
57138,14.91
45991,15.48
135672,14.91
254359,15.48
194854,14.91
76793,14.91
55870,15.48
46504,14.91
131569,15.48
106254,14.91
163860,15.13
270133,14.96
80172,15.05
219541,15.48
235859,15.48
226717,14.91
118555,14.91
202239,14.91
134490,15.12
202221,14.91
60717,15.48
2260,14.91
279206,14.91
9451,15.48
226361,14.91
276687,13.96
268221,14.91
92468,14.91
124626,15.48
175834,14.91
293619,14.91
155527,14.91
246010,14.91
40233,14.91
134222,14.91
178521,14.91
111310,14.91
142717,14.91
60927,14.91
141920,13.96
266743,15.13
281238,14.91
257400,14.91
100212,14.91
29265,14.91
76198,14.91
112401,14.91
22574,14.91
62232,14.91
135816,14.91
73780,14.91
169403,14.91
267390,14.98
278525,14.91
145235,14.91
163820,14.91
19751,14.91
258853,15.05
223324,14.91
268862,15.05
72205,14.91
15530,15.13
217868,14.91
294791,13.96
79019,15.48
205835,14.91
147110,14.91
44054,14.91
185507,14.91
108816,14.91
41587,14.91
106525,14.91
175752,14.96
165132,13.96
128403,15.48
173994,14.91
151553,14.91
132788,14.91
155589,13.96
270861,14.91
21291,14.91
151054,15.48
267262,14.91
131034,14.91
65046,14.91
81527,14.91
86481,15.05
195618,14.91
30091,15.48
82676,14.91
70528,14.91
162861,14.91
289965,14.91
253843,15.48
1312,14.91
219848,14.91
34909,15.05
22722,14.91
72958,15.48
222863,14.91
6329,14.91
284177,14.98
109821,14.91
19289,14.91
70571,14.91
105607,14.91
190730,13.96
124106,13.96
112887,14.91
155453,14.91
139575,14.91
174367,14.96
192273,15.48
49305,14.91
192052,15.05
36089,14.91
147234,14.91
126851,15.12
67085,14.91
224618,14.91
29761,15.05
109571,15.48
298169,15.48
296253,14.91
66667,14.91
166821,14.91
51590,14.91
171722,14.91
130745,14.91
34014,14.91
99927,15.13
64371,14.91
152852,15.48
105585,14.91
17916,14.91
196695,14.91
55811,14.91
185113,14.91
253475,14.91
169861,14.91
155521,14.91
52822,14.91
80835,14.91
121294,14.91
180510,15.13
84423,14.91
286877,15.48
81740,14.91
275978,14.96
145685,14.91
102966,14.91
226893,14.91
143959,14.91
16570,14.91
23249,14.91
73105,14.91
10331,14.91
234161,14.91
58316,14.91
136455,14.91
125551,15.48
79524,14.91
108218,14.91
276828,14.96
129485,14.91
42764,14.91
144523,15.48
148365,14.91
89700,15.48
123380,14.91
246372,14.91
143183,14.91
158821,15.48
90212,15.12
157632,14.91
177617,15.48
299316,14.91
109951,15.12
48427,14.91
286496,15.05
150505,14.91
58629,14.91
176563,15.48
247318,15.48
225206,14.91
144834,14.91
200115,14.91
255237,15.48
41741,14.91
155037,15.48
152989,14.91
247750,14.91
132802,14.96
171957,14.91
132585,14.91
182346,15.48
143064,15.05
39694,14.91
141107,14.91
192743,14.91
259329,15.48
282470,15.13
162462,14.91
206810,14.91
124486,14.91
237661,15.48
243308,14.91
176092,14.91
29439,14.91
138302,14.91
239576,14.91
133370,14.91
157733,14.91
181715,14.91
229203,14.91
68173,14.91
151964,15.48
221123,15.05
83528,14.91
210673,15.48
217122,14.96
42938,14.91
80220,14.91
159059,15.48
37198,15.48
50023,14.96
156921,13.96
133466,14.98
106119,13.96
291944,14.91
38825,14.91
201563,15.48
240406,15.48
257441,15.05
209418,13.96
115902,15.48
139669,14.91
209510,15.48
134118,14.91
177069,14.91
182641,15.48
55408,15.48
125225,15.48
162127,15.05
290774,14.91
50267,14.91
156441,15.48
64173,14.91
128009,14.91
142149,14.91
239245,14.91
71456,13.96
111347,14.91
229890,15.48
24704,15.48
161470,15.48
282004,14.91
277949,14.91
128372,14.96
229382,14.91
25277,14.91
16127,14.91
290072,14.91
281358,14.91
71650,14.91
269231,15.48
280344,15.48
191178,14.91
19439,14.91
150325,14.91
106980,15.13
292125,15.13
158113,14.91
294367,15.12
49383,14.98
292040,15.48
149692,14.91
226365,15.13
298562,14.91
251228,14.91
155417,15.48
168715,14.91
258551,14.91
183952,15.05
17169,15.48
98179,14.68
296556,14.91
63704,14.91
75432,14.91
1953,14.91
86917,15.48
27794,14.91
227180,14.91
128841,15.05
57789,14.91
158389,14.91
3867,14.91
185297,14.91
17606,14.91
44929,14.91
182860,15.48
181195,14.91
202951,14.91
56605,15.48
199197,14.91
66526,14.91
228807,15.48
240245,13.96
73599,15.48
3280,14.91
228950,14.91
213755,15.48
17929,14.91
196362,14.91
276361,15.48
220522,14.91
216836,15.48
221750,13.96
287026,14.91
48449,14.91
264702,15.48
22955,15.05
235446,15.48
47181,14.91
182435,13.96
71002,14.91
158436,14.91
229261,14.91
246058,14.91
248803,14.91
234943,14.91
279627,14.91
79340,14.91
182994,15.48
7049,15.05
148687,14.91
202534,14.91
204849,14.98
147713,14.91
59936,14.91
134108,14.96
127403,13.96
81913,14.91
159668,13.96
182773,15.48
95246,15.48
4877,15.48
64138,15.48
181443,15.05
203368,15.48
143184,15.48
260822,15.48
31721,14.91
55250,14.91
176423,14.91
114299,14.91
126012,14.91
286955,15.48
275585,14.91
11195,15.48
278108,14.91
68082,15.48
117642,14.91
146060,14.91
250793,14.91
109327,15.48
252033,15.48
47687,14.91
187573,14.91
283838,15.05
293633,15.48
175643,14.91
170435,15.05
97035,14.91
121187,14.91
154543,15.13
141816,13.96
277758,14.91
219506,14.91
282715,14.91
283152,14.91
252405,15.05
29028,14.91
260324,14.91
204763,14.91
112987,15.48
230940,14.91
118719,15.48
43416,14.91
29895,14.91
91801,14.91
9739,13.96
91270,14.91
297672,14.91
43685,13.96
31232,14.91
88288,14.91
128890,15.48
210331,14.91
272970,15.48
135626,15.48
180493,15.48
55478,15.48
172289,13.96
265902,15.48
123921,14.91
288218,14.91
27070,15.13
193535,14.91
10187,15.48
282185,15.48
116198,14.91
87790,15.05
126203,14.91
47128,15.48
29023,14.91
145998,14.91
162104,14.91
125467,15.48
189299,14.91
228180,15.48
99687,15.48
255490,15.05
180614,14.91
230932,14.91
272389,15.05
202507,14.91
44313,15.13
146173,14.91
96026,14.91
26704,15.05
197009,13.96
220258,14.91
165891,14.91
24447,15.13
58291,14.91
128431,15.48
243000,14.91
115515,14.91
156400,15.48
65941,14.91
135265,15.48
123237,14.91
122953,14.91
162145,15.05
226842,14.91
257991,13.96
29772,15.48
78119,14.91
38882,14.91
288091,13.96
285176,14.91
226742,15.48
200766,14.91
290141,14.91
158293,15.12
205422,15.48
122861,14.91
217182,14.91
206707,14.91
178709,14.91
135027,14.91
214141,14.91
62026,14.98
212883,14.91
8937,14.91
284793,15.05
207628,15.48
249479,15.48
261862,15.48
201005,15.05
119297,15.48
35247,14.91
53125,14.91
256810,15.48
172819,15.48
143587,14.91
272368,15.48
204725,13.96
198760,14.91
283422,14.91
133749,15.48
295650,14.91
138950,14.91
27555,14.91
73440,14.91
189706,15.48
197396,15.48
120873,14.91
84735,14.91
238883,14.91
178842,14.91
66792,14.91
12071,14.91
159347,14.91
108817,14.91
148700,14.91
260912,14.91
224930,14.91
22455,14.91
127302,14.91
104900,14.91
212125,14.91
45780,14.91
227282,14.96
193072,14.91
1160,14.91
103956,14.91
275667,15.13
246754,14.91
214110,14.91
220321,15.48
23026,15.48
62961,15.48
65157,14.91
278354,14.91
292711,14.91
27579,14.91
56203,14.91
167163,15.48
32853,14.91
143309,14.91
8521,15.48
251153,15.48
66007,14.91
6109,15.48
295617,14.91
18164,14.91
257039,15.48
206686,14.91
102265,13.96
220907,14.91
72008,14.91
207073,14.91
61342,14.91
112467,15.12
174149,14.91
8034,14.91
99182,15.05
186369,14.91
60169,14.91
31532,15.48
125228,14.91
224919,14.91
224961,14.91
256913,14.91
268461,15.48
148639,14.91
73217,14.91
30880,14.91
58149,14.91
203531,14.91
59449,14.91
254086,14.91
52637,14.91
197711,14.91
246717,15.48
59512,14.91
100929,14.91
168762,14.91
214000,14.91
297188,14.91
45378,14.91
19443,14.91
292435,14.91
32589,15.48
278912,14.91
123655,14.91
50989,15.48
90730,14.91
142643,14.91
46232,15.16
43756,14.91
129964,15.48
220848,14.91
56642,14.91
120933,14.91
108275,15.48
37733,14.91
143503,15.12
2490,14.91
65127,14.91
40845,15.48
92770,15.48
36883,14.91
264672,15.48
295028,14.91
41198,13.96
194585,14.91
117895,14.91
48907,14.91
122696,14.91
30005,15.05
20628,14.91
18022,14.91
164871,14.91
203346,15.48
203128,14.91
117483,14.91
266480,14.91
224324,14.91
13766,14.91
146396,14.91
59626,14.91
192768,14.91
129668,14.91
149890,15.05
151123,14.91
209391,14.91
60405,14.91
242877,14.91
51343,14.91
209959,15.12
228595,14.91
51961,15.48
233733,14.91
95076,14.91
253667,14.91
118568,15.48
66191,14.91
195742,14.91
168798,15.05
216690,14.91
187880,15.13
298319,14.91
138122,15.48
256414,14.91
69865,15.48
276951,14.91
57820,14.91
297278,14.91
25949,13.96
184192,15.05
141429,13.96
108522,15.48
75731,14.91
30691,14.91
149300,14.91
240362,15.48
202761,14.91
151747,13.96
214094,14.91
95088,15.12
220112,14.91
120743,14.91
217354,14.91
271597,15.48
261093,14.91
6100,14.91
196393,14.91
273115,15.48
225157,14.91
73714,15.48
179299,15.48
44117,15.48
52743,15.48
46553,15.48
6047,14.91
164717,14.91
262914,14.91
193162,14.91
48151,14.91
10577,14.91
156188,15.48
148820,14.91
281798,15.05
111962,15.48
269352,15.05
201511,14.91
241621,15.48
201126,14.91
191310,15.12
104320,14.91
208862,14.91
49212,15.48
163090,15.48
156261,14.91
106560,14.91
188389,14.91
113391,15.48
174567,14.91
205012,14.91
219619,14.91
104423,14.91
224761,14.91
93793,15.05
256596,14.91
124093,14.91
210368,14.91
21326,14.91
37102,14.91
17188,14.91
224634,14.91
61084,14.91
151051,14.91
155071,14.91
227338,14.91
99538,15.48
291165,14.91
119761,14.91
292073,14.91
209492,14.91
178424,15.48
100684,15.48
66954,14.91
103941,14.91
188205,14.91
126616,14.91
149183,14.91
247344,14.91
121298,14.91
24170,15.48
165555,13.96
97615,14.91
44694,14.91
91761,14.96
160179,15.48
267651,15.13
152533,15.48
270062,15.05
54349,14.91
146281,14.91
240065,14.91
201733,13.96
243786,13.96
168582,14.91
288116,15.05
260178,14.91
265278,14.91
79268,14.91
258728,14.91
278255,14.91
148308,14.91
216873,14.91
18214,14.91
216399,14.91
87275,15.05
171210,14.91
186030,15.48
247730,14.91
130648,14.91
100397,15.48
238695,14.91
151942,15.48
168314,15.48
94309,14.91
92968,15.12
173530,15.48
152830,14.91
251472,15.48
89276,15.48
251219,15.48
194607,15.48
219846,14.91
64803,14.91
85971,15.48
199329,15.48
129364,14.98
81625,14.91
155828,14.91
182180,14.91
115372,14.91
272652,14.91
116225,14.91
128860,14.91
72231,15.48
130435,14.91
206211,14.91
187702,14.91
172460,15.48
287950,14.91
268991,15.48
289028,14.91
116172,15.48
285896,14.91
156506,14.91
293180,15.48
131861,14.91
163168,14.91
164001,14.96
257008,14.91
31872,15.48
117178,14.91
247285,14.91
84561,14.91
10650,14.91
216024,14.91
57023,15.48
12195,13.96
143823,14.91
111744,15.48
58603,14.91
226001,15.48
284354,15.12
27374,14.91
24114,14.91
252631,15.13
151788,14.91
31420,14.91
116693,15.48
70336,14.91
193307,13.96
193469,13.96
232367,14.91
296928,15.12
226523,15.48
284937,15.05
269255,14.91
155752,14.91
74530,14.91
183014,14.91
60640,15.48
40823,15.48
242459,14.91
228452,14.91
105204,14.91
234710,13.96
228579,15.48
182687,14.91
93081,15.48
101744,14.91
47505,14.91
63071,14.91
206972,15.48
196645,14.91
271927,15.48
89012,14.91
248060,14.91
248067,15.48
201338,15.48
74615,14.91
218296,14.91
263019,14.91
97071,15.48
263383,14.91
85689,15.48
42155,14.91
167698,14.91
13705,15.05
144556,14.98
246459,14.91
293013,14.91
76212,14.91
101606,14.91
172610,15.48
243908,15.48
124755,14.91
214590,14.91
91941,14.91
134014,14.91
173956,14.91
259978,14.91
77379,15.48
143170,15.13
18079,14.91
236248,15.48
202265,14.91
242360,15.48
230247,14.91
254811,15.48
5442,14.91
147385,14.91
82618,14.91
268048,14.91
286423,15.05
145129,14.91
144272,14.91
65002,14.91
287293,14.91
81926,14.91
21093,14.91
102010,14.91
178554,14.91
117108,15.48
222614,15.48
249012,15.48
275288,15.48
133884,14.91
274688,14.96
148050,14.91
92899,14.91
221508,14.91
137930,14.91
63964,14.91
252716,14.91
76460,15.48
84293,14.91
91073,15.48
153227,14.91
197588,14.91
32717,14.91
101251,13.96
160123,14.91
244953,14.91
260641,14.91
177019,14.91
153889,15.48
54138,14.91
17289,14.91
283115,13.96
258666,15.48
62734,14.91
213437,14.91
140137,15.05
107894,15.16
34462,14.91
248644,14.91
124635,15.48
171852,14.91
164203,15.48
169142,14.98
284659,15.48
230172,14.91
266594,14.91
291293,14.91
152177,15.48
67228,14.91
176655,14.91
5107,14.91
132652,14.91
260197,14.91
148860,15.13
250071,14.91
284012,14.91
206324,14.91
98569,14.91
295004,14.91
172625,14.91
279592,14.91
157343,14.91
280780,14.91
287368,15.05
1476,14.91
227097,14.91
145081,14.91
177239,15.05
212033,15.48
277015,15.48
32015,15.48
258305,15.48
54282,14.91
226367,14.91
53887,14.91
182451,14.91
124318,14.91
79849,14.91
280377,14.91
64313,14.91
281180,14.91
179878,14.91
95530,14.91
272384,15.05
124425,15.48
282417,14.91
186667,15.48
219405,14.91
277705,14.91
185203,14.91
173189,15.48
169415,15.12
291,14.91
250303,14.91
287150,14.91
4415,14.91
155827,14.91
21095,14.91
84063,14.91
288144,15.05
110378,14.68
56000,15.48
2816,15.13
40662,14.91
55059,14.91
295555,13.96
141404,14.91
291179,14.91
295893,14.91
250905,14.91
18244,14.91
51844,14.91
73664,14.91
294843,14.91
73927,14.91
9805,14.91
67099,14.91
125654,14.91
125218,13.96
241923,14.91
250821,15.48
35166,14.91
282507,14.91
195268,14.91
27802,14.91
278640,15.48
102315,14.91
104253,14.91
251376,14.96
55278,14.91
121982,14.91
115270,14.91
27065,15.48
2950,15.48
183783,14.96
117857,15.48
289024,14.91
250849,15.48
150550,14.91
27559,15.48
135088,14.91
247571,14.91
279989,14.91
203083,14.91
28449,14.91
61150,14.91
292546,15.48
193713,15.48
240869,14.91
186001,15.48
218353,14.91
99926,15.12
59994,14.91
229549,14.91
184509,14.91
158017,15.48
119382,14.91
284450,15.12
115939,14.91
276486,15.48
37027,14.91
180970,14.91
183900,15.05
54664,15.05
84517,14.91
231075,14.91
164607,14.91
30587,14.91
52641,15.48
83418,15.48
145450,14.91
38495,14.91
66031,14.91
84436,14.91
29624,14.91
153891,14.91
209288,14.91
52626,15.48
175402,15.48
236992,14.91
54252,15.48
205334,13.96
73672,14.91
89614,14.91
253863,14.91
33135,14.91
79710,15.48
295621,14.91
78736,14.91
208662,15.48
38319,14.91
147163,14.91
151396,14.98
102896,14.91
267924,14.91
284811,15.48
265677,14.91
104719,14.91
212231,15.48
201111,14.91
3113,15.48
134515,15.05
281245,14.91
172766,14.91
9647,14.91
188364,14.91
199872,14.91
176992,14.91
113986,14.91
262636,14.96
254738,14.91
15375,14.91
198216,14.91
119450,15.48
14098,14.91
213532,15.48
124475,15.48
98129,15.05
70369,14.91
9699,14.91
221549,14.91
274378,15.48
207885,14.91
69842,14.91
273246,14.91
250166,15.48
114459,14.91
161859,14.91
29957,15.48
290417,14.91
225753,13.96
131744,14.91
269622,14.91
229291,14.91
145105,14.91
248402,14.91
77044,14.91
260657,15.48
218204,15.48
212032,14.91
241418,14.91
210629,15.48
153153,14.91
174886,14.91
287019,14.91
145481,14.91
265103,14.91
258165,14.91
119184,15.48
283249,14.91
75169,14.91
256878,13.96
227332,14.91
88474,14.75
184676,15.48
204912,14.91
61290,15.48
178468,15.13
114009,14.91
102883,13.96
138529,14.91
220379,15.48
230845,15.13
251581,15.48
287786,15.48
197784,15.48
1808,14.91
22458,15.48
60015,15.12
238991,14.91
229878,15.48
107278,15.48
198426,14.91
256377,15.05
139597,14.91
68801,14.91
226039,14.91
254397,15.13
181686,14.91
120242,14.91
70299,15.05
151657,14.91
270037,14.91
134444,15.48
77401,14.91
228780,14.91
271364,14.91
199941,15.48
19148,14.91
281203,14.96
46837,14.91
181208,14.91
295397,14.91
183052,15.05
102469,14.91
290166,14.91
207223,14.91
4500,14.91
150024,14.91
74136,15.48
114154,15.48
66004,15.05
95333,15.13
104501,14.91
133999,14.91
137950,15.48
229580,13.96
277059,15.05
31203,15.48
189495,14.91
146570,14.91
285631,14.91
280208,14.91
245877,15.48
136043,15.05
203597,14.91
227811,14.91
129004,15.48
172772,15.48
297471,14.91
216237,14.91
139679,14.91
296440,14.91
248238,15.48
133722,15.48
71608,15.48
191800,15.48
106463,14.91
112214,15.13
295363,15.48
63251,14.91
48963,14.91
280894,15.05
169558,15.48
63107,14.91
26056,14.91
64190,14.91
182672,15.48
250121,15.48
69186,14.91
64242,14.91
180709,15.05
190221,15.05
250407,14.91
242989,14.91
197812,14.91
203268,15.48
134696,14.91
2773,14.91
102527,14.91
128767,14.91
114308,14.91
151479,13.96
288416,14.91
293408,14.91
35372,14.91
220443,15.48
207671,15.48
121916,14.91
83016,14.91
201452,14.91
173154,14.91
214719,15.48
268261,14.91
225511,14.91
246440,15.48
185415,14.91
229946,15.48
62425,14.91
160375,14.91
87183,14.91
57767,14.91
81218,14.91
286183,14.83
99527,15.48
152167,14.91
8075,15.13
237161,14.91
110199,14.91
80127,15.48
275398,15.48
85508,14.98
87361,14.91
41095,15.48
105661,14.91
68143,14.91
165325,15.48
31774,14.91
206625,15.48
113231,14.91
82996,14.96
84736,14.91
32409,14.91
130476,14.91
167222,14.91
205951,14.91
138673,14.91
67361,15.48
153819,15.48
157199,15.48
146325,14.91
99090,15.48
268536,14.91
298838,14.91
144784,13.96
161031,14.91
198167,14.91
31714,14.91
170293,14.91
37020,14.91
87570,14.91
51547,14.91
196783,14.91
275702,14.91
137918,14.91
55898,14.91
254951,14.91
141857,15.48
43048,14.91
89857,14.91
259909,14.91
188047,14.91
278958,14.91
282807,15.48
205111,14.91
128290,13.96
165031,15.48
184397,15.13
194745,14.91
105521,14.91
262376,15.13
186092,14.91
71222,14.91
209429,14.91
194836,14.91
87137,14.91
269926,14.91
276636,15.13
252779,14.91
171473,14.91
172783,14.91
180201,14.91
264838,15.13
27300,14.91
119843,14.91
14515,14.91
97762,14.91
269311,14.91
209235,15.48
178358,14.91
148048,15.48
243567,14.91
221239,14.91
187587,14.91
12158,15.48
133597,15.48
199934,14.91
2936,15.48
221433,15.13
125788,15.48
10439,14.91
288347,14.91
152224,15.48
204888,15.48
157796,14.91
80718,14.91
91664,14.91
23827,14.91
203773,15.48
58351,15.48
62036,15.48
226088,14.91
252966,14.91
155795,15.12
174723,14.91
180048,14.91
240939,14.91
66388,14.91
296631,15.48
147037,14.91
140759,15.48
231528,14.91
261112,14.91
92831,14.91
287411,15.13
93699,14.91
255930,14.91
128927,15.48
144193,14.91
77647,14.91
128877,14.91
248370,14.91
257717,15.12
55086,14.91
52997,14.91
220599,15.48
41161,15.19
20595,14.91
40979,15.48
240792,14.91
52199,14.91
262582,15.48
4817,15.48
165490,13.96
137156,14.96
184847,14.91
158204,14.91
880,15.48
78288,13.96
174927,14.91
72998,14.91
274029,14.91
94858,15.48
127137,14.91
281231,13.96
22530,14.91
24038,14.91
71072,14.91
229787,14.91
10461,14.91
34464,15.48
269592,14.91
6350,14.91
206770,14.91
245466,14.91
50946,14.91
270898,14.91
239956,14.91
25069,15.48
109346,14.91
21916,15.48
278417,15.48
99303,14.91
106919,15.05
239526,15.48
246954,15.48
146931,14.91
266823,14.91
106060,14.91
8766,15.48
267601,14.91
273194,14.96
262965,15.12
195195,14.91
202129,14.91
200108,14.91
146098,14.91
139481,13.96
166719,14.91
233171,14.91
207951,14.91
112017,14.91
187810,14.91
209178,15.48
273539,15.48
22292,14.91
131170,14.91
46247,14.91
268581,14.91
161132,14.96
133741,14.91
23155,14.91
181203,14.91
64741,13.96
243651,15.13
145208,14.91
128796,14.91
32384,13.96
143970,14.91
118977,14.91
129982,15.05
13057,14.91
55204,15.48
296700,15.12
82707,15.48
120755,14.91
32928,14.91
298086,15.48
92039,14.91
220192,14.91
104376,15.48
93777,14.91
269917,14.91
246009,15.48
252618,14.91
227509,14.91
198829,15.48
26731,15.48
52809,15.48
14372,14.91
248561,14.91
160143,15.48
190394,14.91
147182,13.96
29427,14.91
20838,14.91
155305,14.91
231277,14.91
228554,14.91
88981,15.48
233838,14.91
655,14.91
299279,15.48
280216,14.91
244178,14.91
51498,14.91
37224,14.91
250204,14.91
293592,15.48
79045,14.91
179989,14.91
207286,15.48
253602,14.91
282230,14.91
207705,14.91
278254,14.91
126578,14.91
217944,14.91
291776,15.48
247071,15.48
85207,14.91
184973,14.91
229894,15.48
199364,14.91
2131,14.91
277504,14.91
206746,14.91
123996,15.05
152831,14.91
160517,14.91
171527,14.91
27869,15.48
68848,14.91
260325,14.91
177989,15.13
103575,14.91
138597,14.91
192450,15.05
236401,14.91
216070,15.48
37998,14.91
154439,15.48
1395,14.91
71318,14.91
106515,15.16
256726,13.96
31004,14.91
191481,14.91
247089,14.91
22005,14.91
233862,14.91
92538,15.12
76814,15.13
271875,14.91
282799,14.91
278430,14.91
84288,15.48
246121,14.91
29281,14.91
212997,14.91
103974,15.48
54038,14.91
255789,15.48
40414,15.48
86789,15.12
183849,15.13
271477,15.48
134960,14.91
81153,14.91
13819,14.91
268046,14.91
124315,15.48
181265,14.91
94721,15.13
84806,14.91
139292,15.05
259695,14.91
211286,14.91
225350,14.91
245527,15.48
185466,15.05
186450,15.48
11872,14.91
268225,14.91
63256,14.91
139691,14.91
176521,14.96
127519,14.91
182441,14.91
148019,14.91
17687,14.91
223624,14.91
280015,14.91
6110,14.91
209910,15.48
81646,15.48
111170,15.48
74477,14.91
177003,15.05
123399,14.91
161857,15.13
46905,14.91
78341,13.96
31731,15.05
272920,15.13
125661,14.91
297315,14.91
225859,14.91
28257,15.05
167482,14.91
1283,14.91
53134,14.91
7100,15.12
270419,14.91
128679,14.91
149310,14.91
168676,14.91
76708,15.48
285141,14.91
107134,15.48
167924,14.91
123966,14.91
177849,14.91
280042,15.13
227057,14.91
293492,15.48
98535,15.48
77273,14.91
167722,14.68
283665,14.91
82058,14.91
185242,14.91
114859,14.91
233270,15.12
150398,14.91
48211,14.96
193058,14.91
108200,14.91
7207,14.91
43628,15.48
139496,14.91
106450,14.91
289467,14.91
36504,15.48
54733,14.91
285292,15.12
143567,14.91
183894,15.05
219600,15.48
223327,14.91
210102,14.91
130020,14.91
71777,14.91
161282,15.48
285651,14.91
121145,14.91
261356,14.91
10844,14.98
153518,14.91
275976,14.91
117929,15.48
83516,14.91
181349,15.13
45442,14.96
497,15.48
155524,15.48
224114,14.91
142840,14.91
222108,14.91
130114,14.91
78198,15.48
223443,14.91
175485,14.91
86108,14.75
138611,14.91
214102,14.91
294547,14.91
288978,15.13
20278,14.91
167235,14.91
188359,14.91
63966,14.91
140412,15.12
258296,14.91
218072,14.91
261679,14.91
227636,14.91
152181,15.48
78369,14.91
299179,14.91
294335,14.91
2041,14.91
207935,15.48
178228,14.91
210477,14.91
62997,14.91
128308,14.91
69275,14.91
102853,14.91
160036,14.91
163304,15.48
11761,14.91
188268,15.48
93810,15.13
234472,15.48
263091,14.96
1272,14.96
237862,14.91
260817,14.91
31297,14.91
258355,15.48
108279,13.96
248375,14.91
38841,14.91
233409,14.91
67780,14.91
148202,14.91
55136,14.91
157140,14.91
22967,15.05
60161,14.91
220704,14.91
189459,14.91
199505,15.48
280531,13.96
2779,15.48
281147,14.91
170898,14.91
124044,15.48
42954,14.91
180761,15.48
107169,14.91
294507,14.91
139202,14.91
61532,14.91
51155,14.91
172582,14.91
175562,14.91
236551,14.91
193757,14.91
60568,15.48
27171,14.91
271348,14.91
269139,15.05
185813,14.91
165744,14.91
110795,15.12
193053,15.12
17994,14.91
158717,14.91
258824,15.48
205171,14.91
18193,14.91
222311,14.91
162589,13.96
93690,15.13
55707,15.48
238297,14.91
178277,15.48
218238,13.96
56579,14.91
169638,14.91
80711,14.91
31096,13.96
80174,14.91
215895,14.91
22320,15.48
220539,14.91
57270,15.05
194601,14.91
50847,14.91
131718,14.91
107057,13.96
140705,14.91
14011,14.91
256381,15.48
218570,14.91
171225,14.91
295456,15.48
52718,15.12
222833,14.91
84420,15.48
132962,14.91
232897,14.91
220189,14.91
262208,14.96
5996,14.91
137238,14.91
200522,15.48
172778,14.91
254859,15.48
57997,14.91
123585,15.48
224814,14.91
165052,14.91
29573,15.48
151063,14.91
268235,14.91
69874,14.91
72430,15.48
153322,15.48
212502,13.96
265233,14.91
97033,14.91
4871,14.91
255004,14.91
263438,14.91
257689,14.91
51368,15.48
23542,14.91
199719,14.91
123117,14.91
66773,13.96
238633,14.91
269023,14.91
286579,14.91
119807,14.91
278079,14.91
19541,14.91
257169,15.48
9274,14.91
274599,15.48
63707,14.91
50217,13.96
43133,14.98
201351,15.05
105938,14.91
291428,14.91
264345,14.91
124491,15.48
221863,14.91
253015,15.05
226010,15.48
146348,14.91
212144,14.91
183862,14.91
65697,14.91
14415,15.05
152637,15.13
53527,14.91
133247,15.48
140045,14.91
55940,15.48
70974,14.91
199475,15.48
51409,14.91
279600,14.91
196899,15.13
295923,14.91
119900,15.12
206195,14.91
137403,14.91
138183,14.91
278653,14.91
245764,14.91
79506,14.91
161626,14.91
269662,15.05
153936,14.91
154120,14.91
59339,14.91
219227,14.91
185363,15.48
187511,15.48
60016,15.48
220754,14.91
73470,13.96
75445,14.91
16909,15.13
44488,14.91
262609,15.48
168570,14.91
286504,14.91
8637,14.91
58515,14.91
22553,14.91
149255,14.91
223851,14.91
194345,14.91
26237,14.91
17263,15.48
120865,15.48
1649,14.91
219621,14.91
95938,14.91
262614,15.05
154764,14.91
198488,14.91
259930,13.96
262333,15.48
52178,14.91
122578,14.91
115926,15.05
15483,14.91
48375,14.91
207826,15.05
119740,15.48
20004,14.91
96542,14.91
248242,15.48
144937,14.91
15559,14.91
143547,14.91
259733,14.91
234742,14.91
206905,15.48
87820,15.48
213454,15.48
149628,14.91
216556,14.91
273517,14.91
192561,15.48
173185,14.91
118432,14.91
87987,14.91
221990,14.91
229742,14.91
236339,14.91
287590,14.98
126410,14.91
202426,14.91
279051,14.91
25904,14.91
210717,15.48
258874,14.91
49586,15.48
194986,15.48
280815,13.96
282324,13.96
278762,14.91
210930,14.91
175216,14.91
272824,14.91
133926,15.48
85905,15.48
33784,14.96
246187,14.91
276608,14.91
176003,14.91
53544,14.91
91100,15.48
133641,15.05
244225,14.91
298674,14.91
156289,15.13
89368,14.91
8386,14.91
211867,14.91
295327,14.91
160195,14.91
120584,14.91
149934,14.91
288636,15.05
203752,14.91
33651,14.91
281982,15.48
48099,15.13
199322,14.91
125485,15.48
36149,14.91
57988,13.96
112502,14.91
213455,13.96
26127,14.91
260896,15.13
10926,14.91
221956,14.91
220371,14.91
50456,14.91
243354,15.48
122254,14.91
167774,14.91
295202,14.91
183764,15.48
242832,14.91
151300,15.48
275711,14.91
216882,14.91
109133,14.91
139067,14.91
49643,15.48
271416,14.91
244640,14.91
230927,14.91
223495,14.91
105880,14.91
50871,15.48
291269,14.91
221605,14.91
225541,14.91
74738,14.91
40102,14.91
297070,14.91
238303,14.91
236034,14.91
158138,14.91
244748,14.91
183996,14.91
170037,14.91
256019,14.91
164273,15.48
241823,14.91
113085,13.96
51483,14.91
129435,13.96
267414,15.48
142829,14.91
14578,15.48
181488,15.05
47427,15.05
228224,15.13
147482,15.13
14952,15.48
75006,14.91
181636,15.05
183498,14.91
248594,14.91
284034,14.91
64727,15.48
233329,15.48
140996,14.91
148905,15.48
53780,14.91
239002,14.91
124782,15.48
157936,14.96
273364,15.05
181998,15.48
144449,15.13
3209,15.48
162599,14.91
166222,14.91
225907,14.91
203386,14.91
195666,14.91
137044,14.91
266556,14.91
145588,14.91
199417,13.96
199205,14.91
285988,14.91
13606,15.48
261031,14.91
241112,15.48
189039,14.96
68611,15.48
87503,14.91
54197,15.48
11127,14.91
75222,14.91
21560,14.91
130902,14.91
275544,14.91
204201,15.48
206844,14.91
620,14.91
274800,14.91
31718,14.91
63557,14.91
97596,14.68
160224,14.91
5917,14.91
180828,14.91
29446,14.91
218130,14.91
257933,14.91
275672,14.96
112472,15.48
299190,15.05
39961,15.05
200611,14.91
169497,15.48
261993,14.91
194518,14.91
206348,14.91
220800,13.96
267718,14.91
240918,14.91
102607,14.91
165612,15.05
259560,15.48
46895,15.12
123172,14.91
117312,14.91
29137,14.91
232277,14.91
520,14.91
129226,15.48
243690,14.91
171196,15.48
274772,15.48
19512,14.91
21265,13.96
199785,15.13
199703,15.48
190937,14.91
260560,15.05
226265,14.91
63249,14.91
61202,15.48
25164,14.91
251284,14.91
91350,14.91
221303,15.48
113738,14.91
187802,14.91
266526,15.48
1453,14.91
199609,14.91
112925,15.48
114852,14.91
63125,15.48
49597,14.91
235342,15.48
209818,13.96
252556,14.91
57006,14.96
259039,15.48
258811,15.05
239122,13.96
125010,14.91
274077,15.48
39363,14.91
176626,14.91
216459,14.91
250465,14.91
218518,14.91
215661,14.91
154541,14.91
75647,15.48
42477,15.48
156628,15.48
293832,13.96
159297,15.16
19825,14.91
82710,14.91
120751,14.91
247270,14.91
166907,15.13
18544,14.91
109207,15.48
55171,14.91
143240,14.91
61564,14.91
183218,14.91
226933,15.48
275765,14.91
264804,15.05
12440,15.48
115069,15.48
260991,14.91
41247,15.48
49074,15.48
217969,14.91
273735,14.91
165410,14.91
238396,14.91
1990,14.91
125577,14.96
106846,14.91
92750,14.91
162755,14.91
243132,14.91
142674,14.91
250077,14.91
33815,15.48
946,14.91
268052,14.91
162919,15.05
222122,14.91
180091,15.48
73274,14.91
44275,14.91
33215,14.91
144003,14.91
272248,15.13
149095,14.91
66628,14.91
76084,14.91
99660,15.48
196108,14.91
127716,15.48
59916,14.91
281967,15.48
184502,15.13
144076,14.91
169376,14.91
61535,14.91
37113,15.13
271925,15.12
239324,15.48
124344,14.91
242055,14.91
86483,14.91
293791,14.91
18071,14.91
100252,15.48
218984,15.13
249782,14.91
137763,14.91
235502,15.48
188786,15.05
38323,14.91
137632,14.91
48947,14.91
63058,15.48
149264,14.91
52177,14.91
217570,14.91
178676,14.91
231930,15.48
171914,14.91
244812,15.48
97992,14.91
172848,15.48
65373,14.91
84070,15.05
44674,14.91
65493,14.91
287949,14.91
289683,14.91
237602,14.91
240259,14.68
64327,14.91
246081,14.91
74501,13.96
78572,15.48
37795,14.91
70103,14.91
269849,14.96
24409,15.48
8958,15.48
226944,14.91
247560,14.91
276337,15.48
164433,14.91
158242,15.48
93265,14.91
219511,14.91
48919,14.91
122292,14.91
49410,14.91
284740,15.48
87406,14.91
193094,14.91
48928,14.91
286060,14.91
264436,15.48
170017,15.48
290083,14.91
196763,14.91
266155,15.13
245088,14.91
273826,15.48
229053,14.91
255501,15.48
64428,15.48
15616,15.05
251427,14.91
160772,14.91
192977,15.48
221529,14.91
131836,14.91
234636,15.48
187846,14.91
83210,14.91
23589,14.91
222243,14.91
66090,15.48
136102,15.48
133880,14.98
80265,15.13
30820,14.91
44191,15.48
10742,14.91
146772,14.91
190840,15.48
293105,14.91
289972,14.91
56056,14.91
284282,15.48
215960,15.05
75358,15.13
119060,14.91
225107,14.91
90120,15.48
48693,14.91
18944,14.91
144953,14.91
76660,14.91
68468,15.48
251332,15.48
136743,14.91
198959,13.96
13062,14.91
267269,13.96
215472,14.91
110822,14.91
246804,14.91
19028,14.91
110528,14.91
232480,14.91
51412,14.98
265673,15.48
227044,15.48
2125,14.91
127233,14.91
73678,14.91
162620,15.48
234707,14.91
251282,14.91
75469,14.91
247919,14.91
75631,14.91
150067,15.48
162684,15.48
154486,14.91
5007,13.96
92885,14.91
1989,14.91
7991,13.96
125965,14.91
296599,15.48
236861,14.91
7673,14.91
29803,15.05
62697,15.48
217960,13.96
93146,15.48
141195,15.48
140,14.91
79656,15.48
76755,14.91
214412,14.91
116906,15.48
78535,14.91
232527,14.91
288088,14.91
97298,14.91
137802,14.91
279395,14.91
81288,14.91
82588,15.48
60431,14.91
166994,14.91
79615,14.91
245384,15.48
244521,14.91
36148,14.91
163738,14.91
92738,14.91
283659,14.91
72015,15.48
244464,14.91
292798,14.91
47280,14.91
148234,15.13
44206,14.91
25224,13.96
3878,15.48
289956,14.91
81642,14.91
19320,14.91
282619,14.91
7464,14.91
63986,13.96
58732,14.91
65419,15.05
260352,14.91
25347,13.96
118554,15.48
75155,14.91
20114,15.48
97907,14.98
164588,15.05
294441,14.91
1388,14.91
233152,14.91
263177,15.13
176140,14.91
75562,14.91
58646,14.91
131970,15.48
173337,15.05
57223,15.48
64735,14.91
293138,14.91
77458,14.91
185827,14.91
217434,14.91
149997,14.91
50008,14.91
36076,15.48
133304,14.91
279218,14.91
7276,14.91
106855,14.98
104951,15.13
148808,14.91
130010,14.91
192101,13.96
252339,14.91
206750,14.91
192966,14.91
249344,14.91
259368,15.48
206126,14.91
163829,14.91
156534,14.91
179327,14.91
257862,14.91
213473,15.48
205448,14.91
185531,15.13
46126,15.13
284146,14.98
99665,15.48
129449,14.91
164937,14.91
147703,14.91
139921,14.91
281348,15.48
6862,14.91
189133,14.91
55524,14.91
143264,14.91
56960,14.91
230937,14.91
249906,14.91
39381,14.91
297758,15.48
126495,14.91
68188,14.91
170712,15.48
11579,13.96
132856,14.91
921,14.91
2586,14.91
204154,14.91
275610,15.48
124612,14.91
133638,14.91
169599,14.91
291577,14.91
264506,14.91
88925,14.91
201181,15.48
218452,15.48
169783,14.96
124021,14.91
13927,14.91
263722,14.91
51014,14.91
7965,15.48
108246,13.96
103952,14.91
30167,14.91
249590,15.48
90787,15.48
134017,14.91
30323,15.13
185240,13.96
76190,14.91
133130,15.05
53646,15.48
54399,14.91
74159,14.91
181397,15.48
69415,14.91
211666,15.48
163272,14.91
226736,15.48
234061,15.48
153462,15.48
84459,14.91
23319,14.91
19590,15.48
235350,15.48
200025,13.96
73472,15.48
289601,14.91
277764,14.91
16072,14.96
129730,14.91
100031,13.96
284264,15.48
58476,14.91
15365,15.48
109488,14.91
145646,14.91
182044,14.91
46143,14.91
257819,14.91
36814,15.48
77303,15.48
3272,14.91
112794,15.48
209078,14.91
78550,14.91
70736,14.91
212913,14.91
238727,14.91
181647,14.91
58846,14.91
167154,14.91
172893,14.91
134166,14.91
252186,14.91
34078,15.13
46202,15.05
6027,14.91
84790,15.48
131965,14.91
27399,14.91
106744,15.48
14441,14.91
290114,14.91
187090,14.91
187879,15.13
131517,14.91
109560,14.91
75903,14.91
121815,14.91
291411,14.91
146869,14.91
240095,13.96
103931,14.91
116799,15.48
121772,14.91
995,14.91
12560,14.91
173140,14.91
61207,14.91
134492,14.91
20949,14.91
135966,15.13
30823,14.91
20037,14.91
93348,14.91
230480,14.91
150207,14.91
113897,14.96
255452,14.91
121585,14.91
234544,14.91
81046,14.91
15258,14.91
272408,15.48
272064,14.91
75938,15.48
246892,14.91
13596,14.91
120736,14.91
191793,15.48
66821,14.91
159646,15.05
173179,14.91
32224,14.91
257938,14.91
74042,14.91
12124,15.48
142880,14.91
181509,14.91
279149,15.48
153660,14.91
293707,14.91
159490,14.91
152213,15.48
4564,14.91
58108,14.91
4645,14.91
125158,14.91
54964,14.91
5946,14.91
8332,15.48
128363,14.91
274953,14.96
162701,14.91
78878,15.48
137111,14.91
264713,15.05
282245,14.91
46117,14.91
282056,15.48
169894,14.91
108767,15.48
175785,14.91
100509,15.05
180145,15.48
236051,14.96
22029,15.48
256102,14.91
269396,14.91
252853,15.48
286826,14.91
27568,13.96
94833,14.98
441,14.91
69521,14.91
88702,14.91
192173,14.91
6884,14.91
42374,14.91
91912,14.91
95438,13.96
212956,14.91
120772,14.91
102963,15.48
205636,14.91
125873,15.48
82885,15.48
133126,14.91
33336,15.48
85118,15.48
253513,14.91
296755,14.91
140782,15.48
206041,14.91
27365,14.91
295346,14.91
83926,15.13
204094,15.48
137106,14.91
24342,14.91
140550,14.91
18882,14.91
93167,14.91
172833,14.91
219744,14.91
239523,15.48
16622,15.48
295376,15.48
148854,14.91
256418,15.48
174485,14.91
71966,14.91
44673,15.48
135128,15.12
293344,14.91
67772,14.91
185875,14.91
80901,15.48
221313,14.91
267803,14.91
243436,14.91
294448,13.96
171219,15.05
93372,15.05
141634,14.91
177816,15.48
298716,15.48
143777,14.91
92377,14.91
62412,15.05
84264,14.91
164212,15.48
194726,14.91
100208,15.48
279113,13.96
46520,15.13
5113,14.91
110299,15.05
3702,14.91
263811,14.91
229524,15.48
95089,14.91
295537,14.91
157366,14.98
233358,14.91
185384,14.96
53092,14.91
197404,14.91
184479,14.91
12090,13.96
240808,14.91
167187,14.91
174923,15.48
21562,15.48
51743,14.98
46153,14.91
274860,15.48
262236,13.96
105068,13.96
103937,14.91
47670,14.91
232307,14.91
231734,14.91
25072,14.91
9094,14.91
62156,15.48
268738,14.91
226824,14.91
262222,15.48
5984,15.48
160430,14.91
237803,14.91
209251,14.91
281445,14.91
182551,14.91
102214,14.91
173447,15.48
10223,14.91
281748,15.48
179620,15.48
26356,15.48
74172,15.12
238215,15.48
279735,15.48
169192,14.91
249763,14.91
45778,14.91
5086,14.91
96760,14.91
188267,15.48
58411,15.48
101084,15.13
241154,14.91
178252,14.91
265781,14.91
7088,14.91
46815,14.91
91452,14.91
295403,14.91
662,14.91
176633,14.91
43534,14.91
69142,13.96
40956,15.48
31981,14.91
79481,14.91
296929,14.91
144595,15.48
184211,14.91
138137,14.96
232537,15.48
129521,15.48
298668,15.48
89819,14.96
108476,14.91
200271,14.91
67503,14.91
32921,15.48
62226,14.91
146999,14.91
287989,14.91
63366,14.91
74465,14.83
34297,14.91
194868,14.91
209293,14.91
192687,15.48
187411,15.48
31547,15.48
184425,14.91
225093,14.91
180799,14.91
208055,14.91
148425,15.48
15572,14.91
293243,14.91
262566,14.91
126017,14.91
13228,15.48
46631,15.48
49342,14.91
64635,14.91
227403,14.91
220936,14.91
200030,14.91
271997,13.96
69502,15.48
233363,14.91
136755,15.48
109221,14.91
227489,14.91
250487,14.91
118931,15.48
35108,14.91
193641,14.91
948,15.48
111498,15.48
86520,14.91
280270,14.91
116992,14.91
163226,14.91
93751,14.91
266492,14.91
203371,15.48
16859,14.91
17746,14.91
250127,15.48
69927,15.13
239433,14.91
42034,14.91
12799,15.05
278672,14.91
1729,14.91
274083,14.91
108544,13.96
276166,14.98
298437,14.91
41260,14.91
142004,14.91
133273,14.91
296074,14.91
97638,14.91
115201,14.91
285597,14.91
183590,14.91
194734,14.91
205511,14.91
155747,14.91
129462,14.96
1588,14.91
193054,14.91
873,14.91
203277,14.91
199588,14.91
227720,14.91
141645,14.91
4297,15.05
146594,14.91
31762,14.91
54458,14.91
131576,15.48
250873,14.91
67135,14.91
66429,14.91
50766,15.05
36073,14.91
71580,15.48
105325,15.48
126244,14.91
245157,14.91
288756,15.48
189928,15.48
91132,14.91
75110,14.91
227690,14.91
39626,14.91
207747,13.96
199503,14.91
64757,14.91
151764,14.91
245881,14.91
184867,14.91
31014,14.91
143876,14.91
119227,14.91
123111,15.05
236621,14.91
249442,14.91
112729,15.48
16921,14.91
125737,14.91
76491,15.48
241704,15.48
10297,14.91
271897,13.96
152237,14.91
42017,14.91
109934,15.48
182388,14.91
79867,15.05
229590,14.91
227787,14.91
294823,14.91
117661,14.91
60422,15.48
67545,14.91
190201,14.91
297044,15.48
100751,14.91
143327,15.48
210895,13.96
178629,14.91
29702,14.91
5822,14.91
67025,14.91
224091,14.91
93624,15.48
283428,15.13
104852,14.91
298196,14.91
206808,13.96
41114,14.91
223290,15.48
227493,14.91
140964,14.91
150562,14.91
291532,14.91
8592,14.91
9444,15.48
199633,15.48
125123,14.91
222116,14.91
228895,14.91
268807,14.91
230318,15.48
104686,13.96
184578,15.13
216469,14.91
31514,13.96
225346,14.91
42123,14.91
187662,15.48
114824,14.91
40931,14.91
9979,14.91
162190,14.91
266056,14.91
125101,14.91
211999,15.48
161365,14.91
144251,14.91
88779,14.91
230692,15.48
248517,14.91
28238,13.96
145689,14.91
183284,14.91
47699,15.48
31687,13.96
175350,15.05
233014,15.48
239278,14.91
35494,14.91
54609,13.96
38931,14.91
278118,15.48
283723,15.48
278788,14.91
261916,13.96
125483,15.48
3585,14.91
132394,14.91
107161,14.91
232029,15.48
151320,15.48
32256,14.96
238338,14.91
79586,14.91
245235,14.91
167353,14.91
187431,14.91
24802,14.91
242548,14.91
56876,15.48
240081,14.91
234191,14.91
280350,15.13
203358,15.48
194789,14.91
184375,14.91
278039,14.91
220944,13.96
80176,14.91
100423,13.96
93966,15.48
236820,14.91
179244,15.48
238937,14.91
23243,14.91
176487,15.48
42016,14.91
243094,13.96
41240,15.13
246096,14.91
65917,13.96
109887,14.91
238042,14.91
202987,14.91
202921,14.91
154294,15.48
138344,15.05
231458,15.48
234702,15.48
280435,13.96
249378,15.48
69873,14.91
57235,14.91
236033,15.48
225017,14.91
173306,15.48
76510,14.98
192419,14.91
149445,15.48
137960,14.91
33411,15.48
151749,14.91
51785,14.91
80009,14.91
220024,14.91
29748,15.12
21604,14.91
101833,14.91
19655,14.91
218045,14.91
228085,13.96
263159,15.48
29353,14.91
299161,15.48
65437,14.91
161083,15.48
50103,14.91
40119,14.98
264399,14.91
233507,14.91
138382,15.13
216025,14.91
25977,14.91
280564,14.91
250531,14.91
164918,15.48
33788,15.12
186377,14.91
104803,14.91
293362,15.48
188427,15.48
227418,15.48
208192,14.91
124350,14.91
293106,14.91
291769,15.48
249047,14.91
254353,14.91
234467,15.48
129314,15.48
183397,15.13
69439,14.91
199035,14.91
287628,14.91
72228,15.48
174652,14.91
217062,14.91
256101,14.91
142899,14.91
151266,14.91
113067,14.91
180165,15.48
14922,15.48
54988,14.91
246603,14.91
161958,14.91
212773,14.91
9230,15.48
121779,15.05
69046,14.91
285480,15.48
156524,14.91
31109,15.48
10445,14.91
120725,15.48
73166,14.91
155823,14.91
197075,15.12
35807,15.05
38177,14.91
158425,14.91
29508,14.98
11535,14.91
249987,14.91
263163,14.83
262391,15.48
95391,15.48
105904,14.91
64393,15.05
66524,15.48
229896,15.48
272528,14.91
239258,14.91
99188,15.48
17095,14.91
86878,14.91
280764,15.13
186672,15.13
267198,14.91
154589,14.91
12399,14.91
23821,14.91
294397,14.91
244250,14.91
213631,14.91
64392,15.13
21923,14.91
16522,14.91
110357,14.75
264642,15.48
159029,14.91
87370,14.91
103201,14.91
18014,14.91
8414,15.48
132444,14.91
137827,14.91
150563,14.91
272185,14.91
240775,14.91
151931,13.96
213527,14.91
4149,14.91
167865,14.91
174362,14.91
279644,14.91
257662,14.91
20632,14.91
179485,14.91
281005,14.91
39926,14.91
52329,15.48
226442,14.91
92203,14.91
247304,14.91
136003,14.91
151797,15.48
55333,14.91
159727,14.91
1276,14.91
18307,14.91
72932,14.91
57901,14.91
256949,14.91
298468,14.91
260330,14.91
172322,14.91
95544,15.48
14201,13.96
239428,13.96
25911,15.48
81011,14.91
187941,14.91
78311,14.96
188609,14.91
252334,13.96
71065,14.91
24873,14.91
154916,14.91
50189,15.48
248942,14.91
106206,15.48
185598,14.91
65118,14.91
183085,15.48
252754,14.98
138406,15.48
47573,15.05
97897,14.91
213481,15.48
195826,13.96
98207,14.91
220233,14.91
62383,14.91
196754,15.48
103363,14.91
283999,14.91
32433,14.91
75414,15.48
223350,13.96
106059,14.91
143638,14.91
34005,15.09
17367,15.48
25564,14.91
103336,15.05
60286,14.91
74905,14.91
246008,14.91
8283,14.91
60318,15.48
205517,14.91
257462,13.96
196244,14.91
141787,14.91
74524,15.48
82786,14.91
144994,14.91
191971,14.91
212332,14.91
177372,13.96
232212,15.48
195739,14.91
74521,14.91
36847,14.91
8680,15.05
244055,14.91
164228,14.91
209905,15.48
242722,14.91
230709,14.91
104792,13.96
271387,14.91
112340,14.91
239893,15.48
222608,14.91
51325,15.48
8555,14.91
64971,14.91
25793,15.48
61756,15.48
186418,14.91
11529,14.91
96743,14.91
138804,14.91
255104,14.91
292829,15.48
241047,15.48
113201,14.91
185537,14.91
243336,15.05
265681,15.48
22735,13.96
114279,14.91
57483,14.91
33229,14.91
221807,14.91
267971,15.48
113696,14.91
245855,13.96
60900,14.91
269769,15.48
99328,14.91
158549,15.48
7517,15.05
95061,14.91
282054,15.13
8094,14.91
253788,14.91
283819,14.91
113467,14.91
265274,15.48
168955,13.96
96345,14.91
206807,14.91
58440,14.91
125361,15.48
221368,14.91
42937,14.91
220329,14.91
233366,13.96
213515,15.48
211662,14.91
288509,14.91
211696,15.48
104392,14.91
48441,14.91
37337,14.91
182001,15.05
177685,14.91
61726,14.91
174896,14.91
55377,14.91
109804,14.91
192283,15.48
184359,14.98
125497,14.91
85213,15.05
92836,15.48
38264,14.91
68543,14.91
77879,15.05
164660,14.91
122350,15.05
153107,15.48
156604,15.05
159213,15.48
107043,14.91
189612,14.91
34597,15.48
261345,15.13
110394,14.91
129502,15.13
263359,14.91
132881,14.91
8907,14.91
275827,14.91
111222,14.91
77330,15.12
25623,14.91
152246,14.91
260032,15.48
248782,14.91
97393,15.48
264688,14.91
76570,15.13
141502,14.91
41899,14.91
183739,15.48
82562,14.91
13192,14.91
73501,15.48
271827,14.91
272316,14.91
91192,14.91
6334,15.48
104739,14.91
35759,14.91
216047,14.91
191645,15.05
298578,13.96
36846,14.91
54099,14.91
204532,15.05
73291,14.91
217216,13.96
212446,14.91
135994,14.91
224594,14.91
187499,14.91
264055,14.91
231415,14.91
87055,14.91
68171,14.91
3923,15.48
188079,15.48
172977,14.96
103228,14.91
25074,14.91
87588,13.96
68524,14.91
274292,14.91
23371,15.48
106736,15.05
187246,14.91
178950,15.48
216610,14.91
143299,15.48
71648,14.91
63787,14.91
243713,14.91
276491,15.48
127132,14.91
209511,15.48
143611,14.91
295952,15.05
9287,14.91
153291,15.48
243050,14.91
47533,14.91
174190,14.91
26709,14.91
59455,14.91
227815,14.91
114435,14.91
291698,14.91
143539,14.91
249657,14.91
231516,14.91
91564,14.91
257469,15.12
211873,14.91
232763,14.98
119669,14.91
231796,14.91
66177,14.91
82807,14.91
274065,14.91
179789,14.91
173828,14.91
201872,14.91
36181,14.91
274661,14.91
146276,15.05
251398,15.05
52852,15.48
110837,15.05
135803,15.48
53298,14.91
257119,14.91
234935,14.91
292214,14.91
5264,14.91
59811,14.91
60580,14.91
70300,14.91
108542,13.96
249342,14.91
177434,14.91
228683,15.48
254395,15.48
223043,13.96
27793,14.91
256105,14.91
178043,15.48
77980,15.05
1001,14.91
63354,14.91
283334,14.91
155113,14.91
271824,14.91
278908,15.48
290960,15.05
223512,14.91
107319,15.13
183006,15.12
68558,15.48
183274,15.48
185733,14.96
170494,14.91
133371,15.05
174024,14.91
273444,14.91
109459,14.91
172131,14.91
84405,14.91
32026,15.48
6490,14.91
108958,13.96
248069,14.91
26359,14.91
272303,15.48
131784,14.91
26701,14.91
221545,14.91
48066,15.48
117873,13.96
73465,13.96
233575,15.48
210303,14.91
156660,15.48
210890,14.91
31843,15.05
103590,14.91
183277,14.91
87035,15.48
261585,14.91
200141,15.48
257148,13.96
249292,14.91
297179,14.91
282485,14.91
11059,15.05
35570,14.91
17901,14.91
127225,15.48
159590,14.91
140129,14.91
287959,14.91
174952,14.91
121117,15.05
91969,14.91
180840,14.91
272564,14.91
258117,15.48
247061,14.91
88130,14.91
138435,15.48
69207,14.91
25547,15.48
265849,14.91
26371,14.91
23267,14.91
168260,14.96
216295,14.91
51351,15.48
172050,14.91
289728,14.91
141242,15.05
10546,14.91
165428,14.91
185104,15.48
126350,15.48
103461,14.91
99380,15.48
115647,14.91
86867,14.91
175046,14.91
238687,14.91
187856,14.91
138502,14.91
230391,14.91
66820,14.91
112310,14.83
190327,15.48
166428,15.05
207994,14.91
147263,14.91
83855,14.91
282985,15.05
228489,14.91
39341,14.91
40093,14.91
49062,14.91
187666,14.91
297522,13.96
187724,15.48
29644,14.91
89714,15.48
177366,15.48
209081,14.91
163407,14.91
14475,14.91
43850,14.91
180818,14.91
182796,15.05
133258,14.91
171778,14.91
297926,14.91
276707,15.48
19584,14.91
73683,14.91
90219,14.91
168590,14.91
252018,15.48
232709,14.91
278985,14.91
39567,14.91
112857,14.91
59972,14.91
175018,14.91
215459,14.91
50003,14.91
147586,15.48
268259,14.91
87520,15.13
2875,14.91
34847,14.91
138446,14.91
139157,14.91
256964,14.96
193343,13.96
254980,14.91
178917,15.48
203893,14.91
244217,14.91
53122,13.96
93492,15.48
89238,14.91
114011,14.91
239737,14.91
10348,14.91
85570,15.48
203091,14.91
98547,14.91
36345,14.91
123486,15.48
8995,14.91
175984,15.48
179187,14.91
194465,14.91
97226,15.48
229875,14.91
153954,14.91
101531,14.91
169510,15.05
63002,15.48
146381,14.91
33322,15.48
217109,14.91
28511,14.91
291319,14.91
228274,14.68
186046,14.91
127731,14.91
299077,15.48
11737,14.91
84143,15.12
172373,14.91
276042,14.98
289784,14.91
127289,15.48
4265,14.91
286079,14.91
22761,14.91
57822,14.68
32830,15.48
297152,15.48
265290,15.48
243996,14.91
208142,15.48
236922,15.48
165345,14.91
233605,14.91
281333,14.91
263885,13.96
29754,14.96
239651,15.48
50845,15.48
156702,15.48
74041,14.91
143917,14.91
131010,14.83
50880,14.91
290194,15.48
90301,14.91
81911,14.91
51261,14.91
295843,15.48
221841,14.91
260024,15.48
60882,15.48
42584,15.13
217343,15.48
221086,14.91
52922,14.91
233903,14.91
119230,14.91
6636,15.48
69206,14.91
33257,14.91
35405,13.96
126113,14.91
40251,14.91
201584,15.48
109559,14.91
219957,14.91
149144,14.91
174664,14.91
199567,14.91
192594,15.48
30187,14.96
164563,14.91
297581,14.91
232378,14.91
147249,14.91
111629,15.48
107720,14.91
198353,14.91
116321,14.91
212013,14.91
35984,14.91
284054,15.13
27498,14.91
224119,15.48
143335,14.91
101712,14.91
17432,13.96
97977,14.91
104239,14.91
292297,14.91
116178,14.91
44707,13.96
167868,15.48
50051,14.91
201824,15.48
27087,15.48
100627,14.91
273811,15.48
273831,14.91
178881,14.91
77949,14.91
176345,14.91
263737,14.91
219296,15.48
111421,14.91
168457,14.91
11621,15.48
256458,14.91
274062,15.05
176163,14.96
18224,14.91
55157,14.91
161933,15.48
297679,15.48
172641,14.91
274807,14.91
291697,14.91
211033,15.48
46118,14.91
121499,14.91
160967,14.91
286117,15.48
145843,14.91
148840,15.12
196441,14.91
216090,15.48
72753,15.48
190410,14.91
116959,14.91
88458,14.91
207173,14.91
283434,15.13
284255,14.91
227046,15.48
110586,14.91
176055,14.91
88007,14.91
116362,14.91
187855,14.91
279818,14.91
174783,13.96
232441,14.91
61526,14.91
228826,15.48
24498,15.48
134969,14.91
118614,14.91
234469,15.48
192906,14.98
89978,15.05
214916,14.91
52511,14.91
266040,14.91
210209,15.48
93757,15.48
219316,14.91
26959,14.91
259786,14.91
289926,14.91
214536,15.48
122623,14.91
240913,14.91
236776,14.91
61612,14.91
6066,15.05
176431,15.48
293504,14.91
88032,14.91
274465,14.91
23350,14.91
132997,14.91
57535,15.48
298182,14.91
116643,14.91
150861,14.91
110556,14.91
282634,15.48
290867,14.91
187491,14.91
151948,14.91
237337,14.91
18396,14.91
206137,14.91
168262,14.91
189645,15.48
168665,14.91
137570,15.05
100182,14.91
32529,14.91
105359,14.91
295279,14.91
236100,14.91
268091,15.48
58891,14.91
78094,14.91
153390,14.91
7547,14.91
128587,14.91
905,14.91
248688,14.91
84394,15.05
156704,15.48
222576,14.91
267901,15.48
109666,14.91
140828,14.91
286347,14.91
229497,14.91
215884,14.91
218288,14.91
15445,14.91
39136,14.91
241822,14.91
94691,14.91
285258,14.91
279897,14.91
192336,14.91
179095,13.96
245511,15.05
139777,15.48
236030,14.91
208379,15.48
49395,13.96
95747,14.91
164292,14.91
55656,15.48
158718,14.91
252446,15.13
97582,15.48
88850,15.48
132006,14.91
213537,14.91
261040,14.91
37843,15.13
62133,14.91
244039,14.91
83505,14.91
120150,14.91
53398,15.48
133907,14.91
119701,14.91
282796,15.12
261732,14.91
296714,15.48
129711,15.48
277958,14.91
46187,14.91
29990,14.91
219181,14.91
29515,14.91
117242,14.68
57627,14.91
238181,13.96
24554,14.91
29364,15.48
180083,15.48
179308,15.05
28864,13.96
265362,14.91
7046,14.91
199139,15.48
234994,15.48
160390,14.91
283360,14.96
234394,14.91
130341,14.91
174174,14.91
30718,13.96
215215,14.91
89073,14.91
253557,14.91
262227,15.48
50361,14.91
3443,14.91
92113,15.05
294063,14.91
252674,14.91
103586,14.91
42560,14.91
62091,13.96
29707,15.48
94093,14.91
257786,14.98
29699,14.91
216814,15.48
148320,14.91
130228,14.91
70462,14.91
292500,14.91
209900,15.48
293315,14.91
269614,14.91
109893,14.91
116050,14.91
259707,14.91
9872,15.48
64793,14.98
9334,14.96
255427,14.83
248028,14.91
106709,14.91
254523,14.91
82069,14.91
200693,14.91
13922,14.91
48016,14.91
125441,15.48
179309,15.13
222238,15.05
131953,15.48
84342,13.96
283724,14.91
14934,15.48
131001,14.83
188470,14.91
17611,14.91
123102,15.48
26433,14.91
155389,14.91
99176,14.91
253336,14.91
285415,14.91
95159,15.48
192238,15.48
6318,15.48
150213,15.48
189850,15.48
135989,13.96
19574,14.91
213825,15.12
130031,15.48
9367,15.48
39884,14.91
220216,14.91
85775,14.83
235341,15.48
46420,14.91
266444,14.91
21199,14.91
137974,14.91
240187,14.91
37514,14.91
208755,15.48
272905,15.48
164958,15.48
197407,14.91
47513,14.91
271960,15.48
75896,15.48
30042,14.91
267670,14.91
251667,15.48
167097,15.12
182413,15.48
5581,14.91
78546,14.75
247070,14.91
45962,15.48
283165,13.96
102545,15.48
132505,15.05
127053,14.91
35126,15.48
152837,14.91
180117,15.48
261120,14.91
169304,14.91
144066,14.91
36925,14.91
239006,14.91
250853,14.91
101153,14.91
171787,15.12
89510,15.05
54813,14.98
272505,14.91
46245,14.91
199398,15.48
298692,15.05
65237,15.48
86730,14.96
172385,13.96
233551,14.91
258099,15.48
93301,15.48
267010,15.48
295927,15.48
244179,14.91
88372,13.96
127513,14.91
173270,13.96
251969,14.91
199514,14.91
94994,15.48
103358,15.48
181477,15.48
268168,14.91
15743,14.91
283381,15.48
290112,13.96
43551,14.91
97326,14.96
285625,15.48
71557,15.48
279061,14.91
85045,14.91
186435,14.91
266201,15.05
32962,15.05
287106,15.48
26946,14.91
175704,15.48
17814,14.91
147002,14.91
66416,14.91
154387,15.48
44468,14.91
140041,14.91
153826,14.91
237639,14.91
116137,14.91
172189,14.91
48218,14.91
221477,14.91
59011,14.91
68569,14.91
173958,14.91
23255,14.91
276492,14.91
22217,14.91
289131,14.91
238877,14.91
297998,15.48
128313,15.48
114801,15.48
294944,14.91
149362,15.48
59231,14.91
101257,14.91
211616,15.48
20924,14.91
250098,15.48
104550,14.91
71462,15.48
175176,15.48
291143,14.91
281544,14.91
284660,14.91
219531,14.91
55186,15.12
65645,14.91
109924,14.91
246174,15.48
7226,14.91
272131,15.48
183215,14.91
741,14.91
89649,14.96
34805,14.91
237836,14.91
234757,14.91
225844,14.91
255449,14.91
83216,14.91
126759,14.91
228936,14.91
160191,14.91
166520,14.91
55184,14.91
217729,14.91
27088,15.48
123964,14.91
199396,14.91
175639,14.91
56668,13.96
189955,14.91
204461,14.91
176482,15.48
226627,15.48
98473,15.05
205397,15.48
54416,14.91
8703,14.91
123906,14.91
160163,14.91
79555,14.91
166578,14.91
51878,14.96
137870,14.91
14169,14.91
84442,15.13
64316,15.48
245395,15.48
49098,15.48
27971,15.48
41710,14.91
96090,15.48
45151,14.91
158068,15.48
33817,14.91
68566,14.91
274660,14.91
65608,14.91
186666,14.91
33937,15.48
225188,14.91
236140,14.91
63333,14.91
97690,14.91
65054,14.91
85648,14.91
47743,14.91
139313,15.12
198252,15.05
256257,14.91
272478,15.48
138562,14.91
142356,14.91
130882,15.48
102186,14.91
22697,14.91
28978,13.96
31042,15.48
244922,14.91
227060,14.91
49249,14.91
61165,13.96
161613,14.91
15844,15.48
102288,14.91
23690,14.91
70060,14.91
254618,14.91
175290,14.91
245665,15.48
297236,15.13
204161,14.91
220634,14.91
72960,14.91
181258,14.91
63197,14.91
262014,14.91
109087,15.48
56658,15.48
122067,14.91
179765,14.91
104825,15.48
71284,14.91
50239,15.48
28653,14.91
267793,14.91
151312,15.48
84902,14.91
7756,14.91
126556,14.91
184902,15.05
118045,14.91
258868,14.91
182201,14.91
133091,15.13
47399,14.91
246815,14.91
40404,15.48
95033,15.48
272854,15.48
147059,14.91
267745,14.91
180292,14.96
129530,14.91
277155,15.13
94371,14.91
86010,14.91
157776,15.48
292501,14.91
116080,14.91
239250,14.91
245594,15.48
156818,15.13
164923,14.91
219482,14.91
50790,14.91
185758,14.91
183855,15.48
201402,14.91
123180,14.91
1960,14.91
119767,15.13
168815,15.48
253081,14.68
95878,14.91
11461,14.91
213757,14.91
220929,15.48
89884,15.48
260031,15.48
21702,14.91
208865,14.91
239635,14.91
276722,14.91
189644,14.91
125539,15.48
219655,14.91
212259,15.48
276691,15.05
259912,15.48
152736,14.91
113589,14.98
24245,14.91
1873,14.91
219089,14.91
172540,13.96
52964,13.96
33442,14.91
186209,14.91
185660,14.91
15339,14.91
57497,14.91
64049,15.48
135518,14.91
52701,14.91
23861,14.91
100717,15.48
299286,14.91
78616,14.91
260585,15.48
292126,14.91
102433,14.91
17674,15.48
189817,14.91
106851,14.91
202948,14.91
203911,15.13
222359,15.48
119914,15.12
234114,14.91
71551,14.91
254867,15.48
199518,15.48
54190,14.91
206438,14.91
195385,14.91
292531,14.91
278559,14.91
245200,15.48
284823,15.05
201092,13.96
93295,14.91
105135,14.91
173674,15.48
68364,15.48
68347,14.91
266663,14.91
263449,14.91
160228,14.91
221369,15.48
63003,15.48
256135,14.91
158902,14.91
156907,15.05
266717,14.91
61378,15.48
111625,13.96
168398,14.91
96535,15.48
250807,15.48
28700,14.91
86196,14.91
285382,14.91
46275,14.91
116483,14.91
143096,15.13
190379,15.48
123949,14.91
80046,15.48
25014,14.96
99690,15.48
279246,14.91
107909,14.91
110318,15.48
86843,14.91
287848,15.05
121427,14.91
44946,14.91
115835,15.48
130146,15.48
133283,15.48
237442,14.91
157948,15.05
224920,14.91
296095,14.91
214756,14.91
122037,14.91
226998,14.91
291653,15.48
48180,15.48
211209,15.48
199936,14.91
85437,15.48
262600,15.48
211694,14.91
8540,14.91
3248,15.48
231711,15.48
247774,14.91
90910,13.96
93518,14.91
151801,14.91
148082,14.91
181215,14.91
280799,13.96
292741,14.91
276568,13.96
104833,14.91
30631,14.91
210465,14.91
270427,14.91
135200,14.96
278874,14.98
113068,14.91
225723,13.96
257893,14.91
185676,15.48
286953,15.48
168211,13.96
160194,14.91
145142,14.91
249899,14.91
207920,15.48
176167,14.91
264762,14.91
83853,15.48
114605,14.91
237302,15.48
274207,14.91
297235,14.56
27930,15.48
45512,15.05
65224,15.48
197611,14.91
117414,14.91
121226,15.48
61690,14.91
283546,15.48
141969,15.05
24207,14.91
130984,14.91
219574,14.91
106669,14.91
71018,15.48
23143,14.91
277447,14.91
239771,14.91
268586,14.91
26626,14.91
195431,14.91
109498,14.91
182252,15.48
282893,14.91
109799,14.91
172067,14.91
26785,13.96
225349,13.96
79378,14.91
13358,14.91
96258,14.91
277696,15.48
61982,14.91
129917,14.91
177498,14.98
158997,13.96
31810,14.91
167851,15.48
178404,15.05
210444,14.91
127426,14.91
40229,15.48
208390,14.91
98520,14.91
225428,14.91
15007,15.48
78214,15.48
79312,14.91
159403,14.91
205682,13.96
212481,14.98
292193,15.48
162388,14.91
110426,14.91
30232,14.91
247520,15.48
182895,14.91
259049,15.48
207458,14.91
137202,15.05
197067,14.98
164207,14.91
2649,14.91
114355,13.96
234740,14.91
129836,14.91
68198,14.91
156087,15.05
296277,14.91
75746,15.48
24559,15.48
208384,14.91
176552,15.48
289153,14.91
30602,14.91
87205,15.48
98958,14.91
46256,14.91
34650,14.91
115731,14.91
271529,15.12
214093,14.91
268456,15.05
230319,14.91
257688,14.91
198851,15.48
59348,14.91
120915,14.91
286911,15.48
251522,15.48
170583,14.96
215654,14.91
66999,14.91
157309,15.48
54265,15.48
113994,14.91
131040,15.48
22061,14.91
274620,14.91
112228,15.48
170162,13.96
213795,15.48
254732,14.91
171633,14.91
69001,14.91
22751,14.91
204874,14.91
248310,15.48
261746,14.91
77071,14.91
231157,14.91
163055,14.91
65380,14.91
93563,15.48
183462,14.91
75046,13.96
169115,15.48
42759,14.91
95518,14.91
107081,14.91
11427,15.48
30380,15.48
104640,15.48
226923,14.91
260602,14.91
285272,15.48
104081,14.91
231866,15.48
164155,15.48
5652,14.91
196252,14.91
146026,14.91
171387,13.96
213295,15.48
148851,14.91
126301,15.48
41537,13.96
41797,14.91
212629,14.91
1815,14.91
237341,14.91
26200,15.48
122754,14.91
142452,14.91
259698,14.91
43405,14.91
186457,14.91
84820,14.91
128525,14.91
228532,14.91
159420,14.91
155914,14.91
267824,14.91
132967,14.91
195210,14.91
39590,14.96
123803,14.91
55133,15.48
187496,14.91
171682,14.91
284117,15.48
139090,15.48
90648,14.91
227970,15.48
192965,14.91
249967,14.96
224429,14.91
86739,14.91
22083,14.91
77991,14.91
285153,15.48
86522,14.91
39287,14.91
60412,15.48
5507,14.91
65261,15.48
262367,14.91
63462,14.91
117259,13.96
151974,15.48
26280,14.91
203249,14.91
114282,14.91
72683,14.91
35057,14.91
26035,15.48
242922,13.96
158949,14.91
229267,14.91
65715,13.96
215114,14.91
105132,15.48
26036,14.91
90774,14.91
93953,14.91
196877,14.91
202178,14.91
186410,14.91
121375,14.91
5369,14.91
129186,15.13
244033,14.91
83412,14.68
23003,15.48
233452,15.48
77040,14.91
5419,14.91
104080,13.96
149780,15.48
134083,14.91
98144,14.91
288529,14.91
226997,14.91
7841,15.48
138993,15.12
152478,15.48
22293,14.91
142141,14.91
277217,14.96
217421,15.12
79954,14.91
53980,15.48
29495,14.91
267556,14.91
5795,14.91
68313,14.91
25280,14.91
108147,13.96
292885,14.91
176515,15.12
1213,15.05
26924,14.96
270637,15.48
278333,14.91
173649,14.91
238071,13.96
299393,14.91
59720,14.91
294240,14.91
293710,14.91
93654,14.91
196789,14.91
181701,14.91
189991,15.48
51541,14.91
54989,14.91
62674,15.05
222591,14.91
250627,15.05
109156,15.48
51281,15.48
127315,14.96
209035,14.91
108514,14.91
258793,15.12
7741,14.91
92574,14.91
241373,14.91
263028,14.91
20167,14.91
260607,14.91
247745,15.12
32502,14.91
279252,14.91
288105,15.48
106196,14.91
184297,14.91
219967,15.48
271064,14.91
286455,15.48
166061,15.05
296284,14.91
141491,14.91
284092,14.91
230556,15.48
163322,14.91
62357,14.91
93049,14.91
24168,15.48
258995,14.96
297773,14.91
30999,14.91
112404,14.91
191228,14.91
39290,14.91
57098,14.91
291295,14.96
88584,14.91
77834,14.91
255722,15.48
64689,14.91
292243,14.91
148022,14.91
26622,14.91
43204,14.91
125195,14.91
134878,15.48
131455,14.91
144630,15.48
72606,14.91
170630,14.91
6796,15.48
130811,14.91
229843,14.91
198930,14.91
174143,14.91
133513,15.48
134219,13.96
229440,14.91
25152,14.96
24403,14.91
216719,14.91
25178,14.98
12807,14.91
132627,15.05
39573,14.91
228747,15.48
269966,13.96
152325,15.48
163650,14.91
75436,14.91
253656,14.91
293508,14.91
242915,15.05
105116,15.48
117334,14.91
242380,15.48
123327,15.48
68151,14.91
46710,14.91
164846,15.48
52694,15.48
298431,14.91
167003,14.91
274295,15.05
190653,14.91
259150,14.91
33345,14.91
68927,14.91
50997,13.96
205440,14.91
9088,14.91
49418,14.91
71610,14.91
186076,14.91
365,14.91
15378,14.91
42470,14.91
98444,14.1
50744,15.48
178170,14.91
177812,14.91
234049,14.91
240504,14.91
8674,14.91
142146,14.91
223594,14.91
706,14.91
238592,14.98
250464,15.48
92945,15.48
191179,14.91
35831,14.91
120136,15.48
276474,15.12
51890,14.91
233968,14.91
241184,14.91
221772,14.91
256087,13.96
186828,15.13
193243,15.48
240573,15.48
261493,13.96
8970,14.91
266633,15.48
216969,15.13
116008,14.91
68393,15.48
198458,14.91
258478,14.91
243633,14.91
220275,15.48
162481,15.05
64835,15.48
292782,14.91
258900,14.91
269929,14.91
61450,15.48
138278,14.98
199272,15.48
113622,14.91
116110,13.96
253624,15.48
50511,14.91
107585,14.91
256582,14.91
221787,14.91
224760,14.91
32364,15.12
206937,14.91
173325,14.91
11266,15.48
69924,14.91
173102,14.91
282428,15.13
236337,14.91
204618,15.48
110956,15.48
73354,14.91
229724,15.48
2546,14.91
286682,15.05
164787,14.91
111339,15.48
9863,14.91
171735,14.91
126111,14.91
77671,14.91
79480,14.96
287513,15.05
247731,14.91
101461,14.91
220055,14.91
210138,14.91
264430,14.91
44681,15.48
177928,13.96
126593,15.48
199926,15.48
113354,14.91
239475,15.48
23040,15.48
181229,14.91
64794,14.91
291387,14.91
78375,14.91
136047,14.91
150939,14.91
81799,14.91
180462,15.13
199273,15.48
6767,15.48
112651,15.05
41055,14.91
75053,14.91
282500,15.13
227235,14.91
145915,14.91
133831,14.91
257724,15.48
203569,14.91
288890,14.83
290724,14.91
47309,14.91
199367,15.48
176196,14.91
216809,14.91
237043,14.91
48740,14.91
75917,15.48
535,14.91
229004,14.91
224686,14.98
59083,15.48
17539,14.91
293165,14.91
235931,15.12
50291,14.91
240264,13.96
288127,14.91
135436,15.48
242052,14.91
26545,14.91
248989,14.91
50038,14.91
138134,14.91
260623,15.05
226901,14.91
108492,14.68
103515,14.91
2097,14.91
258348,15.12
290583,13.96
29905,14.91
53552,14.91
229201,14.91
18285,14.91
79296,13.96
153929,15.48
197909,14.91
53863,14.91
168734,15.48
147472,13.96
251657,14.91
257795,14.91
271236,14.91
148886,14.91
110721,14.91
261254,14.91
97874,14.91
285121,14.91
259900,14.91
223588,14.91
254151,14.91
118193,14.91
242511,14.91
102829,14.91
37110,15.48
210159,13.96
43926,15.48
286111,14.91
117411,14.91
266365,13.96
115562,14.91
252293,14.91
178609,14.91
226825,14.91
94578,14.91
215315,15.05
262239,15.05
124274,14.91
171981,15.48
175612,14.91
148187,15.13
224186,15.48
155410,15.05
265115,14.91
5529,14.91
125408,14.91
32965,14.91
222340,15.48
41749,15.13
233915,14.91
126817,15.48
276546,14.91
203966,14.91
64107,14.91
180793,14.98
125043,14.91
258011,14.91
170320,14.91
14496,15.05
294159,14.91
37016,14.91
204547,15.12
57317,14.91
20165,14.91
67630,14.91
162097,14.91
46481,14.91
10864,14.91
59126,15.48
153319,15.48
269681,14.91
167379,15.48
64133,14.91
275517,14.91
7880,14.91
212359,13.96
197582,14.91
73577,14.91
58833,14.91
64284,14.91
255495,14.91
138085,14.91
50292,14.91
262801,15.05
61622,13.96
287724,15.48
128634,15.13
267187,15.13
275648,14.91
159356,15.48
8046,14.91
125141,15.48
89992,14.91
187905,13.96
14779,13.96
277000,15.48
262247,15.05
171930,14.91
78722,15.05
30592,14.91
191379,14.91
121929,15.48
240534,15.48
43290,15.48
6077,14.91
27741,13.96
297170,14.91
22533,14.91
13260,14.91
85617,14.91
63092,14.91
112524,14.91
181023,15.05
250877,15.48
227913,13.96
166714,14.91
93080,15.48
139520,14.91
19354,15.48
23295,15.48
294966,14.91
139612,14.91
41692,14.91
61278,14.91
159554,14.91
34059,14.91
65156,15.05
220153,14.91
239575,15.48
275795,14.91
44080,14.91
215659,14.91
74068,14.91
203095,15.48
115862,14.91
228850,14.91
6209,14.91
213518,15.48
108137,13.96
278287,14.91
101667,14.91
74303,14.91
127443,14.91
14261,15.48
2348,14.91
52519,14.91
294148,14.91
150068,15.48
106084,14.91
209444,15.48
91712,14.91
299309,14.91
153498,14.91
145878,14.91
249770,15.48
118466,14.91
153548,15.48
216630,14.91
51919,14.91
99434,15.48
229648,15.48
36762,15.48
72435,15.13
156665,15.48
219406,14.91
131781,14.91
230277,14.91
87049,14.91
116814,14.91
115524,14.91
103995,14.96
7621,15.48
249103,14.91
25964,14.91
278923,14.91
133330,14.91
199713,14.91
9280,15.48
252869,14.91
248299,14.91
974,14.91
68945,15.48
131550,15.48
220374,15.48
21749,14.68
167675,14.91
218553,14.91
33475,14.91
35307,14.91
275039,15.48
82654,14.91
261775,14.91
97673,14.91
105679,14.91
51594,14.91
14024,14.91
272160,14.91
271844,15.05
83402,13.96
227296,13.96
214470,15.48
107395,14.91
102629,14.91
102208,14.91
73499,13.96
143749,14.91
137626,15.05
234405,15.48
195084,14.91
83159,14.91
244281,14.91
249015,14.91
132291,15.48
165651,14.91
70129,14.91
288571,15.48
187197,15.48
65026,15.48
141866,15.48
160295,14.91
154206,15.48
55098,14.91
139086,14.91
296904,14.91
247098,14.91
210925,14.91
141573,15.48
123069,15.48
146335,15.48
55198,15.48
113301,15.48
158486,15.48
176081,14.91
246660,14.91
31652,15.13
53534,14.91
192924,14.91
124643,14.91
64354,13.96
203565,14.91
73925,13.96
189849,15.13
116283,14.91
86406,14.91
207297,15.48
120113,14.91
60564,15.48
29528,14.91
174155,14.91
97318,14.91
75248,14.91
56158,14.91
166459,14.91
66050,14.91
83213,14.91
211343,14.91
151275,13.96
86265,15.48
72202,15.13
104227,14.91
154089,14.91
41996,14.91
109838,13.96
5780,14.91
150867,14.96
266415,15.48
104295,14.91
141914,14.91
271751,14.91
3942,14.91
285473,15.48
296145,15.13
8657,14.91
115350,14.83
281780,14.96
134043,14.91
76827,15.48
215622,15.05
47065,15.48
211500,14.91
38439,15.13
237277,14.91
283402,14.91
99958,15.05
166986,15.48
165722,14.91
155814,14.91
26512,15.48
155407,14.91
126932,14.91
144639,15.48
22582,14.91
227337,15.48
185836,14.91
282273,15.48
4881,15.48
205543,14.91
66205,15.48
129328,14.91
257114,14.91
287985,14.91
87002,15.48
278102,14.91
19471,14.91
138084,14.91
5081,14.91
236408,15.48
32135,15.48
65424,15.48
59294,14.91
43467,15.48
108701,15.48
33360,14.91
250081,14.96
215156,13.96
219294,14.91
288918,14.91
251361,14.91
275161,14.91
84608,14.91
173954,14.91
294001,15.48
251621,14.91
107447,15.48
256606,15.05
155007,14.91
128179,15.48
57553,14.91
215209,14.91
247787,14.91
195890,14.91
30374,14.91
135638,15.13
268125,15.48
89172,14.98
290167,14.91
59306,14.91
36878,14.91
144853,14.91
138138,15.05
191555,14.91
290084,15.48
210837,14.91
70692,14.91
22897,14.91
275912,14.98
126985,14.91
177727,14.91
197547,14.91
11692,14.91
39321,14.91
266136,14.91
95870,14.91
45843,14.91
103285,14.91
10916,15.48
26272,15.12
286898,14.91
172034,14.91
195736,14.91
235655,14.91
146847,14.91
171798,14.91
279793,14.91
194706,14.91
42944,14.91
7246,13.96
229838,15.48
246794,14.91
7941,15.48
45257,14.91
97781,14.91
44383,15.48
28920,14.91
199085,15.12
211671,14.91
287855,15.05
164071,14.91
166380,15.05
254303,14.91
221528,14.91
92010,14.91
263143,15.48
173142,14.91
52858,15.13
179395,15.48
133572,14.91
42364,15.48
208300,14.91
134157,14.91
276713,14.91
82982,14.91
63691,14.91
21870,14.91
195444,14.91
166331,15.48
157675,14.98
33048,15.48
132918,15.48
33138,14.91
119640,14.91
170911,14.91
283684,15.13
208173,14.91
205712,15.48
8407,14.91
13472,14.91
14919,15.48
122936,15.48
299189,15.12
237870,14.91
286314,14.91
4472,14.91
284061,15.48
85527,15.13
214672,15.48
14128,14.91
171205,14.91
78530,14.96
188097,14.91
285799,14.91
182619,15.48
106303,14.91
242528,15.48
92593,15.48
13294,14.91
299106,14.91
262857,14.91
188816,14.91
32065,13.96
240724,15.48
43019,14.91
200950,13.96
200717,15.48
155711,15.48
271439,14.91
139211,14.91
23729,14.91
238138,15.48
265469,15.05
195504,14.91
200825,14.91
24892,14.91
197744,14.91
294957,14.91
255060,14.91
88070,14.91
26097,14.96
59578,15.48
41277,15.48
289381,14.91
61235,14.91
194495,14.91
99567,14.91
250340,14.91
275904,15.48
41045,15.05
294353,14.91
40847,14.91
189474,14.91
27028,14.91
27322,14.91
59277,15.48
26485,14.91
3639,15.48
132383,14.91
142836,14.91
142476,14.91
261063,14.91
71288,14.91
95539,15.48
169209,14.98
191281,14.91
299350,14.91
252505,14.91
6388,14.91
16323,13.96
26019,14.91
161650,14.91
199295,15.48
196231,14.91
252401,14.91
136282,15.13
99543,14.91
202986,14.91
62876,14.56
25293,14.91
242775,14.91
40580,15.48
178738,14.91
67041,14.91
204286,14.91
76928,15.12
1198,15.48
116222,15.48
21505,14.91
87628,14.91
52521,15.48
6926,14.91
53347,14.91
227830,14.91
251349,15.05
91699,14.91
227383,15.48
138936,14.91
24513,15.48
29058,14.91
74735,15.48
249071,15.48
179472,14.91
52360,15.48
32316,14.91
209865,14.91
61776,14.91
76638,14.91
229903,14.96
237955,14.91
271041,14.91
285503,14.91
138010,14.91
114962,14.91
56270,14.91
217991,14.91
34781,14.91
62142,14.91
249123,15.48
148200,14.91
156129,14.91
291238,14.91
27159,15.48
177073,15.48
239170,14.91
232014,14.91
105533,13.96
104189,14.91
260194,14.91
18559,13.96
163186,14.91
47205,14.91
34348,13.96
233537,14.91
269091,14.91
55873,14.91
119067,14.91
221992,14.91
40456,15.13
43503,14.91
267302,15.48
120563,14.91
8652,15.48
255239,15.48
74473,14.91
2903,14.91
244552,14.91
67981,14.91
208254,14.91
4368,14.91
154515,14.91
271815,14.91
125166,14.91
176534,14.96
694,14.96
102731,14.91
265513,15.48
233824,14.91
100060,15.48
169092,14.96
30701,14.91
54852,15.13
268992,15.12
168237,15.48
225740,14.91
137450,14.91
91018,15.48
251523,15.05
212031,14.91
47652,14.91
198198,15.48
47248,14.91
206082,13.96
202732,14.91
32468,15.05
32658,14.91
41714,14.68
209546,14.91
298864,13.96
103875,15.05
150454,14.96
258499,13.96
206018,14.91
130549,15.48
36711,14.91
142255,14.91
233372,14.91
188294,14.91
216244,14.91
68039,14.91
172023,14.91
97699,14.91
110293,14.91
68977,14.91
268868,15.48
131954,15.48
225467,15.48
207342,14.91
4737,14.91
71430,14.91
132947,14.91
150935,14.91
66741,14.91
150767,13.96
25698,14.91
34517,14.91
160603,15.48
152548,15.48
52597,14.91
283354,14.91
191297,14.91
65605,15.48
221511,14.91
163353,14.91
256600,13.96
33238,15.48
21608,14.91
3905,15.48
231652,15.48
28473,14.91
248221,15.48
77572,15.48
172265,14.91
218707,14.91
266797,15.13
151072,14.91
270044,15.05
287028,14.91
131966,14.91
131183,14.91
188002,14.91
150412,14.91
62401,14.91
49301,14.91
59140,14.91
40306,14.91
176455,15.48
150247,14.91
148215,15.48
159004,14.91
71861,14.91
289195,14.91
230026,14.91
33082,14.91
104208,14.91
184851,14.91
167706,14.91
165683,14.91
260177,14.91
292689,14.91
216949,14.91
59710,14.91
285724,14.91
134226,14.91
164739,14.91
67113,15.48
274600,14.91
284056,14.91
202287,15.48
291635,14.96
287078,14.91
295329,14.91
270018,14.91
72624,14.91
86012,14.91
150626,15.05
50679,15.48
200408,14.91
294779,14.91
264429,13.96
41761,15.48
169447,14.91
288913,13.96
50135,14.91
263765,14.91
57122,14.91
292726,13.96
72054,15.05
171285,14.68
211553,15.48
257167,15.05
133182,14.91
270078,15.05
257598,14.91
154252,14.91
39755,14.91
130829,14.91
250811,15.13
113028,14.91
47811,14.91
298992,15.05
226292,14.91
112904,15.48
32188,14.91
55968,14.91
161045,14.91
278197,14.91
64346,14.91
205818,15.05
46617,14.91
183767,14.91
151684,15.48
176956,15.12
176717,14.91
54680,14.91
88784,14.91
161337,14.91
191930,15.05
204127,14.91
276150,15.05
11542,15.48
236512,15.48
100206,14.91
14165,14.91
47792,15.48
52860,15.48
272520,14.91
221782,14.91
161590,14.91
109158,15.13
132103,13.96
176460,14.91
213608,14.91
128480,15.48
92178,15.48
226826,14.91
49536,15.48
47658,14.91
293581,14.91
65293,15.48
131133,14.96
152052,15.48
83774,15.05
48605,14.91
216742,15.48
62016,15.48
79017,14.91
93288,15.48
162031,14.91
23430,14.91
296269,14.91
157100,15.48
247185,14.91
160345,14.96
210414,14.91
142477,14.91
102182,14.91
67747,15.48
145784,14.91
292690,14.91
233804,14.91
290933,14.91
91373,14.91
134811,14.91
153471,14.96
211485,14.91
68355,15.48
181131,14.96
87663,14.91
145735,14.91
295096,14.91
156055,14.91
243498,14.91
79699,14.91
290675,14.91
258130,14.91
135256,15.48
82362,14.91
41630,15.48
90901,14.91
206498,13.96
286645,14.56
25586,15.48
9584,14.91
176569,15.48
205398,15.48
254773,14.91
273470,15.13
267112,15.48
158322,14.91
255921,15.48
244124,14.91
173985,13.96
237496,14.91
122160,14.91
40258,14.91
82244,14.91
73680,14.91
55735,14.91
2430,14.91
267137,15.05
253067,14.91
55135,15.48
233753,14.91
242162,14.91
26204,15.48
81447,14.91
256532,14.91
161110,15.48
286649,14.91
132389,14.91
267084,14.91
44286,15.12
56105,14.91
298679,14.91
28059,14.91
92357,14.91
224705,14.91
182279,15.48
49678,14.91
263582,15.13
289062,14.91
160483,14.91
241615,14.91
108134,14.91
33834,14.91
244462,14.91
259938,14.91
166617,14.91
215117,14.91
108274,13.96
117171,14.91
102880,15.48
247508,14.91
202333,15.48
206747,13.96
29033,15.48
20133,14.91
198001,14.91
49526,15.48
18356,15.48
81872,13.96
122126,14.91
97480,15.48
160433,14.91
85209,14.91
296664,14.91
211934,15.48
143948,14.91
132302,14.91
267889,15.05
155787,15.48
158065,14.91
96790,14.91
47861,14.96
250784,15.48
235861,14.91
209947,14.91
168122,14.91
90313,14.91
126617,15.48
59773,14.91
104269,14.96
111179,14.91
19637,15.48
264374,14.91
238353,14.91
4264,14.91
33619,15.05
21035,14.91
167913,15.48
3194,15.48
164163,14.91
101522,15.48
124461,15.48
38087,15.48
180666,13.96
58745,15.48
164255,15.48
268063,14.91
55754,14.91
196026,14.91
211120,14.91
289667,14.91
1809,14.91
151962,15.48
233396,14.91
230702,14.91
196667,14.91
272950,14.96
32370,14.91
156060,15.48
67142,14.91
233499,14.91
276450,14.91
51643,13.96
249530,15.48
100998,15.48
90698,14.91
5673,14.91
210830,14.91
125686,14.91
169487,14.91
119734,13.96
268761,14.91
124473,14.91
50124,14.91
273593,15.48
169845,14.91
151694,15.48
297148,15.48
221476,14.91
26852,14.91
219781,14.91
173053,13.96
127205,15.48
221274,14.91
204511,14.91
274608,14.91
285720,15.48
140801,15.48
96688,15.48
19132,13.96
4577,14.91
164436,14.91
141802,14.91
274360,14.91
261004,15.48
163080,14.91
51066,14.91
91504,14.91
60584,14.91
146726,14.91
182384,15.48
250035,13.96
260077,15.48
130559,14.91
293862,14.91
60789,14.91
290262,13.96
45253,14.98
284484,15.05
97346,14.91
168741,13.96
17770,14.91
126717,14.91
214171,15.48
218315,14.91
84086,14.91
215959,15.48
260244,15.48
22576,13.96
224857,14.91
236869,14.91
93723,14.91
1181,14.91
69153,15.05
169471,13.96
128744,15.13
211923,14.91
268073,14.91
192093,14.91
38490,14.91
103256,14.91
133640,13.96
22261,14.83
169906,15.05
270223,14.91
120124,14.91
234283,15.48
272276,15.05
268932,14.91
74685,14.91
59896,14.91
42960,14.91
235233,15.48
155862,14.91
125852,14.91
78804,14.91
7505,14.91
160003,15.48
52269,15.48
133923,14.91
190295,15.48
97686,14.91
60755,13.96
164971,14.91
162029,14.91
80872,14.91
62245,13.96
225999,14.91
19962,14.91
74865,15.05
47823,14.91
169574,14.91
294975,14.91
125955,14.91
279758,14.91
233642,14.91
196973,15.48
220861,15.48
224788,15.48
297454,15.48
271084,14.96
149612,14.91
251368,14.96
479,14.96
50839,14.91
223523,14.91
118727,14.91
146194,15.48
101212,14.91
228246,14.91
85304,15.48
52807,13.96
103933,14.91
199335,14.91
136257,14.91
270124,14.91
60573,14.91
132801,14.91
163733,14.91
100899,14.91
173193,15.48
198481,14.91
148913,14.91
183079,14.91
8866,14.91
227270,15.48
202711,14.91
5715,14.91
240619,14.91
211309,14.91
246252,15.48
153740,14.91
96605,15.05
133147,14.91
217553,14.91
47992,15.13
133416,15.13
79001,15.48
120569,14.91
31311,14.91
259537,15.48
21186,14.91
219119,14.91
231840,14.91
126853,15.48
142754,14.91
293150,14.91
272865,14.91
235677,14.91
44184,14.91
162240,15.48
4532,14.91
31775,15.48
43883,15.48
143591,14.91
111713,15.48
177328,14.91
262156,14.91
55583,14.91
183197,15.13
288271,13.96
175807,15.48
40154,14.91
1178,14.91
222611,14.91
125862,14.91
33177,15.13
164723,15.48
108776,15.48
212039,14.91
54319,14.91
232195,15.48
109873,14.91
242814,15.48
155262,14.91
244564,14.91
192340,15.48
145149,14.91
245536,15.48
267563,14.91
159871,14.91
186343,14.91
292987,13.96
296532,14.91
641,14.91
14115,14.91
143493,14.91
124155,14.91
23169,15.05
128615,14.96
87899,14.91
174781,13.96
128768,15.48
266402,14.91
217811,14.91
255566,14.91
171806,15.48
202696,14.91
209767,14.91
286247,15.48
179008,14.91
101755,14.91
57624,14.91
109769,13.96
90050,13.96
241602,15.48
281012,14.91
178370,15.48
279847,14.91
14762,14.91
47845,15.48
67504,14.91
111483,13.96
266695,14.91
24369,14.91
34733,15.05
11576,14.91
104198,14.91
28396,14.91
227656,14.91
66719,14.91
91934,14.91
284413,15.48
217818,15.48
189217,15.13
105013,15.48
103373,14.91
182807,14.91
186483,15.48
275066,14.91
153578,15.48
33139,13.96
172525,15.48
80877,14.91
128297,13.96
278799,14.91
30204,15.48
109617,14.91
248344,14.91
126957,13.96
37319,14.91
284442,15.48
297946,14.91
179445,13.96
82556,14.91
102430,14.91
157096,14.96
189509,14.91
119935,15.48
102540,15.48
288750,15.48
296500,15.48
21327,15.13
182175,14.91
265857,14.91
237248,13.96
146913,14.91
79877,14.91
9309,13.96
82422,15.48
109415,14.91
43417,14.91
116152,14.91
125011,14.91
133697,15.48
121079,15.48
145970,14.91
159889,15.48
178793,14.91
174537,14.91
8288,15.48
265807,14.91
6539,14.91
3861,14.91
227290,14.91
112961,14.91
145372,14.91
226102,14.91
174702,14.91
164034,15.48
177821,14.91
117946,14.91
245386,14.91
162613,14.91
264411,14.91
28127,14.91
238210,15.48
53979,14.91
188038,14.91
15351,14.91
234579,14.91
3351,15.48
14477,15.13
242945,15.05
226246,14.91
208581,14.91
176064,14.91
138091,14.91
255652,14.96
218049,14.91
66900,14.91
212842,14.91
13177,14.91
289963,14.91
36914,14.91
196313,14.91
224149,15.12
123997,15.48
4781,14.91
215450,15.48
102549,14.96
274172,14.91
212121,14.91
188261,14.98
100343,14.91
185298,14.91
103080,14.91
226289,14.91
294153,14.91
224029,14.91
298153,14.91
278615,14.91
133900,15.05
51681,15.48
68630,14.91
164301,14.91
203052,14.91
103351,14.91
269412,14.91
50996,14.91
277102,14.91
145552,14.91
141693,14.91
34739,14.91
254212,15.48
276644,14.91
96709,14.91
78093,14.91
202300,15.48
225560,13.96
157396,13.96
39086,14.91
256607,15.05
33214,14.91
285440,14.96
61369,15.48
252011,15.48
26694,14.91
57923,15.48
132145,14.91
83429,15.48
190548,15.13
166621,14.91
281361,14.91
85970,15.48
118905,14.91
41248,14.91
230346,14.83
210631,14.91
15095,14.91
205849,14.91
225313,14.91
60019,14.91
232516,13.96
277715,14.91
159361,15.13
259022,15.48
99615,14.91
47287,14.91
13065,15.13
298788,14.91
119506,14.91
157017,15.48
192619,14.91
69455,14.91
79646,14.91
145301,14.91
181236,15.48
249485,15.48
212952,14.91
53433,14.91
176185,14.91
217591,15.48
45651,14.91
284579,14.91
157176,14.91
241489,15.48
28955,14.91
187811,15.05
69395,14.91
150735,15.48
220631,14.91
239853,13.96
284971,15.48
215562,15.48
150873,15.48
190350,15.48
81616,14.91
279187,14.91
287853,15.05
164553,14.91
264160,14.91
274260,14.91
83986,15.48
24949,15.48
43148,14.91
122261,15.48
85035,15.05
153167,15.48
69196,14.91
220795,15.48
160181,14.91
180078,14.91
175332,15.48
80394,14.91
147336,14.91
129623,15.05
115591,14.91
180063,14.91
158696,14.91
39213,14.91
285293,15.05
166670,14.98
289222,15.48
76884,15.05
45526,14.91
532,15.48
252264,15.48
181543,14.91
94870,14.91
135623,14.91
24134,14.91
179041,15.13
135244,15.48
121680,14.91
284176,15.12
135759,14.91
293394,15.05
278120,14.91
145257,14.91
287505,15.48
209713,15.48
1436,14.91
278407,14.91
207973,14.91
276963,14.91
189872,15.48
135414,14.91
50972,14.91
231510,14.91
15984,14.91
236734,15.48
199237,14.91
88900,14.91
186451,14.91
11078,14.91
177140,14.91
61145,15.48
48256,14.91
193212,14.91
38407,14.91
158746,15.48
145059,14.91
298773,15.48
60351,14.91
42340,14.91
283749,14.91
139095,14.91
14173,13.96
5754,14.91
152653,14.91
264674,14.91
283762,14.91
245046,14.91
243359,14.91
204407,15.48
142776,14.91
253133,14.91
191366,15.05
218470,14.91
134040,15.05
51188,13.96
196931,14.91
294388,15.48
92653,14.98
66898,14.91
72640,15.48
136612,14.91
129160,14.98
125037,15.05
267406,14.91
68141,15.48
201118,15.48
295798,14.91
270913,14.91
34074,14.91
105727,14.91
104506,14.91
222399,14.91
82897,15.05
163932,14.91
180036,14.91
260725,14.91
198193,14.91
108673,14.91
27183,15.48
278820,14.91
274746,14.96
87491,14.91
243407,14.91
263985,14.91
35632,14.91
112852,14.56
204317,14.91
89247,14.91
225924,15.05
295535,15.48
283626,14.91
119878,15.05
78969,14.91
237202,14.91
133675,14.91
112570,14.91
256709,14.91
104013,15.05
290345,13.96
20906,14.91
234769,14.91
134623,15.48
276845,15.48
255735,14.91
286737,14.91
161994,14.91
264591,14.91
92011,14.91
46903,14.91
80981,14.91
111900,14.91
157770,14.91
150750,14.91
156041,14.91
183539,14.91
287850,15.48
90723,15.48
259210,14.91
212367,15.48
53336,15.48
198388,14.91
140278,15.48
172258,13.96
34230,14.91
166633,14.91
31066,14.91
94672,15.05
112027,15.48
222911,14.91
43603,15.48
224810,14.91
104784,14.91
3575,14.91
241256,13.96
12588,14.91
17965,14.91
252487,14.91
294771,14.91
201210,15.48
99528,15.48
152087,15.48
214494,14.91
28712,14.91
86313,14.91
96559,14.68
118573,14.91
227806,14.91
180124,14.91
291153,14.91
289485,14.91
54443,15.48
42163,14.91
113548,15.48
41998,14.91
243355,15.48
79292,14.91
148358,15.48
35342,15.48
153647,15.48
85550,15.05
278368,14.91
198684,14.91
161836,14.96
218249,15.48
99174,14.91
63036,14.91
38251,14.91
228690,15.48
276607,14.91
128720,13.96
55633,14.91
271470,14.91
240700,14.91
105792,14.91
8059,14.91
61574,14.91
198807,15.48
195395,13.96
23405,15.48
144955,14.91
33657,15.05
213439,14.91
285468,15.48
35483,14.91
227400,14.91
20054,14.91
189496,15.48
212048,15.48
212008,14.91
58742,14.91
245238,14.91
266837,14.91
13104,14.91
83927,14.91
228739,14.91
281064,13.96
246749,14.91
214091,14.91
213002,14.91
30521,14.91
292093,15.48
25997,14.91
145710,14.91
168799,15.48
168056,14.91
279547,15.48
285836,15.48
177156,15.05
170545,14.91
253641,14.91
191370,14.91
124791,14.91
141179,14.91
11485,13.96
56821,14.91
86429,14.91
4192,14.91
188627,15.48
60919,15.48
77516,15.13
231411,14.91
168370,14.91
233800,15.13
128088,15.48
170336,15.05
229331,14.91
135621,15.48
131983,15.48
52058,15.48
252429,15.05
83626,14.91
224098,14.91
161412,14.91
288742,14.91
70824,15.48
288675,14.91
92858,15.48
172574,15.48
124962,14.91
109243,14.91
113063,15.48
219558,15.48
284387,15.48
34680,15.05
39074,14.91
232578,15.48
212532,14.91
298157,14.91
76914,13.96
41940,14.91
6108,14.91
194422,14.91
151082,14.91
57674,15.48
88486,14.91
265046,15.48
235432,14.91
187723,14.91
179304,15.48
94052,14.91
228502,14.91
46286,15.48
131430,14.96
148838,15.48
268128,14.91
123417,15.48
47113,15.16
166314,14.91
232442,14.91
76288,14.91
22095,14.91
119508,14.91
76907,14.91
88403,14.91
223331,14.91
298238,15.48
32108,14.91
46588,14.91
111863,14.91
212556,15.48
106451,15.05
81652,14.96
104891,14.91
132515,15.48
79189,14.91
116940,14.91
214533,14.91
9235,15.48
97956,14.91
125698,14.91
248873,14.91
6498,14.91
121578,14.91
120903,14.91
241083,14.91
278898,14.91
148641,14.91
6969,15.05
125651,14.91
149996,14.91
188310,14.91
210050,14.91
115816,14.91
196903,14.91
191509,14.91
26712,15.48
55720,14.91
226421,15.13
272871,14.91
156786,14.91
286621,13.96
139604,15.05
97505,14.91
291152,14.91
49119,14.91
107818,14.91
78095,14.91
283335,14.91
45588,14.91
179909,15.48
51982,15.48
1372,14.91
139708,15.05
241829,15.48
261525,14.91
147651,14.91
248524,15.48
85181,15.48
229108,14.91
171605,13.96
111574,14.91
282232,15.48
173722,14.98
55299,14.91
49426,15.13
104076,15.48
33101,14.91
154388,14.91
197388,13.96
184378,14.91
4069,15.48
80468,15.48
294236,14.91
78141,15.13
141633,14.91
134076,15.48
34278,14.91
145240,14.91
129912,15.48
149044,14.91
55986,15.05
109740,14.91
219477,15.48
173815,14.91
63407,14.91
252605,15.48
120412,15.48
176761,14.91
94493,14.91
205549,15.48
295840,15.48
80599,15.48
164864,15.48
135554,14.83
27246,15.48
163806,14.91
162158,14.91
92346,14.91
86862,14.91
49487,14.91
189902,15.48
151755,15.12
153301,15.48
92708,15.05
165137,14.91
244150,15.05
82055,15.48
37364,13.96
15870,14.91
24417,15.48
76548,14.91
154304,14.91
229190,14.91
213837,14.91
98062,14.91
126293,14.91
39354,15.48
258309,14.91
289540,14.91
195772,14.91
296856,14.91
49662,14.91
40316,14.91
6543,15.48
78122,14.91
175084,15.48
88225,15.48
216208,14.91
267917,14.91
61770,15.48
234148,15.05
115778,15.48
259197,13.96
185719,14.91
30310,14.91
227114,14.91
181934,15.48
47749,14.91
82744,14.91
142621,14.91
245753,15.48
136976,14.91
86484,14.96
91645,14.91
147151,15.48
251543,13.96
295194,14.91
150092,14.91
175124,14.91
117794,14.91
45827,15.48
111231,14.91
193359,15.48
57406,15.05
125805,15.48
23299,14.91
149662,14.91
171400,14.91
41613,14.91
108253,14.91
103264,14.91
204619,14.91
171441,14.91
143814,14.91
106354,13.96
6432,15.48
62352,14.91
60610,14.91
119355,14.91
156541,15.05
208159,15.48
181729,15.48
173269,14.91
38201,14.91
3833,15.48
50370,15.48
209138,15.48
59794,14.91
101768,15.48
199140,14.91
221542,14.91
298117,15.48
106365,13.96
79531,14.91
12187,14.91
213210,14.91
133809,14.91
180313,14.91
47776,15.48
217927,14.91
155585,14.91
54832,14.91
193900,14.91
242817,14.91
228436,14.91
207528,14.91
89298,14.91
94806,15.48
169973,14.91
13084,14.91
83928,14.91
19157,14.91
264111,14.91
253650,14.91
93746,15.48
51402,14.91
299215,14.91
283848,14.91
14057,15.48
285808,14.96
172828,15.13
138394,15.13
116105,14.91
214086,14.91
97141,15.48
165608,15.05
149792,14.91
85842,14.91
263819,14.91
248714,14.91
185787,13.96
269071,14.91
192844,14.91
168618,15.48
265894,14.91
26927,14.91
180062,13.96
191234,14.91
28479,15.48
79282,14.91
218628,15.48
148266,15.48
249973,15.13
75707,14.91
180441,14.91
263586,14.91
154576,15.48
99275,14.91
170243,14.91
198295,15.48
245923,14.91
84635,14.91
45682,15.48
81265,14.91
92540,15.48
84200,15.13
965,14.91
83293,14.96
283735,14.91
227504,14.91
138123,14.91
217520,15.48
41068,14.91
164338,14.91
117956,14.91
240429,15.48
265089,15.05
24334,14.91
121488,14.91
212346,15.48
29749,14.91
236854,14.91
67606,15.48
160685,14.91
154247,15.48
181782,14.91
120567,14.91
241068,14.91
287241,14.96
68174,14.91
38629,14.91
258923,14.91
178049,14.91
25888,15.48
261767,14.91
203476,14.91
53203,13.96
255127,14.91
79984,15.48
284507,15.48
35243,14.91
276952,15.48
274627,15.05
144346,14.91
3840,14.91
149916,15.48
238481,15.48
32354,14.91
192139,14.91
32071,15.09
89689,15.05
200186,14.91
189437,14.91
186229,14.91
153568,15.48
226018,14.91
26094,14.91
249135,14.91
114732,14.91
115432,14.91
99939,15.48
111396,14.91
16789,14.91
86063,14.91
50982,14.91
32656,15.48
130720,13.96
113007,15.48
248712,14.91
99404,15.48
243534,15.48
24874,15.05
292830,14.91
40752,14.96
188523,14.91
119269,14.91
19974,15.48
187777,14.91
22788,14.91
146054,14.91
147781,14.91
137308,15.13
158669,14.91
250753,14.91
29909,13.96
235585,14.91
255099,14.91
114598,14.91
226715,15.48
236324,14.91
198590,14.91
285816,14.91
20228,14.91
115520,14.91
68956,14.91
235436,14.91
22526,14.91
135602,14.91
68822,14.91
39728,14.91
153919,14.91
291662,14.91
239563,15.13
181967,15.48
226849,15.48
21838,15.48
4102,14.91
157665,15.48
195400,14.91
49226,15.48
213015,14.91
142474,14.91
139256,14.91
72886,14.91
281054,15.48
84397,15.05
30153,14.91
282241,14.91
16827,14.91
293803,14.91
129804,14.91
207765,14.91
248260,15.48
261964,14.91
132244,14.91
147444,14.91
33551,14.91
133266,15.48
111043,15.48
135876,14.91
37466,15.48
20040,14.91
99458,15.48
163629,14.91
95301,14.91
118290,15.48
164812,15.48
113144,14.91
62773,14.91
221634,14.91
188806,14.91
168005,14.91
80582,15.48
10205,15.48
7582,14.91
240098,14.91
135134,14.91
144220,15.48
141687,14.91
213182,14.91
155644,14.91
177707,14.91
71195,14.91
97750,15.48
93913,15.05
50037,15.13
291832,14.91
41585,15.48
39789,13.96
61004,14.91
163378,14.91
182073,14.91
11948,14.91
157577,15.48
17357,15.48
35096,15.48
195585,14.91
163452,14.98
228138,14.91
2426,14.91
261834,14.91
142258,14.91
127202,14.91
112494,14.91
201278,14.91
216657,14.91
132247,15.48
104439,14.91
279274,14.91
155689,15.48
204788,15.48
274816,15.48
107906,14.91
114761,15.48
78055,14.91
292966,14.91
209683,14.68
267020,14.91
130107,14.91
75132,14.91
93915,14.91
35806,14.91
296936,14.91
129680,14.91
28188,13.96
238066,15.48
199249,14.91
105986,15.48
110000,14.91
108764,14.91
52652,15.48
151474,14.91
48225,14.91
13407,14.91
186642,15.48
148111,15.48
30176,14.91
78298,15.12
286481,13.96
143846,14.91
276293,13.96
268964,14.91
195823,14.91
288438,14.98
88528,14.91
85673,15.48
133757,14.91
136737,14.91
219207,14.91
70492,14.96
52688,14.91
132135,14.91
22306,14.91
275400,15.48
65879,14.91
21897,14.91
290321,14.91
295190,15.48
181121,14.91
101025,13.96
1861,14.91
12620,14.91
152693,14.91
103744,15.13
71855,14.91
121925,14.91
2049,14.91
54426,14.91
270617,14.91
156451,14.96
246295,14.91
280286,14.98
239142,15.13
122481,15.48
209435,14.91
150608,15.48
89180,13.96
95693,15.05
26173,14.96
189946,14.91
226384,15.48
16904,14.91
270667,15.05
288187,15.48
93642,15.48
14908,14.91
213547,15.48
116949,14.91
141453,15.48
120666,15.48
160453,15.48
87140,15.48
111909,15.13
254186,14.91
181589,14.91
228909,14.91
24728,14.96
79505,14.91
194866,14.91
32260,15.48
149037,14.91
437,14.91
81378,14.91
74251,14.91
14504,14.91
67419,14.91
100017,14.91
296881,14.91
280087,15.48
111843,14.91
288153,14.91
163461,14.91
188555,14.96
74329,14.91
90467,14.91
75448,14.91
236876,14.91
215783,14.91
65087,14.91
187695,14.91
137696,14.91
27836,15.48
125757,14.91
254052,14.91
182732,15.48
284298,14.91
54146,14.91
208736,15.48
236118,14.91
233281,14.91
180659,14.91
189774,14.91
243340,14.91
35178,14.91
56869,13.96
263982,15.48
245922,14.91
49839,14.91
236357,15.48
25409,14.98
45896,15.48
137237,15.48
159888,15.48
166586,14.91
269101,15.05
12683,14.91
264514,15.05
209241,15.48
12433,13.96
95762,15.48
37404,14.91
195351,14.91
248336,14.91
230792,15.48
204516,14.91
63782,15.48
2177,14.91
9616,14.91
96699,14.91
118597,15.48
6781,14.91
90727,14.91
98184,15.13
9648,15.48
143871,14.91
234118,15.05
107183,14.91
116946,15.05
169716,14.91
177955,14.91
243787,14.91
77874,14.91
98630,15.05
87707,14.91
295575,14.91
56684,15.48
161025,14.91
272534,15.05
121702,15.05
142820,14.91
116276,14.91
185665,15.48
245964,15.05
44232,14.91
222044,14.91
119122,14.91
275763,15.48
167165,14.91
164811,15.48
73094,14.91
113967,14.91
94670,15.48
288839,15.48
107648,15.48
52080,14.91
175538,15.48
38652,15.48
5476,13.96
266005,14.91
76906,14.91
198658,14.91
265978,14.91
128582,14.91
287539,15.13
292852,14.91
2942,15.48
230207,14.91
241175,15.48
273923,14.91
155107,14.98
27934,13.96
238568,14.91
124404,14.91
91002,15.13
16717,13.96
197236,15.13
37125,14.91
133746,14.91
291067,14.91
204293,14.91
123657,14.91
224840,15.13
124478,14.91
232878,14.91
247369,14.91
159587,14.91
286341,15.48
268279,15.48
106291,14.91
209275,14.91
218594,14.91
111876,14.91
270764,14.91
196820,14.91
35520,14.91
82895,14.91
8209,14.91
63159,14.91
164114,14.91
49248,14.91
282839,15.48
208132,14.91
140730,15.48
299045,15.48
34410,15.13
4762,14.91
224105,15.48
76615,14.91
235321,15.48
179791,14.91
73388,14.91
27552,15.05
191751,14.91
86025,14.91
155050,15.48
243565,15.48
67765,14.91
183407,14.91
172701,15.48
243757,15.48
267487,14.91
59729,14.91
24256,14.91
208122,14.91
194350,15.05
45422,15.48
35360,14.91
298359,14.91
80313,15.48
258813,15.48
142504,14.91
176121,14.91
63940,15.48
159202,14.98
99550,14.91
150406,15.12
245244,14.91
241999,14.91
108088,14.91
134187,15.48
152408,15.48
282553,14.91
80450,14.91
213404,15.48
165057,15.48
141415,14.91
183213,14.91
246243,15.48
243016,14.91
130000,14.91
218119,15.13
178792,15.48
260277,15.48
118122,15.48
258578,15.12
283352,14.91
208003,14.91
205959,14.91
132819,14.91
297195,14.91
259689,15.13
38633,14.91
73249,14.91
35615,14.91
191564,14.91
213163,14.91
153360,14.91
152373,14.91
121348,14.91
260628,15.16
55850,14.91
235728,14.91
161429,14.91
220594,14.91
66200,15.05
11469,14.91
23148,15.48
78238,15.05
60514,14.91
222449,14.91
83338,14.91
122922,13.96
11158,15.48
121255,15.05
283439,15.48
84212,15.48
57850,14.91
277234,15.05
64401,14.91
147381,14.91
236230,15.12
225128,14.91
146265,15.48
275542,13.96
172457,15.48
137645,15.05
55774,14.91
193819,15.48
295922,15.48
275205,14.91
170407,14.91
129287,15.48
159087,15.05
80407,14.68
42521,14.91
281233,14.91
269249,15.48
177988,15.05
77178,15.05
153311,14.91
798,15.48
61531,14.91
23170,15.48
196688,14.91
180300,14.91
266962,15.48
29825,15.48
142602,14.91
142138,14.91
77712,15.05
295691,15.48
144405,14.91
88503,14.91
110441,14.91
247623,14.91
123928,14.91
202359,15.48
6502,15.48
217746,14.91
144041,14.91
35936,14.91
260830,14.91
163692,15.48
218881,14.91
109279,14.91
107178,14.91
210416,14.91
296280,14.91
231750,14.91
292709,14.91
145803,14.91
147225,14.91
259102,14.91
226800,14.91
4940,15.48
176131,14.91
176531,14.91
85106,15.05
276599,14.91
18401,14.91
226691,14.91
230812,14.91
15714,14.91
108289,14.91
273232,15.48
199777,15.48
280258,14.91
70020,15.13
273382,15.48
263614,15.48
143690,14.91
82704,14.91
59288,14.91
197709,14.91
43544,15.48
164463,14.91
129718,15.48
53913,14.91
156908,15.48
13943,15.05
104827,14.91
141478,14.91
10228,15.48
295723,14.91
111482,13.96
168250,14.91
270707,15.13
109668,14.91
260930,15.48
135057,14.91
243044,14.91
146808,14.91
130295,14.91
131461,15.13
283668,13.96
286870,15.09
135166,14.91
80871,14.91
281061,15.48
43150,15.13
94631,15.13
150782,15.48
241659,14.91
238221,14.91
7666,14.91
209106,14.91
63522,14.91
231846,14.91
158728,14.91
24388,14.91
256978,14.91
96246,14.91
195310,14.91
3495,14.91
46900,14.91
20216,14.91
3015,13.96
126073,14.91
229419,13.96
89785,15.48
230585,15.05
264191,14.91
152708,14.83
167880,14.91
61161,15.48
189516,14.91
204599,14.91
185039,15.48
255014,14.91
649,14.91
149743,14.91
251225,14.91
191713,15.48
78497,14.96
184671,15.48
185522,14.91
236288,14.91
182189,15.48
172299,14.91
112353,14.91
102578,15.48
33598,14.91
143994,14.91
217595,13.96
130945,14.91
33791,14.91
151674,14.91
27842,14.91
41806,15.13
198291,15.48
237776,14.91
150900,15.13
156762,15.48
79393,14.91
250884,14.91
168978,14.91
256383,14.91
151953,14.91
20767,14.91
285676,14.91
224772,14.91
60897,14.91
227038,15.48
205886,14.91
91274,13.96
61116,15.05
170986,14.91
15849,14.91
38228,14.91
56851,15.05
177401,14.91
219242,14.91
158351,14.91
153569,14.91
33994,15.48
268931,14.91
75050,15.48
56721,14.91
87374,15.48
192091,14.91
278008,14.96
172528,14.91
77548,15.12
260701,14.96
162826,14.91
167382,14.91
270978,14.91
3605,15.48
215985,14.96
22327,15.05
223980,15.48
212662,14.91
178479,14.91
8591,13.96
112349,14.91
118114,15.48
229318,14.91
60591,14.91
27540,14.91
133810,14.91
230901,15.48
295814,14.91
88951,15.48
142389,14.91
4579,14.91
112600,14.91
98019,15.13
276046,14.91
110118,15.48
55600,15.48
21024,14.91
130763,14.91
127764,14.91
23296,14.91
80972,15.48
249082,14.91
267202,15.12
11816,14.91
61395,15.48
27661,14.91
228862,13.96
272578,14.91
126494,14.91
196016,14.91
50393,14.91
88137,13.96
174482,14.91
214811,14.91
226754,15.48
173077,14.91
268059,15.48
135453,14.91
112485,15.48
11309,14.91
102705,13.96
270262,14.91
29482,13.96
194102,14.91
10160,15.48
73463,15.48
130062,14.91
105169,13.96
175414,15.05
18474,14.91
63285,14.91
17050,15.48
222409,14.91
42437,15.05
107717,14.91
60158,15.48
225105,14.91
75035,14.91
128733,15.13
42811,14.68
193506,15.48
234340,14.91
62861,14.91
175581,15.13
141081,14.91
77901,14.91
38768,14.91
85458,14.91
46135,14.91
261098,14.91
267548,14.91
262257,15.48
258046,13.96
241837,15.48
137124,14.91
17740,15.05
286498,14.91
203187,14.91
267394,15.48
189271,15.48
12286,14.91
190065,15.48
292191,14.91
241827,15.48
285838,14.91
294395,15.05
24607,14.91
59139,15.48
185779,14.91
25189,14.91
109184,14.91
215514,14.91
178322,14.91
177834,15.48
139304,14.91
227236,15.48
19720,14.91
298066,14.91
214066,14.91
31326,14.91
86308,14.91
166779,14.91
286040,14.91
69427,14.91
137059,14.91
106563,14.91
86305,15.48
251098,14.91
229611,15.48
266777,14.91
189375,14.91
38783,14.91
82441,15.13
246316,14.91
8869,14.91
115177,14.91
266608,14.91
114335,14.91
85942,15.48
95920,13.96
74152,14.91
133917,14.91
183995,15.48
129144,14.91
11901,14.91
87179,14.91
12682,14.91
101032,14.91
115502,15.48
120224,14.91
291786,14.91
286083,14.91
75162,14.91
27657,14.91
192645,14.91
237827,14.91
30503,14.91
293794,14.91
31859,15.48
131229,14.91
273335,14.91
126035,14.91
51291,14.91
155590,15.48
27901,14.91
28200,15.48
295578,14.91
106904,15.48
182473,15.05
137840,14.91
171061,14.91
295382,14.91
53589,15.48
217855,14.91
69016,14.91
196813,14.98
210613,14.98
284995,14.98
68290,15.48
181394,13.96
18705,14.91
87084,15.48
215021,14.91
261405,14.91
195997,14.91
289976,14.91
90029,14.91
79076,14.91
118640,14.91
67352,15.12
167709,14.91
271965,14.91
138478,15.48
243492,15.05
195410,14.91
85396,14.91
193244,14.91
5703,14.91
81700,14.91
183151,14.91
7291,14.91
268002,15.05
119876,14.91
107734,13.96
287783,15.48
174330,15.48
260812,14.91
58772,14.91
76550,14.91
31322,14.91
116325,15.48
246814,14.91
139714,14.91
209894,15.48
143323,15.48
296632,15.13
14694,14.91
2107,14.91
219189,15.48
124769,15.48
258210,14.91
3476,14.98
195054,14.91
169060,15.13
198239,14.91
42664,15.48
39795,14.91
248419,14.91
251118,15.48
213336,14.91
66814,14.91
267873,14.91
37373,14.91
92494,14.91
50958,14.91
276309,15.05
253735,15.48
248932,14.91
275410,14.91
152678,15.05
131079,14.91
103788,14.91
120603,14.91
161322,14.91
91155,15.48
148559,14.91
223297,15.48
87965,14.91
99492,15.48
268961,14.91
262035,14.91
32182,14.91
21590,14.75
252253,13.96
45061,14.91
143011,15.48
157127,15.48
273705,15.48
219100,14.91
225661,14.91
292582,14.91
216242,15.48
201947,14.91
115230,15.48
148195,14.91
18491,14.91
275903,14.91
170868,14.91
287901,14.91
227080,15.48
213659,14.91
103819,15.48
84188,15.48
159273,14.91
254701,13.96
16891,14.91
136059,14.91
50827,14.91
139214,14.91
92714,14.91
162174,15.48
63635,15.48
282197,14.91
41257,14.91
23849,14.91
71286,14.68
223768,14.91
147377,14.91
291512,14.91
29683,14.91
153108,14.98
291573,15.48
204272,14.91
3664,15.48
39894,14.91
103001,15.48
62683,14.91
178112,15.48
86055,15.48
105417,14.91
249352,14.91
3377,15.48
7134,13.96
272569,15.05
262989,14.91
225386,14.91
207664,15.13
195743,14.91
153034,15.48
53622,14.91
118840,13.96
194445,14.91
190649,14.91
294992,15.48
210985,15.48
151225,14.96
165441,14.91
79437,14.98
277575,14.91
231885,14.91
142240,14.91
205266,14.91
81037,14.91
277915,14.91
103935,14.91
221005,15.48
216283,14.91
133423,14.91
284047,14.91
106356,13.96
199712,14.91
151924,15.48
253542,15.05
91318,14.98
144578,14.91
27758,15.48
195275,14.91
279468,14.91
237066,15.48
17167,14.91
210170,13.96
164519,15.48
281155,15.48
133144,14.91
194432,14.91
151582,15.48
273230,15.48
258562,15.48
139094,14.91
246803,14.91
186870,14.91
78972,14.91
79983,15.05
269686,14.91
178829,15.48
105875,14.91
71083,14.91
209561,14.91
28792,14.91
82075,14.91
35724,15.48
137079,14.91
76740,14.91
70850,14.91
173405,13.96
267698,14.91
164784,14.91
209390,14.91
105103,14.91
26105,15.13
295954,14.91
169359,14.96
11248,15.48
204444,14.91
63997,14.91
13328,14.91
136839,13.96
51038,14.91
82775,14.91
52590,14.91
237913,14.91
115836,14.91
269782,14.91
168094,14.91
202621,14.91
89926,14.91
269725,14.68
295146,13.96
151245,13.96
32255,14.91
210987,14.91
80247,14.91
82332,14.96
131999,14.91
1775,14.91
52332,15.48
193867,14.96
118904,14.91
171769,14.91
284707,15.13
196969,14.91
242542,14.91
80477,15.12
19260,15.48
258904,14.83
139582,15.48
29625,14.91
5609,14.91
234309,14.91
276667,15.48
70820,14.91
136739,15.48
203959,14.91
81804,14.91
142384,14.91
152633,15.48
168153,14.91
203038,14.91
167974,14.91
298811,14.91
299082,14.91
84450,13.96
296050,14.91
40259,15.13
200711,14.91
3606,14.91
70510,14.91
135892,14.91
47730,14.91
193408,15.13
195107,14.91
92093,14.91
280882,14.91
32250,14.91
207229,15.48
128113,15.05
83741,15.48
12717,13.96
259501,14.91
254315,14.91
146675,14.91
16231,14.91
215094,15.48
257353,14.91
74660,14.91
72017,15.48
285793,14.91
226435,14.91
287685,14.91
114127,15.48
187812,15.48
73739,14.91
35686,15.48
125641,14.91
205073,15.48
291211,14.91
155180,14.91
107824,14.91
93961,14.91
4051,14.91
195555,14.91
265453,15.48
33803,14.91
131537,14.91
131408,15.05
44811,14.91
236779,15.48
149580,15.05
205787,14.91
242415,14.91
45748,14.91
239233,14.91
134460,14.91
45235,15.48
264931,15.05
174427,15.48
231844,15.48
241214,15.48
125765,14.91
88296,15.48
114945,15.13
105815,14.91
136814,14.91
260373,14.91
191143,14.91
123533,14.91
467,13.96
140275,15.48
117767,15.12
282983,15.05
201919,14.91
260208,15.48
125568,15.05
106625,15.48
272135,14.91
262904,14.91
288878,15.48
42949,14.91
169838,14.91
287904,14.91
262593,14.91
44207,14.91
13631,14.91
35586,15.48
169821,14.91
180958,15.05
71293,14.91
297493,14.91
170360,14.91
108483,14.91
201349,14.91
131532,15.13
79241,15.48
134388,15.48
56299,14.91
247345,14.91
220159,14.91
224411,15.48
201505,14.68
141246,14.91
276220,14.91
193163,14.91
286223,14.91
223666,15.48
298786,14.91
152578,15.12
274848,15.48
220768,14.91
117516,14.91
280928,14.91
185469,15.48
51622,14.91
152781,15.48
262952,14.91
19668,15.48
97165,15.05
237569,14.91
66372,14.91
239591,15.48
101866,14.91
177461,15.48
82413,14.91
278740,13.96
170889,14.91
82174,15.48
278684,13.96
266191,13.96
91165,15.48
56975,14.91
226677,14.91
22216,14.91
4117,13.96
164235,15.12
273887,15.48
143982,14.91
20127,14.91
45803,15.13
273110,14.91
69032,14.91
152641,14.91
131662,14.91
104743,15.13
85743,15.48
223382,14.91
25452,14.91
188034,14.96
281707,15.48
25325,14.91
2144,14.91
119757,14.91
242963,14.91
202256,14.91
270702,15.48
223301,14.91
114373,14.91
6018,15.48
73032,14.91
129907,14.91
55772,14.91
79937,14.91
126752,14.91
291602,14.91
20160,14.91
25935,15.48
17409,15.13
111947,14.91
211902,15.05
163473,14.91
34359,14.68
115466,14.91
276699,15.13
222425,15.48
44004,14.91
176312,13.96
208176,14.91
175975,14.91
238281,14.91
42982,15.13
89207,14.91
8965,14.91
154,14.91
165877,14.91
92457,13.96
96292,14.91
126808,14.91
113833,14.91
242753,15.13
45451,14.91
288123,14.91
55125,14.91
67873,14.91
158540,14.91
291717,15.48
289660,14.91
83109,15.48
104587,15.48
5890,15.48
193421,14.91
62416,14.91
13314,14.91
158695,15.48
114839,13.96
169846,14.91
191103,14.91
81487,14.91
149985,14.91
263652,14.91
24553,14.91
112969,15.12
47750,14.91
275642,14.91
41576,15.48
256277,15.12
2734,14.91
160782,15.48
284016,14.91
257314,14.91
201363,14.91
157995,14.91
149872,14.91
53225,15.48
279662,15.48
214457,14.91
267274,14.96
102176,14.91
208931,14.91
20262,14.91
219520,14.91
37154,14.91
118062,15.48
113735,14.91
280021,14.91
51159,14.91
234810,15.48
169782,15.48
185981,14.91
286381,15.13
202065,14.91
257229,14.96
243923,15.48
33300,15.48
259332,15.48
36253,15.48
100142,14.91
25108,15.05
106874,15.48
63497,15.48
178297,14.91
269802,14.91
104866,15.48
4350,13.96
191306,14.91
35948,14.91
72697,14.91
36725,13.96
288028,14.91
184998,15.12
289212,14.91
100317,14.91
289118,14.91
264955,15.48
4322,15.48
19195,14.91
271979,15.48
114020,15.12
95247,15.48
138880,14.91
103445,15.48
145866,15.48
270521,14.91
187561,15.16
5535,14.91
193337,14.96
46781,14.91
239582,14.91
247228,14.91
66828,13.96
228361,14.91
269835,14.91
173127,14.91
10435,15.48
168970,14.91
65328,15.48
203280,14.91
296814,14.91
335,15.48
81755,15.48
110140,14.91
218111,15.48
113529,14.91
214204,14.91
121825,14.91
115576,14.91
124165,14.91
269402,15.13
171628,14.91
148797,15.48
259436,14.91
265835,14.91
72175,14.91
134598,15.05
228891,15.48
83031,14.91
199858,15.48
176648,14.91
201710,13.96
291318,14.91
195926,14.91
76525,14.91
265565,15.48
232211,15.48
246170,15.48
113704,14.91
151987,15.48
132714,14.91
163180,14.91
220762,14.91
48194,14.98
182876,14.91
249970,15.48
215680,14.91
105695,14.91
183496,14.91
6419,14.91
142070,14.91
148404,14.91
55724,14.91
206613,14.91
61636,14.91
257815,14.91
197884,14.91
29911,15.13
171211,15.48
259261,14.91
294037,13.96
184674,15.48
48572,14.96
252538,14.91
123756,14.91
141067,14.91
105173,14.91
8851,14.91
26666,14.91
43971,15.48
37687,14.91
37997,14.91
260282,15.48
15724,13.96
97633,14.91
39296,14.91
9878,15.48
17562,14.91
24855,14.91
174474,14.91
231235,15.48
103997,14.91
56164,14.91
123534,14.91
268420,14.91
71621,14.91
117817,14.91
215113,14.91
85619,14.91
98948,14.91
227413,15.48
226792,14.91
229936,14.91
26960,14.91
120680,15.48
183065,14.91
88071,14.91
174375,14.91
178876,15.48
138476,14.91
290022,14.91
56104,15.48
105100,15.05
151409,15.48
138666,15.48
274128,14.91
73883,14.91
2934,14.91
18651,14.91
16355,15.13
171330,14.91
32204,14.91
43078,15.13
62540,15.48
27349,14.91
120092,15.48
28154,13.96
180915,14.91
63596,14.91
170884,14.91
134347,14.91
92310,14.91
73554,14.91
163448,14.91
237014,14.91
26801,14.91
174223,15.13
113306,14.91
223788,14.91
146347,14.91
158256,15.48
89800,15.05
25770,15.48
194095,14.91
269855,14.91
297204,14.91
93487,14.91
264049,14.91
156206,14.91
240838,14.91
47512,14.91
289384,14.91
60084,14.91
24772,15.12
11468,14.91
197050,14.91
189272,13.96
143074,15.13
173433,15.48
246270,15.48
86572,15.48
247459,14.91
141307,14.91
142943,14.91
73621,14.91
137639,14.91
64455,14.91
73839,14.91
284631,15.05
193013,14.91
130352,14.91
272878,15.05
295679,14.91
274054,14.91
104708,15.48
209151,15.48
257281,14.91
172987,14.91
175597,15.48
162890,14.91
133396,15.48
119826,14.91
117471,15.48
180093,14.91
49840,15.48
128811,14.91
163110,15.12
276456,14.91
39904,14.91
85091,15.05
109095,15.05
187325,14.91
227907,15.48
102933,14.91
225619,14.91
140537,15.48
234897,14.91
32133,14.91
222338,15.48
275716,14.91
249337,14.91
106571,15.48
168359,14.91
2630,14.91
123821,14.91
217478,14.91
277581,15.05
196732,14.91
281497,14.91
259807,15.48
127086,15.48
107280,14.91
255059,14.91
648,14.91
132374,14.91
97224,15.48
79675,13.96
72374,14.91
56781,14.91
60513,15.48
145884,15.48
133221,14.98
207252,14.91
22658,14.91
83599,14.91
279222,14.91
55520,15.05
107654,14.91
296369,14.91
217449,13.96
68831,14.91
180275,15.48
221482,15.48
83783,14.91
233458,13.96
109304,14.91
214145,14.91
197324,14.91
68571,14.91
270410,15.48
97445,14.91
99403,15.48
286538,15.13
2124,14.91
97939,15.48
204246,15.48
100675,14.91
114377,14.91
282310,14.91
253101,15.13
20188,14.91
150400,14.91
66305,14.91
249864,14.91
13653,14.91
16016,14.91
286385,15.48
236541,15.48
96607,14.96
111832,14.91
165193,15.48
42984,15.48
221855,14.91
8826,14.91
202934,15.48
25894,15.48
137418,15.05
262561,14.91
117948,14.91
45830,15.48
13803,14.91
42806,14.91
1306,14.91
1795,14.91
260192,15.48
193523,14.91
209850,14.91
50265,14.91
241461,15.48
288287,14.83
139956,14.91
7318,13.96
148145,14.91
253778,15.13
277141,14.91
152285,15.48
84529,14.91
68960,14.91
36824,15.48
163981,14.91
234342,14.91
207054,14.91
85843,14.91
8358,14.91
158189,14.91
164941,14.91
158678,14.91
270626,14.91
263152,15.48
68618,15.48
258661,15.13
97591,14.96
49234,14.91
7672,15.48
236305,15.48
116247,14.91
190186,14.98
220432,15.48
141529,15.48
261376,14.91
4992,13.96
134030,14.91
115553,14.91
129182,14.96
264563,15.48
23016,14.91
65936,14.91
36356,14.91
268518,15.48
26618,14.91
33305,14.91
158706,14.91
147321,14.91
291193,14.91
211772,15.48
36483,14.91
57717,14.91
93924,13.96
57494,14.91
249661,14.91
223602,14.91
203646,14.91
254198,15.48
55292,15.48
70978,14.91
35667,14.91
54316,14.91
157494,15.48
89812,14.91
242405,14.91
148288,14.91
57084,14.91
68765,14.91
205757,14.91
86,13.96
128273,14.91
131928,14.91
288625,15.48
269954,14.91
243650,15.05
100069,14.91
229836,14.91
188902,14.91
212500,15.05
270765,15.48
270747,14.91
283254,14.91
237351,15.48
135133,14.91
108552,14.91
295095,14.91
159673,15.13
164774,15.05
149287,14.91
271004,14.91
267970,14.91
130060,14.91
49144,14.91
54264,15.48
112660,15.05
9624,14.91
40518,14.91
236457,14.91
50536,15.48
237211,14.91
171677,14.91
293991,14.91
217242,14.91
114418,15.48
46808,14.91
142865,14.91
283064,13.96
166541,14.91
265528,15.48
48942,14.91
195546,14.91
86148,14.91
21840,14.91
213064,14.91
59901,15.05
283411,15.48
215338,14.91
151338,14.91
174834,15.13
210311,13.96
178077,14.91
271331,14.91
7855,14.91
68137,14.91
185476,15.13
189838,13.96
172611,14.91
188488,14.91
241718,14.91
138607,14.91
16661,15.48
274831,14.91
15872,14.91
118697,15.48
136600,15.48
179235,14.91
183331,14.91
196372,14.91
130766,14.91
188683,15.48
192207,14.91
286615,14.91
232338,13.96
146143,14.91
54371,14.96
220939,15.48
241873,14.91
54004,14.91
211227,14.91
178035,15.48
270975,15.48
208242,15.48
17492,14.91
35391,14.91
185793,15.05
233722,14.91
205739,13.96
220261,15.48
152574,14.91
47000,14.91
269963,13.96
89082,15.48
60321,14.91
62211,14.91
286632,14.91
88762,14.91
201790,14.91
250707,14.91
21549,14.91
173126,14.91
178196,15.05
2297,14.91
14412,14.91
209551,14.91
6423,14.91
223759,14.91
166341,14.91
101038,14.98
164669,14.91
186661,15.48
16528,14.91
148743,14.91
114899,14.91
244649,14.98
278643,14.91
50666,14.91
62922,15.48
8412,14.91
1424,14.91
285424,14.91
215640,14.91
162221,15.05
74077,15.48
93445,14.91
86485,15.05
257064,13.96
295846,14.91
153550,15.48
107232,14.96
6062,14.91
20064,14.91
105336,14.91
22266,15.48
235812,14.91
103633,14.91
258014,14.91
119627,14.91
183442,15.48
176013,15.48
173982,14.91
160271,15.05
270935,15.48
236547,14.91
134779,14.91
54667,14.91
125492,15.48
45372,15.48
106932,14.91
205228,15.48
61938,15.48
104038,14.91
39446,14.91
64019,14.91
155503,14.91
74562,14.91
277425,14.91
192804,13.96
127312,15.48
289427,13.96
90154,13.96
131830,14.91
259351,15.48
21337,15.48
241627,14.91
82899,15.16
297683,15.13
264083,14.91
283476,15.48
75092,14.91
258058,14.91
72838,14.91
85913,14.91
199655,14.91
231395,15.48
61601,15.48
249217,15.48
117936,14.91
194988,15.05
218790,14.91
8454,14.91
291460,14.91
284475,14.91
280035,14.91
76717,14.91
274926,14.91
59630,14.91
259088,14.91
249340,15.48
148257,14.91
3755,14.91
173036,14.91
191090,13.96
179638,14.91
195499,14.91
154504,15.48
62952,14.91
157219,15.48
80631,14.91
65163,14.91
88061,15.48
179482,14.91
77715,14.91
150139,14.91
85164,15.12
19898,14.91
215185,14.91
46885,14.91
142858,14.91
235730,14.91
238596,14.91
151061,14.96
40555,14.91
14562,15.05
214242,14.91
87004,15.05
92571,14.91
137435,14.91
111012,14.91
232696,14.91
148624,14.91
252937,15.48
94067,14.91
161348,15.48
161027,14.91
184586,15.05
70397,14.91
93833,14.91
125939,14.91
283415,15.48
234665,14.91
74952,14.91
142562,14.91
176414,14.91
86915,15.48
242315,14.91
228425,14.91
56191,14.91
204216,14.91
54953,14.96
125750,14.91
216545,14.91
118354,14.91
183912,14.91
25794,13.96
64838,15.48
293940,15.48
214938,14.91
245688,14.91
241788,14.91
256568,14.91
204812,13.96
167583,15.12
85125,14.91
59519,14.91
173291,14.91
77540,14.91
44372,14.91
16237,15.48
210944,14.91
70862,14.91
252348,14.91
227188,14.91
171312,14.91
234378,15.48
232523,14.91
116159,14.91
108457,14.91
63801,14.91
154994,14.91
187191,14.91
244983,14.91
213445,13.96
19315,14.91
10720,14.91
236918,14.91
82041,14.91
79118,14.91
46980,14.91
267676,14.91
53426,14.91
102981,14.91
240889,14.91
181711,14.91
268829,14.91
127194,14.91
113969,14.91
296683,14.96
2701,14.91
143852,14.91
13700,14.91
256053,14.91
198957,14.96
163922,15.48
178333,14.91
89873,15.05
122941,14.91
66871,14.91
263330,14.91
221801,13.96
252685,13.96
63548,15.48
234042,15.12
235392,15.48
70842,15.48
101517,14.91
292115,14.91
58274,14.91
50119,15.48
236387,14.91
118383,15.48
37819,14.91
77082,14.91
184690,14.91
225403,14.91
90788,15.48
26969,13.96
159817,15.05
287857,15.48
54809,14.91
294456,14.91
151394,15.48
29664,14.91
86198,14.91
81901,14.91
265581,14.91
99220,15.05
65804,14.91
52889,15.05
126275,15.48
133818,14.91
189150,14.91
11627,14.91
140177,15.05
117538,13.96
241097,14.91
232433,14.91
194452,14.91
163603,14.91
239295,15.48
195667,14.91
197154,15.48
195578,14.91
174867,14.91
127909,14.91
23427,14.91
57883,15.48
84231,14.91
87639,14.91
157558,14.98
64165,14.91
129699,14.91
242642,14.91
33793,14.96
18204,14.91
178058,14.96
100598,14.91
289739,14.91
184724,15.48
111275,14.91
8621,14.91
239494,14.91
98597,15.48
265188,15.48
43780,14.91
117147,14.91
254659,14.91
68010,14.91
270152,15.48
193150,13.96
275686,15.48
278654,14.91
246241,15.48
210046,14.91
6555,15.48
197788,14.98
293291,14.91
175206,14.96
241362,14.91
99160,14.91
109005,14.91
7964,14.91
51017,15.48
225603,15.05
33548,15.13
43950,15.48
44905,14.91
48283,14.91
151856,14.91
292400,14.91
172099,14.91
182122,14.91
92674,14.91
43493,15.48
46018,15.48
250062,14.91
57871,14.91
24250,14.91
74285,14.91
116808,14.91
146701,14.91
2507,14.91
155499,14.91
171690,14.91
150323,14.91
8678,14.91
66129,14.91
170431,15.13
207387,13.96
41089,14.91
126105,15.05
96053,14.91
116594,15.48
216130,14.91
188167,14.91
17952,15.48
26821,14.91
242116,15.48
81001,14.91
195703,14.91
109099,15.48
298617,14.91
126207,14.91
261909,14.91
270297,14.91
142037,14.91
8544,14.91
87119,14.91
29376,14.91
240621,14.91
263590,15.48
154235,15.12
283313,14.91
115023,15.48
83849,14.91
298884,15.16
107984,14.91
131289,15.13
114763,14.91
271932,14.91
38894,15.48
111924,14.91
15592,15.48
150127,14.91
90707,15.13
21663,14.91
11340,15.05
223958,14.91
47258,15.48
283159,14.91
237603,14.91
19417,14.91
285116,14.91
138114,14.91
179387,14.91
244291,14.91
63509,14.91
113239,14.91
264249,15.48
166409,15.48
49256,14.91
281573,15.48
124570,14.91
96409,14.91
29311,14.91
150185,14.91
102703,14.91
27628,14.91
29682,15.48
38758,15.48
14089,14.91
63198,14.91
230591,15.48
133227,15.48
174608,14.91
133734,14.91
236204,15.48
48580,14.91
66042,14.91
114500,14.91
272676,14.91
165253,15.13
34585,14.91
212165,14.91
106085,15.48
20878,14.91
161712,14.91
20720,14.91
168830,14.91
123416,14.91
154735,15.48
91051,13.96
74367,14.91
52421,15.48
121712,14.91
179252,15.48
289353,14.91
112834,14.91
241551,14.91
158719,14.91
190999,14.91
284386,15.13
219263,14.91
264605,15.48
51445,15.48
241038,14.91
245368,15.05
79257,13.96
243337,14.91
56542,14.91
624,14.91
95567,15.13
142941,14.91
281694,15.48
198074,15.48
152242,15.48
123826,14.91
58945,14.91
129723,14.91
256906,14.91
8470,14.91
59211,14.91
110794,15.48
146740,14.91
155908,14.91
185140,14.91
115699,13.96
88418,14.96
206713,13.96
98508,15.48
267115,15.48
111936,14.91
51323,14.91
99397,15.13
186170,14.91
125575,14.91
105515,14.91
83701,14.91
68746,15.48
25316,14.91
155249,14.91
260437,14.91
59535,14.91
216579,14.91
93703,14.91
166581,14.91
247658,14.91
191438,14.91
197827,15.48
118853,13.96
281449,14.75
295295,14.91
235315,15.48
149472,14.91
137936,14.91
272852,14.91
234181,13.96
96285,15.48
124888,14.91
191497,15.05
132905,15.48
129897,14.68
10154,14.91
85234,14.91
82063,14.91
14170,15.12
263524,15.48
189176,15.48
280353,14.91
235779,14.91
149399,14.91
106523,14.91
19480,14.91
178208,15.05
267016,14.91
212962,14.91
201878,14.91
255801,14.91
279878,14.91
101080,15.48
23033,14.91
239722,15.48
37798,14.91
96166,14.91
192006,14.91
122748,14.91
43739,15.16
137356,14.91
284285,15.48
224846,15.48
115437,14.91
129826,14.91
100495,14.91
54344,14.91
78110,14.91
193594,13.96
208206,14.91
279066,14.91
144872,14.91
15874,14.91
180819,14.91
28406,13.96
7981,15.48
48106,15.12
49706,14.91
48748,14.91
35464,14.91
20738,14.91
197465,14.91
210054,14.91
53201,14.91
247259,14.91
139817,15.13
164179,14.91
46472,14.91
18554,14.91
228201,15.48
61178,15.48
3461,15.13
131534,14.91
35186,14.91
75015,14.91
163880,13.96
154381,14.91
281457,14.91
235145,15.48
83386,15.48
239071,14.91
138768,14.96
97344,14.91
198331,15.48
208629,14.91
264408,14.91
17268,14.91
146567,14.91
198646,15.05
126810,14.91
62288,14.91
118300,14.91
154567,14.91
60341,14.91
95501,14.91
107680,14.91
40833,15.12
4603,14.91
278121,14.91
193419,14.91
118613,14.91
231893,15.48
4733,14.91
274343,14.91
268393,15.48
135066,14.91
50460,14.91
50614,14.91
133919,15.48
109217,15.48
199816,14.91
115259,14.91
267850,14.91
217048,15.48
3224,15.48
135055,14.91
98964,15.48
255728,14.91
116400,14.91
98131,14.91
238821,14.91
288555,14.91
205438,13.96
194143,15.48
64248,15.48
279125,13.96
244130,14.91
29557,15.48
198754,14.96
193998,14.91
152571,15.48
50747,15.48
202061,14.91
104688,14.91
176647,14.91
57097,15.05
145203,14.91
28968,14.91
127501,13.96
211851,14.91
262034,14.91
265615,15.48
244020,15.48
2222,14.91
32555,14.91
124144,15.48
234166,14.91
57588,15.48
98981,14.91
144871,14.91
106160,15.48
16687,15.48
79638,14.91
20271,14.91
83119,14.91
172073,15.48
51051,14.91
220900,15.48
152809,14.91
276670,14.91
195323,14.91
250800,15.13
250887,14.91
164545,14.91
150612,13.96
164157,14.91
187651,14.91
217847,14.91
281136,15.13
85876,14.91
74949,14.91
44720,14.91
126015,14.98
29267,13.96
90878,14.91
151428,14.91
97414,14.91
182752,14.91
143879,14.91
40173,15.48
267155,14.91
154189,14.91
198270,14.91
221017,14.91
132293,13.96
117807,15.13
26817,14.91
159748,15.48
95466,15.48
197734,14.91
131316,14.91
232484,15.48
238656,14.91
51099,14.91
152787,14.91
12256,14.91
86137,15.48
84588,14.91
292223,14.91
258965,15.05
142583,14.91
150527,14.96
198430,15.48
218525,15.48
291396,14.91
280857,15.12
5628,14.91
166224,14.91
248416,14.91
196325,14.91
218916,14.91
228635,15.48
258081,14.91
206831,14.91
45320,13.96
74298,14.91
6236,15.48
140480,15.13
200094,14.91
262476,14.91
230838,14.91
171536,14.91
194097,14.91
287927,15.48
14524,15.48
56256,15.48
218517,15.48
149777,15.05
127762,14.91
122573,14.91
210282,14.91
209943,14.91
125835,14.91
1169,14.91
30794,14.91
160760,14.91
135040,14.91
247159,13.96
201530,14.91
96645,15.05
255614,14.91
187774,14.91
60975,14.91
89920,15.05
240689,14.91
182800,14.96
231896,13.96
209475,15.48
44161,15.13
26755,14.91
285694,15.48
69709,14.91
149093,14.91
70008,14.91
253740,15.12
132463,14.91
181833,14.91
224687,15.48
287070,14.91
55601,14.91
28408,14.91
31071,14.91
35212,14.91
9602,15.48
261452,14.91
201557,15.48
80766,14.91
111701,14.91
150627,15.48
125021,14.91
260872,15.48
292786,14.91
104543,14.91
28316,13.96
166558,14.91
215587,14.91
198931,14.96
290380,14.91
246285,13.96
167886,14.91
23220,14.91
95460,15.05
115481,14.91
63916,14.91
41475,14.91
85845,15.48
215756,14.91
71407,14.91
113854,15.05
214582,14.91
13217,15.12
113229,14.91
160988,14.91
51742,14.91
211185,14.91
53121,14.91
275688,15.12
230362,14.91
102093,15.48
237766,14.91
114229,14.91
97861,14.91
266868,13.96
253268,14.91
38117,14.91
46581,14.91
164249,15.12
12503,14.91
82358,14.91
292064,13.96
195860,14.91
193664,15.48
161714,15.48
123421,14.91
233295,15.05
25813,15.48
105692,15.48
116277,14.91
282750,14.91
81828,14.91
65531,15.48
188988,14.91
154971,14.91
140963,14.91
104137,14.91
209787,14.91
109475,14.91
189629,14.98
75044,14.91
260183,15.48
176999,14.91
184848,14.91
97848,15.48
180595,15.48
47218,14.91
223698,14.91
222121,13.96
202831,14.91
3139,15.48
269864,14.91
16370,14.91
159298,14.91
34082,15.48
167901,14.91
271262,14.91
228790,15.48
73571,14.91
100744,15.48
207902,15.48
122176,14.91
238520,14.91
128664,15.48
101896,14.91
123012,14.91
255569,15.13
101220,14.91
283927,14.91
193688,15.48
86271,14.91
22841,14.91
87870,15.12
182446,14.91
33600,15.48
248294,15.48
200646,14.91
57754,14.91
71568,14.91
48127,15.48
177394,14.91
137330,14.91
44290,14.91
10885,15.48
150238,14.91
104221,15.48
266536,14.91
248813,15.48
179025,15.48
283596,14.91
199580,15.48
17185,14.91
1371,14.91
277438,14.91
64146,14.91
209858,14.91
164167,14.91
104527,14.91
35932,14.91
81902,14.91
263516,14.96
293221,14.91
207396,14.91
208645,14.91
191840,15.05
183872,15.05
166999,14.91
250740,14.91
105466,15.05
264874,14.91
91622,14.91
156378,15.48
101364,15.05
124610,14.91
172933,14.91
274401,14.91
20532,15.48
152475,15.48
231926,14.91
164734,14.91
55109,14.91
33865,15.48
197818,15.12
251510,14.91
250217,15.48
276911,15.48
225589,14.91
16174,14.91
97215,15.48
23554,14.91
26212,15.48
279858,14.91
126146,14.91
269433,14.91
68261,15.48
66260,14.91
75760,14.91
269904,14.91
103157,14.91
203712,15.48
68375,15.48
5675,14.91
116085,14.91
24124,14.91
86600,14.91
272680,15.48
7055,15.48
212162,14.91
70484,15.48
25423,14.91
275637,13.96
208657,14.91
158472,15.48
196679,14.91
109033,15.48
48915,14.91
126312,14.91
167484,14.91
68180,14.91
253062,14.91
188775,15.12
23043,15.48
62209,14.91
250428,14.91
54530,15.48
102228,14.91
281517,14.91
240305,15.48
95810,14.91
125693,14.91
36401,13.96
209152,14.91
83622,15.13
272684,14.91
48558,14.91
4290,14.91
220130,14.91
249586,15.48
169767,15.48
126676,14.91
174470,14.91
36740,14.91
183367,15.48
28312,14.91
135242,14.91
34122,14.91
138471,14.96
119278,15.12
175263,15.05
22750,14.91
167592,14.91
33886,14.91
12534,15.48
268378,14.96
43986,15.48
14435,14.91
291928,15.48
22403,14.91
7283,15.48
287849,15.48
61943,14.91
14948,14.91
282826,15.13
15736,14.91
22538,14.91
63786,14.91
59452,14.91
55062,15.48
118287,14.91
113929,15.48
88703,14.91
236954,14.91
74763,14.91
69665,14.91
246198,14.91
82961,13.96
35137,14.91
179776,14.91
166889,14.91
83838,14.91
57890,15.48
285828,15.48
128120,14.91
82877,14.91
145707,14.91
75620,14.91
116347,14.91
147128,15.05
219834,14.91
260001,14.91
280688,15.48
25653,14.91
184435,15.48
266002,14.91
127498,15.48
146042,14.91
42426,14.91
74510,13.96
277720,14.91
284878,15.48
60588,15.48
134843,15.48
51801,14.91
73312,14.91
36214,14.91
244419,15.48
145063,14.91
119612,14.91
214217,14.91
112950,15.48
45597,14.91
255408,14.91
213883,14.91
253418,15.48
110309,14.91
255415,14.91
53041,14.91
133544,14.91
257739,15.48
195131,14.91
48950,14.91
53601,14.91
109971,14.91
79556,15.48
49443,15.48
167954,14.91
82813,14.91
49820,15.48
108357,14.91
249119,14.91
233022,14.91
38586,14.91
120420,14.91
176865,14.91
27743,15.48
193016,14.91
21842,14.91
99748,14.91
35416,14.96
182440,14.91
30776,15.48
254005,15.13
243087,14.91
86452,14.91
71070,14.91
276580,14.91
50961,14.91
20715,14.91
40145,15.48
169432,14.91
80204,14.91
248638,14.91
19682,14.91
15462,15.48
253992,14.91
162807,14.91
246034,14.91
115426,14.91
191995,15.48
282671,15.48
274900,14.91
236730,15.48
224037,15.48
96224,14.91
50322,14.91
210773,15.48
245722,14.91
146128,14.91
88936,14.91
157565,15.48
114075,14.91
105945,14.91
274585,14.96
73460,14.91
150845,15.48
202206,14.91
90368,14.91
127999,14.91
101774,15.48
73579,15.48
262325,14.91
52869,13.96
119830,14.91
115449,14.91
223673,14.83
80384,14.91
274394,14.91
95496,15.13
66991,14.91
241056,15.05
173413,14.91
109074,15.48
86630,14.91
287859,14.98
11130,15.13
208562,14.91
143613,14.91
234474,14.91
200710,15.48
239742,15.13
57457,14.91
124097,14.91
144596,15.12
288332,15.48
258655,14.91
127012,14.91
225337,15.48
111150,14.91
35400,14.91
272155,14.91
141151,14.91
182813,15.05
236985,15.48
110546,15.48
227828,14.91
107146,15.48
201907,14.91
159848,14.91
235564,14.91
294688,14.91
135345,14.91
6879,14.91
220763,14.91
161311,14.91
131341,14.91
76714,14.91
189588,14.91
78061,14.91
129920,14.91
276168,14.96
147388,14.91
1948,14.91
178866,15.48
80971,14.91
22108,15.48
91154,15.48
113400,15.48
54799,14.91
121744,14.91
282333,15.48
253883,14.91
227703,13.96
80189,14.91
118844,14.91
243506,14.91
144725,15.13
141446,14.91
114449,15.48
33946,14.91
55814,14.91
260875,14.91
270412,14.91
217623,14.91
5736,14.91
258096,15.48
141174,14.91
295678,14.91
55481,14.91
275184,14.91
2072,14.91
132567,15.48
138675,14.91
258869,15.48
125718,15.48
236437,14.91
219789,14.91
69079,14.91
19633,14.91
280993,15.48
84001,15.48
159329,14.91
161302,15.48
230946,15.48
203749,15.48
113171,14.91
129691,14.91
76760,15.48
138690,14.91
120809,14.91
226489,14.91
68844,14.91
207855,14.91
289210,15.48
124218,15.48
166564,14.91
167557,15.48
64496,14.91
286540,15.05
128764,14.91
94281,15.48
16531,14.91
188068,14.91
487,15.05
149588,14.91
11464,14.91
295989,14.98
11548,15.48
140120,14.91
221520,14.91
253563,13.96
50668,14.91
106269,14.91
245781,14.91
773,15.48
11568,14.91
109259,14.91
87240,14.91
244692,14.91
280858,14.91
205389,14.91
283339,14.91
15280,15.12
247013,15.48
248212,15.48
184643,14.91
136428,14.91
257463,14.91
41377,14.91
203178,14.91
207992,14.91
146274,13.96
195501,14.91
150332,14.96
222817,14.91
30465,15.48
68189,15.48
22672,13.96
117165,14.98
71856,14.91
275514,14.91
76825,14.91
89286,15.05
103765,15.48
223135,14.91
245080,14.91
59990,14.91
37859,15.48
134057,14.91
266119,14.91
214538,14.91
293277,14.91
70443,14.91
202187,14.91
140246,14.91
46353,15.13
178649,14.91
40199,15.48
227468,14.91
265839,14.91
203295,15.48
290237,14.91
238298,14.91
159019,14.91
250921,14.91
68694,15.48
121681,14.91
7365,14.91
76065,15.48
243467,15.13
223704,14.91
273698,15.48
39135,14.91
170245,14.91
15933,15.05
75633,14.91
121158,15.48
251113,14.91
146471,14.91
243880,14.91
277686,14.91
151950,15.12
279917,14.91
216350,15.48
160255,15.48
82114,14.91
70365,15.48
196790,15.48
49245,14.91
280660,14.91
110830,14.91
247346,14.91
82088,14.91
160789,14.91
257179,14.91
125388,14.91
276575,14.91
129924,14.91
32680,14.91
35853,14.91
182765,15.48
10456,15.48
191814,14.91
257553,14.91
235188,15.48
267229,15.48
196854,15.48
27660,14.91
119808,14.91
36486,15.11
38875,14.91
167707,14.91
71525,15.05
298621,14.91
259855,14.91
207912,15.48
36798,15.13
96551,14.91
82497,15.12
279481,15.48
153989,14.91
291340,14.91
52661,14.91
267643,14.91
19831,14.91
151251,14.91
13652,15.48
170714,14.91
188324,15.12
141210,15.13
173445,14.91
33116,14.91
120534,14.91
223755,13.96
156370,15.48
165192,14.91
255196,14.91
141864,14.98
22803,15.48
45759,15.48
212087,14.91
163800,14.91
270576,15.48
26387,14.91
162167,15.05
20620,15.48
211921,15.48
217326,14.91
87046,14.91
206601,14.75
118777,15.48
125111,14.91
69829,14.91
1793,14.91
113798,14.91
235845,14.91
96793,14.91
80470,15.48
106770,14.91
7119,14.91
166890,14.91
205177,14.91
213838,15.48
74230,14.91
265654,14.91
93007,14.96
59135,15.48
40250,15.48
294305,14.91
131525,14.91
96813,14.91
15517,14.91
74616,14.91
99265,13.96
278492,14.91
102170,15.48
276417,15.48
199991,14.91
45686,14.91
35555,14.91
215893,14.91
288989,14.91
211095,14.91
106387,13.96
72011,14.91
243800,14.91
261714,14.91
26681,14.91
291275,14.91
91581,14.91
206473,14.91
45042,14.91
164856,14.96
179430,14.91
231635,14.91
289899,14.91
1410,14.91
164070,14.91
5072,14.91
196552,13.96
223470,14.91
277446,14.91
222649,14.91
57417,14.91
235426,15.48
118182,15.48
132520,14.91
240167,15.13
265922,14.91
56691,14.91
184766,14.91
12970,15.48
254644,14.91
189230,14.91
206657,15.48
8834,15.48
90482,14.98
283901,14.91
155881,15.48
89558,14.91
245570,14.91
275892,14.96
141252,14.91
278909,14.91
45903,15.48
294167,15.48
96654,14.91
287741,15.48
132002,13.96
139309,14.91
52010,14.91
79786,14.91
103420,14.91
111875,14.91
30031,15.48
19053,15.48
260862,14.91
289093,14.91
190013,14.91
291390,14.91
43488,14.91
20780,14.91
16395,14.91
275273,14.91
197492,14.91
43362,14.91
172174,14.91
39465,14.91
280332,14.91
165794,14.91
287767,14.91
3988,15.48
280224,14.91
53894,13.96
58317,14.91
123001,14.91
287693,15.48
40946,14.91
52124,14.91
37196,15.48
198078,14.91
2834,14.91
4698,14.91
85197,14.91
256925,15.48
223751,13.96
123009,15.05
279263,14.91
27202,14.91
3530,15.48
29015,14.91
220527,13.96
138981,15.48
104005,14.91
226892,14.91
278661,14.91
110609,14.91
283280,15.48
200845,14.91
253157,14.91
156241,14.91
65482,14.91
126284,14.91
227442,14.91
163530,14.91
67525,14.91
40155,15.48
21774,13.96
34434,15.48
77796,14.91
35339,14.96
31677,14.91
62106,14.91
3168,14.91
257428,14.91
259803,14.91
263549,14.91
158163,14.91
122951,14.91
56715,14.91
15094,15.48
161732,15.48
231581,14.91
296455,14.91
220640,14.91
107866,14.91
212708,15.05
75135,14.91
86531,14.91
158218,15.48
286861,14.91
116058,15.48
182173,15.48
220285,15.48
208426,14.91
183654,14.91
196140,14.91
68939,14.91
94681,14.96
279738,14.91
23278,15.48
226342,14.91
99727,15.48
99055,13.96
40842,14.91
86908,15.48
201297,15.48
101897,14.91
189556,14.83
42567,15.13
114695,14.91
178395,14.91
40031,15.48
211610,14.91
291890,14.91
124466,14.91
76074,14.91
186775,14.91
32203,14.91
107893,14.91
296891,14.91
123219,14.91
260285,15.48
162889,14.91
28835,14.91
264075,14.91
130567,14.91
175349,15.48
75508,15.12
199852,15.48
34569,14.91
274134,14.91
10069,14.91
186316,14.91
295773,14.91
15857,14.91
70895,14.91
243388,15.48
268805,14.91
270030,14.91
41444,14.91
103184,14.91
193341,14.91
233250,14.91
129384,14.91
281073,14.91
151757,14.98
229831,14.91
249013,14.91
31441,14.91
235260,14.91
56011,15.13
99480,14.91
84083,15.48
235848,14.91
102573,14.91
133537,15.48
50665,14.91
97047,15.05
160070,15.12
100994,14.91
228272,14.91
290872,14.91
48372,14.91
101957,15.05
221376,14.91
8175,14.91
197699,15.48
288600,15.48
23586,15.48
65752,14.91
222136,13.96
125310,15.13
25620,13.96
269489,14.96
158961,14.91
224928,14.91
283716,14.91
290888,14.96
290135,13.96
153147,15.48
61493,14.91
34809,15.48
248112,14.91
55437,14.91
87999,14.91
285500,14.91
153701,14.91
15259,14.91
81413,14.91
183210,14.91
179582,15.05
295849,14.91
95113,14.91
70841,14.91
203350,15.48
91456,13.96
236294,14.91
294817,14.91
130525,14.91
267134,14.91
199619,15.48
269123,14.91
271983,15.48
272693,13.96
249618,14.96
58808,14.91
49570,14.91
166348,14.91
139431,14.91
144869,14.91
194371,14.91
172217,14.91
193441,14.91
143479,14.91
94141,14.91
4327,14.91
77570,15.48
28943,14.91
277522,14.91
94003,14.91
90427,14.91
40712,14.91
11241,15.48
212868,14.91
197862,14.91
20749,14.91
55680,14.91
155243,15.48
107881,14.91
249137,14.91
114580,15.48
49384,14.91
209617,15.48
119989,14.91
34252,15.13
190211,15.48
127408,14.91
198587,14.91
213074,14.91
229032,14.91
208402,14.91
218587,14.91
116212,14.91
199898,14.91
93765,14.91
134023,14.91
50524,14.91
201321,15.48
64844,14.91
108323,15.05
166902,15.48
13088,14.91
276834,14.91
2450,14.91
44626,15.48
121195,14.91
2147,14.91
243425,13.96
138635,15.48
186274,14.96
224057,14.91
96764,14.91
178744,14.91
41311,15.48
34993,14.91
266157,14.91
11799,15.12
91109,14.91
114604,13.96
118333,14.91
112907,15.48
127062,14.91
130662,14.91
53080,14.91
285459,15.13
258458,15.48
105469,14.91
246696,14.91
20463,14.91
71054,14.91
24869,14.91
60346,14.91
45148,14.91
226796,14.91
71685,14.91
30872,14.91
261324,15.48
97277,14.91
188993,14.91
279431,14.91
199840,14.98
211981,14.91
99757,15.05
35705,15.48
110165,14.91
21191,14.91
286831,14.91
286811,14.91
121734,14.91
106440,15.48
130479,14.91
51097,15.48
250647,14.91
49193,15.48
143586,14.91
291139,14.91
84479,14.91
212908,14.91
136307,14.91
50875,14.91
274640,14.91
169084,15.05
240835,15.48
269826,13.96
36290,13.96
21756,13.96
255375,15.13
200388,15.48
46046,13.96
121670,14.91
253159,14.91
292567,13.96
96756,14.91
130359,15.48
266904,15.05
146955,14.91
116023,14.91
252443,15.48
65094,14.91
108097,14.91
237465,15.05
68488,14.91
146007,14.91
107078,15.16
149579,14.91
52488,14.91
77562,14.91
126813,15.05
266435,14.91
58636,14.91
233634,14.91
25024,14.91
12600,14.91
172430,14.91
193892,14.91
35240,14.91
259057,14.91
41705,14.91
19570,14.91
251668,14.91
23884,14.91
283062,14.91
43354,15.48
71040,14.91
231094,14.91
194919,14.91
144839,14.91
151173,14.91
198632,14.91
226761,14.91
160464,15.48
93935,14.91
16861,14.91
109440,13.96
29537,14.91
227120,14.91
164358,14.91
58221,14.91
54533,14.91
294752,14.91
108413,14.91
77637,14.91
52409,15.48
67751,15.48
145488,14.91
155809,14.91
83356,14.91
290480,14.91
145473,14.91
268989,15.48
73466,13.96
58037,14.91
99686,15.48
233376,14.91
60371,14.91
39018,14.91
294960,14.91
184817,14.91
115702,14.91
161920,15.48
275818,14.68
129037,14.91
67615,14.91
278687,14.91
186634,13.96
18068,14.91
270302,14.91
49100,15.48
56740,14.91
223651,15.48
179659,15.48
166408,14.91
237537,14.91
275657,15.48
57949,14.91
9896,15.48
26037,15.48
252887,14.91
31679,14.91
28361,14.91
278314,14.91
10399,14.91
274463,14.91
3432,14.91
193958,14.91
85841,14.91
213416,15.48
286880,14.91
167873,15.48
241510,14.91
247705,14.91
240405,15.48
126327,14.91
130647,15.48
99756,14.96
83307,14.91
120409,15.48
4814,15.48
159747,15.05
278122,14.91
203324,15.48
4503,14.91
265672,15.13
11882,15.05
27179,15.48
34843,14.91
263399,15.48
100176,14.91
173676,14.91
175814,14.91
214213,15.48
225849,13.96
107465,14.91
957,14.91
287045,14.91
221609,14.91
131674,15.05
126963,14.91
197978,15.48
228478,14.91
122446,14.91
22265,14.91
134542,14.91
254218,13.96
238924,15.48
112979,14.91
299098,14.91
97839,13.96
257217,14.91
68190,14.91
71089,15.48
136431,15.48
216526,14.91
245667,15.48
148516,14.91
230087,14.91
107302,14.91
39650,15.05
78351,14.91
2874,15.48
284522,15.48
46444,13.96
65302,14.91
73295,14.91
187986,15.48
237280,15.48
83308,15.13
107151,14.91
290288,14.91
262864,14.91
123851,14.91
247972,14.91
72245,14.91
128031,15.05
298907,14.91
228829,14.91
203079,15.48
286587,15.12
257813,15.05
142334,14.91
226749,15.05
60506,14.91
108650,14.91
75588,15.05
132604,15.05
181990,15.48
188480,14.91
26612,13.96
249517,15.48
253094,15.05
201137,15.48
152877,14.91
85444,15.48
69221,13.96
107498,14.91
50378,14.91
206832,14.91
281949,14.91
40648,15.48
291018,15.48
253570,14.91
198938,14.91
185348,14.91
72365,14.91
78991,14.91
15486,14.91
182686,15.48
147308,14.91
50264,14.91
123848,15.48
120344,14.91
266109,14.96
183345,14.91
17437,14.91
198765,13.96
264060,15.48
296424,14.98
239312,15.48
37680,14.91
220689,15.48
93093,14.91
113426,13.96
178420,14.91
113567,14.91
75599,15.48
59415,14.96
89163,14.91
209668,14.91
181240,15.48
145226,14.91
75701,14.91
45103,14.91
129607,14.91
104250,15.48
246562,14.91
114731,14.91
51510,15.48
78035,14.91
96198,14.91
96792,15.48
279584,14.91
57929,15.48
273369,14.91
111968,15.13
60846,14.91
119332,14.91
153394,14.91
94492,14.91
215498,14.91
162432,14.91
298148,15.48
283873,14.91
173268,14.91
275694,14.91
286687,15.48
146244,14.91
24580,15.48
39159,14.91
150094,14.91
93522,15.48
124353,14.91
159738,14.91
33900,15.48
189914,14.98
55839,14.83
168176,14.91
161581,14.91
34568,14.91
13957,14.91
20436,14.91
256062,14.91
282388,14.91
188690,14.91
206591,13.96
242691,14.91
213444,14.91
217392,14.91
271520,15.05
289977,14.91
5805,14.91
88211,15.12
37863,14.96
189343,14.91
225766,15.48
229430,14.91
100367,14.98
119827,14.91
3100,14.91
263077,15.48
288132,13.96
105517,14.91
196038,14.91
128464,14.68
230128,14.91
135521,14.91
295270,14.91
77449,14.91
285695,15.13
67516,14.91
138670,14.91
289510,14.96
47095,14.91
137360,15.05
151433,14.91
34423,15.48
29419,14.91
221413,15.48
171716,14.96
184739,13.96
42571,14.91
112087,14.91
198469,15.48
227634,15.48
44003,15.48
88608,15.48
179664,14.91
211799,14.91
76438,14.91
290594,14.91
227227,14.91
268696,15.48
204648,14.91
132462,15.48
128456,15.48
248231,15.48
255937,14.91
293184,15.48
11757,14.91
75190,14.91
275474,14.91
183130,13.96
199082,14.91
266175,14.83
201567,14.91
163977,14.91
37699,14.91
4276,14.91
147012,14.91
253569,14.91
18058,14.91
260230,15.48
183691,14.68
149756,14.91
111283,14.91
139453,14.91
24668,14.91
199700,15.13
280396,14.91
115335,14.91
30350,15.48
232294,14.91
267030,14.91
78899,14.91
30585,14.91
124312,15.48
86464,15.05
87886,14.91
178205,14.91
130974,14.91
254512,14.91
133717,14.91
191260,14.91
22286,15.48
76775,14.91
262973,14.91
214692,15.48
19884,14.91
226196,14.91
95710,14.91
33940,15.48
286544,14.91
68316,15.48
35518,14.91
222107,14.91
5236,13.96
20943,14.91
223161,14.91
68562,14.91
132664,15.48
22022,15.48
71846,14.91
157064,15.48
194967,14.91
255438,14.91
199385,14.91
260937,15.48
180352,14.91
232021,13.96
179566,14.91
73574,14.91
200286,14.91
202253,14.91
255578,14.91
127161,15.16
259612,15.48
232840,15.48
297904,15.48
62297,14.91
204910,14.91
21029,14.91
182510,14.91
34598,14.91
119366,14.91
110833,14.91
1897,14.91
89090,14.91
163086,14.91
80151,13.96
65,14.91
286720,15.13
107090,14.91
292630,14.91
115474,14.91
146514,14.91
38690,14.91
74365,15.48
284643,14.91
31970,15.12
56357,14.91
249069,14.91
143169,14.91
229115,14.91
243734,15.48
81233,14.91
6055,14.91
253949,14.91
29205,15.48
218302,15.48
185274,15.48
181975,14.91
229100,14.91
274709,15.13
167215,14.91
68243,14.91
214869,15.48
279138,14.91
110787,15.48
247365,14.91
203770,15.48
171019,14.91
121342,14.91
205831,14.91
195437,14.91
244407,14.91
160064,14.91
42047,14.91
20147,14.91
93342,15.48
189460,15.13
189078,14.91
33211,14.91
167380,14.91
81307,14.91
20144,14.91
173580,15.48
74511,14.91
159386,14.91
58202,14.91
251597,15.48
73799,15.48
97831,14.68
211051,15.48
13493,14.91
47175,14.91
295906,14.91
287117,14.91
35716,14.91
1652,14.91
173719,15.48
295425,15.48
61102,14.91
122345,14.91
132203,15.48
270450,14.91
81824,14.91
167877,14.91
13176,15.48
55517,14.91
278238,14.91
90846,14.91
63796,14.91
79276,13.96
174123,15.48
204431,14.91
264891,15.13
255097,14.91
204633,14.91
81539,14.91
126513,14.91
17119,14.91
122109,14.91
120291,14.91
77547,15.48
30087,15.48
239946,15.48
107270,14.91
52543,14.91
263065,14.96
73437,15.48
286669,14.91
111355,14.91
218541,15.48
31527,15.13
286093,13.96
231313,14.91
232083,15.12
129408,14.91
53115,14.91
118008,15.48
163735,14.83
288643,15.13
76758,14.91
264593,14.91
125138,14.91
54532,14.91
147422,14.91
216032,13.96
189662,14.91
226996,14.98
62672,14.91
179525,14.91
253846,15.48
267881,13.96
168587,15.48
58040,14.91
186099,15.13
134274,14.91
173594,15.48
140077,15.05
267441,14.91
80041,15.13
259090,15.48
78029,14.91
49751,14.91
78642,14.98
39125,15.48
138913,15.48
223630,15.05
203019,15.48
109549,14.91
201644,14.91
209310,15.48
200405,14.91
222900,15.48
206862,14.91
225441,14.91
228078,14.91
24912,15.48
8350,14.91
280465,15.48
138499,14.91
143516,15.05
285564,14.91
86625,14.91
248750,15.48
97634,15.12
20130,15.48
221366,14.91
111813,15.48
263226,14.91
275756,15.48
2253,14.91
225297,14.91
278989,14.91
75645,14.91
108112,15.12
22644,14.91
298432,14.91
193434,15.48
64020,14.91
193679,15.05
95418,15.48
194821,15.48
146853,14.91
271037,14.91
101615,15.48
80026,14.91
42554,15.05
92507,15.48
249789,15.48
221779,14.91
116177,14.91
174581,15.48
241820,14.91
54728,14.91
257725,15.48
146354,15.48
167497,15.48
90767,15.13
212537,14.91
84672,14.91
91227,15.48
242325,14.91
193884,14.91
225174,14.91
93456,14.91
97604,14.91
43205,14.91
57161,15.48
196286,14.91
138408,15.05
169219,14.91
160135,15.13
289675,14.91
63744,15.12
174699,14.91
263294,15.13
205713,14.91
107683,14.91
289679,14.91
107099,14.91
154055,14.91
239187,14.91
291903,13.96
32004,15.12
7241,14.91
75228,14.91
214147,14.91
154658,14.91
110255,15.05
85674,15.48
159943,14.98
179623,13.96
71549,15.48
86324,14.91
277136,14.96
263455,14.91
164046,14.91
67141,15.48
246700,14.91
127946,15.48
271857,15.05
190398,15.48
96244,14.91
297367,14.91
121407,14.91
56208,14.91
192037,15.48
4309,14.91
106512,14.96
213594,14.91
109056,15.13
134708,14.91
183972,15.05
299413,15.48
24963,14.91
24664,14.91
288435,15.05
123466,15.48
187430,14.91
257241,15.48
209806,15.48
125051,14.91
221190,14.91
27299,14.91
281579,14.91
238711,14.91
293840,14.96
194515,15.48
112622,15.48
184508,14.91
56601,15.48
13713,15.48
36637,15.48
2451,14.91
66579,14.91
120516,14.91
21403,14.91
124212,14.91
92273,14.91
64337,14.91
156684,15.48
104150,13.96
132586,14.91
272447,14.83
72000,15.48
186766,14.91
55987,14.91
83891,14.91
10957,14.91
265610,15.13
137220,14.91
103768,14.96
290727,14.91
198797,15.48
223845,14.91
74483,15.48
130863,14.91
88635,14.91
255841,14.91
276372,15.48
20977,14.91
92621,15.05
273684,14.91
282714,15.05
35202,14.91
273021,14.91
191573,15.12
12659,15.48
7993,14.91
112173,14.91
288995,14.91
36603,15.48
39955,14.91
85148,15.05
291382,14.91
119648,15.48
278765,13.96
30578,13.96
25712,14.91
125546,14.96
119891,15.05
269096,14.91
154924,14.91
176794,15.48
1975,14.91
221339,13.96
97312,15.48
105893,14.91
173789,14.91
71826,14.91
292866,14.91
249943,15.48
182004,15.12
80051,14.91
287413,15.48
55505,14.91
154683,14.91
138772,15.13
264379,14.91
229800,14.91
233095,15.48
142514,14.91
69040,14.91
287268,14.91
138372,15.05
132531,15.05
146983,14.91
254407,14.91
135458,15.48
68085,15.12
227164,14.91
145837,14.91
108278,14.83
127414,14.91
98968,15.48
215014,15.48
255992,14.91
181708,15.48
131043,14.91
32590,15.48
47854,15.48
231167,15.48
198356,15.48
269499,14.91
10927,14.91
50333,15.05
95448,14.91
187155,14.91
113278,15.05
149123,14.91
175773,14.91
293660,14.91
180575,15.48
202083,14.91
204403,13.96
267286,14.91
253185,15.05
89648,15.13
193255,14.91
24267,14.91
91148,15.48
172721,14.91
148925,14.91
187714,14.91
112688,14.91
177914,14.91
94294,15.48
260600,14.91
87813,14.91
37105,15.48
101875,14.91
56354,15.05
72040,14.91
146745,14.91
34501,15.48
14309,14.91
39574,14.91
134787,14.91
297304,14.91
66804,14.91
192307,14.91
208044,14.91
162618,14.91
265897,14.91
165116,14.91
55179,14.91
104138,14.91
140986,14.91
75831,14.91
61887,14.91
225132,14.91
195436,14.91
106226,15.48
115775,14.91
232760,14.91
110359,14.83
65792,14.91
186462,13.96
56049,14.91
93369,14.91
266763,15.13
38070,14.91
284063,14.91
250827,14.91
248702,15.48
64931,14.91
17224,15.48
247322,14.91
59119,15.13
105519,15.48
17873,15.48
180868,15.48
210585,15.13
98824,15.05
238752,14.91
229879,15.48
81904,14.91
195519,14.91
72561,13.96
6559,14.91
299021,13.96
255370,14.91
114388,14.91
175670,14.91
245399,14.91
33502,14.91
61838,14.91
34728,15.48
239565,14.91
141084,15.13
171744,15.05
94999,14.91
234610,14.91
130043,15.48
282581,14.91
108643,14.91
6847,14.91
104945,15.48
68240,14.91
278798,13.96
208875,14.91
97225,15.48
239104,15.48
96796,14.91
221150,15.48
176114,15.13
299142,14.91
67075,14.91
260694,14.91
209594,14.91
51970,14.91
100082,14.91
282836,15.48
88329,14.91
119187,14.96
63769,15.48
62531,14.91
111779,14.91
266096,14.96
63478,15.48
238813,14.91
88299,14.91
232091,14.91
279807,14.91
266183,14.91
163013,14.96
251320,14.91
202577,15.48
103564,14.91
29611,14.91
9959,14.91
282189,15.48
151780,14.91
282968,14.91
45425,15.48
77491,14.91
176757,14.91
234581,15.48
205249,14.91
136201,14.91
128883,15.48
167490,14.91
140472,14.91
44481,14.91
203171,14.91
47967,14.91
227874,15.48
181519,14.91
161405,14.91
244331,15.48
21057,14.91
157082,14.91
222215,14.91
21698,15.48
211320,14.91
226751,15.13
263660,14.91
4686,14.91
298889,14.91
33008,14.91
255368,15.48
163927,14.91
108855,14.91
41793,15.12
41597,14.91
43037,14.91
122576,14.91
272328,14.91
137811,14.91
64879,15.48
116842,14.91
175456,14.91
150011,13.96
247813,14.96
277839,14.91
71460,15.48
58152,14.91
157456,14.91
79649,15.05
283002,14.91
225485,14.91
193052,14.91
130348,13.96
275929,15.48
85359,14.91
290213,14.91
254415,14.91
225186,15.48
103504,15.48
243266,15.48
288156,14.91
72627,15.48
199866,14.91
257238,14.91
152888,14.91
256929,15.48
271938,14.91
101445,13.96
102967,14.91
298144,14.91
241609,14.91
225218,14.91
209641,14.91
7234,14.91
180467,15.48
30992,14.91
39664,14.91
129035,14.91
250650,14.91
286018,15.48
252191,14.91
59330,14.91
92398,14.91
107294,13.96
189909,14.91
144139,14.91
291496,14.91
232110,15.48
204786,14.91
208241,14.91
147948,14.91
121291,14.91
189957,14.91
6134,14.91
74239,14.91
29073,14.91
129426,14.91
287971,14.91
279804,14.91
25144,15.12
267806,14.91
259633,14.91
170210,15.48
290533,13.96
57190,14.91
15548,14.91
247591,15.48
221262,14.91
6263,15.48
80847,14.91
95422,15.48
178416,14.91
185774,15.48
257389,14.91
111893,15.48
169541,14.91
99956,14.96
83455,15.48
185666,14.91
188636,14.91
7843,14.91
176279,15.48
179625,14.91
278760,14.91
197572,14.91
215326,14.91
147281,14.91
66139,14.91
94656,14.91
262335,14.91
289170,15.48
244976,14.91
267243,15.48
85836,15.48
129472,15.13
175969,14.91
216044,14.91
283981,14.91
253399,13.96
96176,14.91
16330,15.48
42975,14.91
68097,14.91
128997,15.13
35836,15.48
23384,15.48
128154,15.48
255110,14.91
160512,14.91
159206,14.91
8936,15.48
185662,14.91
117394,14.91
53030,14.91
14889,14.91
89973,14.91
72302,13.96
252725,14.91
248758,14.91
136229,15.13
258079,13.96
60198,14.91
239403,14.91
210969,13.96
289487,15.48
242125,14.91
271736,14.91
26343,14.91
270584,14.91
122434,14.91
259173,14.91
296565,15.48
68384,14.91
150230,14.91
9810,14.91
236897,14.91
173093,14.91
222313,14.91
136436,14.91
109078,15.48
80349,14.91
149920,14.91
295688,13.96
141434,14.91
104585,14.91
57652,15.48
238818,14.91
81167,15.09
168093,14.91
100883,14.91
209377,14.91
185010,14.91
20696,14.91
280166,14.91
86064,14.91
5711,14.91
289579,14.91
245584,14.91
63287,14.91
191675,14.91
296168,14.91
207455,15.48
170393,14.91
281486,14.91
163485,14.91
284382,14.91
282013,14.91
255828,14.91
203121,14.91
144006,14.91
179433,14.91
211408,14.91
285411,14.91
221037,14.91
156180,14.91
284532,14.91
186606,14.91
237737,14.91
85147,15.09
38672,14.91
53983,15.05
294556,14.91
256409,14.91
153404,15.12
235153,15.48
64587,15.12
265878,14.91
19578,14.91
35350,14.91
162809,15.48
242270,14.91
295191,14.91
123666,14.91
146637,14.91
272164,15.48
50867,15.48
62440,14.91
4291,14.91
33565,14.91
13290,14.91
104851,15.48
241005,14.91
70404,13.96
173119,14.91
100828,14.91
214810,15.48
111810,15.48
140005,14.91
248905,15.48
39063,14.91
218089,13.96
51478,14.91
20473,14.91
112132,15.48
104899,15.05
123685,14.91
240490,14.91
123103,15.48
46428,14.91
294518,14.91
46741,14.91
140872,14.91
272491,14.91
297516,15.48
191641,13.96
4074,14.91
218453,15.48
233030,14.91
75898,15.48
151218,14.98
276809,15.48
42618,13.96
59572,14.91
153636,15.48
131411,15.48
238946,14.91
173732,15.48
122221,14.91
103676,14.91
90974,14.91
16446,14.91
24261,15.12
122062,14.91
167058,15.48
274718,15.13
78927,14.91
23163,15.48
199543,15.13
125091,15.48
52081,15.48
159030,14.91
279995,15.48
143719,14.91
121913,14.91
172133,15.13
270462,14.91
285197,15.13
229883,15.48
203404,14.91
101854,14.91
28951,14.91
27378,14.91
49520,14.91
124307,15.48
69963,14.91
124417,15.48
9727,13.96
265739,14.91
25745,15.13
142041,14.91
138566,15.48
51683,14.91
39985,14.91
41672,15.48
299193,15.48
78489,14.91
33786,15.12
175552,15.13
260859,14.91
157859,14.91
218619,14.91
149554,14.91
166884,14.91
95911,15.48
212225,14.91
266322,14.91
53234,14.91
38374,14.91
51923,14.98
110563,15.48
64211,14.91
154064,14.91
155906,14.91
91915,14.91
217613,14.91
224313,14.91
223210,15.48
67416,15.48
176538,14.91
298045,15.05
48696,14.91
6446,15.13
288451,15.13
179156,14.91
5583,14.91
49672,15.05
24908,15.48
230565,14.91
100550,14.91
70521,14.91
273303,14.91
159520,14.91
82006,13.96
138697,15.48
246336,15.13
243426,15.05
159274,15.48
966,15.48
122610,15.48
256588,15.05
115308,14.91
156602,15.13
262638,14.91
149757,14.91
6052,14.91
44048,14.91
278338,14.91
167019,14.91
49981,14.91
26063,14.91
154459,15.48
118884,15.48
67198,14.91
49045,14.91
172356,14.91
202422,15.48
170035,15.13
174724,14.91
40562,14.91
426,15.48
35802,15.05
12986,13.96
283572,15.48
254691,14.91
193780,14.91
238358,15.48
237646,15.48
161131,15.12
50540,15.48
25519,14.91
64440,15.48
287412,15.48
77241,15.05
28651,15.48
27237,15.13
66491,14.91
130422,14.91
11387,13.96
83098,14.91
16230,14.91
45632,14.91
192678,14.91
39453,14.91
241307,15.05
164144,14.91
165453,13.96
233404,14.91
86838,14.91
217717,15.48
282204,15.48
188953,14.91
161236,14.91
211143,15.48
21406,14.91
134469,14.91
161606,14.91
48212,14.91
107182,14.91
240840,14.91
44797,15.48
12602,14.91
99916,14.91
145766,14.91
246932,14.91
266574,14.91
235519,14.91
269631,14.91
166659,14.91
50359,13.96
218730,14.91
22762,14.91
121067,14.91
226958,13.96
259026,15.13
23481,14.91
16877,14.91
64462,14.91
256307,14.96
91797,13.96
37356,14.91
162827,15.05
290746,15.48
34590,14.91
110247,14.91
136617,15.48
53193,13.96
190892,14.91
229649,14.91
50753,14.91
64990,14.91
202084,13.96
213335,14.91
17885,15.48
229564,15.05
233693,14.91
228311,13.96
174246,14.98
109618,14.91
182066,14.91
142951,14.91
79696,15.05
297340,14.91
255760,13.96
179345,15.13
59403,15.48
57844,14.91
69378,14.91
18487,14.91
272469,15.48
28333,14.91
189635,14.91
56872,15.48
88091,14.91
34592,14.91
287072,14.91
143712,14.91
70928,14.91
138258,15.48
199320,14.91
247430,14.91
208492,14.91
4630,14.91
128235,14.91
32890,14.91
204981,14.91
270800,14.91
285563,15.05
213487,15.48
143707,14.91
1533,14.91
87364,15.12
266859,14.91
152060,15.48
120132,14.91
99838,14.91
182571,14.91
38526,14.91
184576,14.91
53196,13.96
43583,14.91
218954,15.48
117844,14.91
9674,14.91
286604,15.05
21695,14.91
291582,14.91
19265,14.91
113836,15.05
65218,14.91
272539,14.91
129889,14.91
24344,14.91
135794,14.91
50409,15.48
230453,14.91
250672,14.91
57004,14.91
256161,14.91
49807,14.91
192031,14.91
228127,14.91
17418,15.48
3309,14.91
116851,14.91
296170,14.91
69544,13.96
100403,14.91
238129,14.91
124454,14.91
170139,14.91
247425,14.91
102128,14.91
11279,15.05
107859,15.48
138815,14.91
43829,13.96
277812,14.91
163369,15.48
18117,14.91
214111,14.91
271229,14.91
276876,13.96
206367,14.91
268472,14.98
646,14.91
177440,15.48
259280,14.91
154317,14.91
56641,15.48
158537,14.91
72720,13.96
240419,14.91
104116,14.91
72270,13.96
110416,14.91
125214,14.91
20289,14.91
65926,14.91
267872,14.91
268578,15.48
214039,15.05
28988,14.91
78328,14.91
171057,15.48
16008,14.91
230368,15.48
105223,14.91
137554,14.91
9666,15.48
149242,14.91
241177,14.91
295058,14.91
111226,14.91
92145,15.48
215288,14.91
220662,13.96
131863,15.05
199393,15.48
280276,14.91
96491,14.91
39519,14.91
152364,15.48
232199,15.48
267978,13.96
169013,15.05
104675,14.91
122845,14.98
63379,15.05
8679,15.48
243861,14.91
67193,15.13
230701,14.91
234608,14.91
119248,15.05
282478,15.48
243215,15.09
110302,14.91
1863,14.91
127429,15.48
40885,14.91
217621,14.96
10631,14.91
70938,14.91
281471,14.91
183946,15.48
11478,13.96
204777,14.91
205613,14.91
72482,14.91
250602,15.48
69282,14.91
206953,14.91
217100,14.91
67283,15.48
243242,15.05
128553,14.91
165401,15.48
55228,14.91
628,14.91
35118,14.91
267385,14.91
287620,15.48
136811,14.91
98293,14.91
30065,15.05
289264,14.91
6601,15.48
200568,14.91
76975,14.91
86062,14.91
20664,14.91
124098,14.91
127432,14.91
16708,14.91
113169,14.91
77961,14.91
51953,15.48
153024,15.48
258534,13.96
224566,14.91
268514,14.91
20452,14.96
271393,14.91
109922,14.91
102606,14.91
222005,14.91
69004,14.91
78524,15.05
91745,14.96
116233,15.48
27398,15.48
12845,13.96
139773,15.12
126038,15.48
50896,15.48
167694,14.91
156958,15.48
181176,14.91
246036,14.91
6187,15.48
131419,14.91
206294,14.91
286739,13.96
199088,14.91
128444,15.48
32062,15.48
155265,14.91
224820,14.91
71148,14.91
282173,15.05
210513,14.91
212801,15.48
151283,14.91
137755,15.05
190414,15.48
188510,14.91
147019,14.91
32232,15.05
292775,14.91
225322,15.48
121134,15.48
223896,15.48
185171,14.91
110486,15.12
129491,14.91
85818,15.13
252434,15.13
69253,14.91
201795,14.91
123037,13.96
258483,14.91
179465,15.05
287790,15.48
5888,15.13
44873,15.48
159482,14.91
5939,14.91
177078,15.48
189634,15.05
93131,14.91
143501,15.05
67474,14.91
66547,14.91
30868,14.91
101655,14.91
204188,14.91
109933,13.96
190106,15.48
293124,14.91
161579,14.91
38986,14.91
243233,14.91
229050,14.91
18553,14.91
73103,14.91
211414,14.91
288071,14.91
284097,14.91
116575,14.91
42298,13.96
257687,14.91
65423,14.91
160343,15.48
267426,14.91
106289,15.48
7389,14.91
230625,14.91
256715,14.91
153645,15.48
132744,15.48
284650,15.48
213310,14.91
173003,15.48
18398,14.91
215620,15.05
84702,15.48
209230,15.48
255689,15.13
118515,14.91
126562,14.96
130682,15.48
213907,14.91
263951,14.91
220957,14.91
89279,14.91
203701,15.48
276407,14.91
138914,14.91
50797,14.91
260762,14.98
157852,15.12
111501,14.91
185480,14.96
111406,15.48
56285,15.12
228354,14.91
240144,13.96
137947,15.48
176386,15.48
70489,14.91
292386,15.48
144117,14.91
264644,14.91
90412,14.91
249231,15.48
70556,14.91
129995,14.91
183875,15.05
232706,14.91
149860,14.91
56201,13.96
189953,14.91
156201,15.48
113534,15.48
281951,14.91
247287,14.91
14781,14.91
62816,13.96
201084,15.48
188709,15.48
293455,15.05
213134,15.48
61359,14.91
88048,14.91
46675,15.48
41609,15.13
30822,15.48
108529,15.48
290877,14.96
45114,14.91
240752,15.48
42370,14.91
4377,14.91
61070,14.91
261301,14.91
274146,14.91
270966,14.91
22055,14.91
28180,14.91
275856,14.91
26266,13.96
33002,14.91
261647,14.91
38790,15.48
190064,14.91
99641,15.48
93858,15.13
94028,15.48
157461,14.91
26809,14.91
45299,15.05
151487,15.48
259899,14.91
120895,15.48
286141,13.96
282754,15.48
105980,14.91
230694,15.48
7340,15.48
272227,14.91
293997,14.91
103506,14.91
290568,14.91
193103,15.48
212126,14.91
159959,14.91
86326,15.05
105920,14.91
262388,14.91
145289,14.91
9047,15.09
24796,15.48
85453,15.48
13776,14.91
17229,14.91
256472,15.13
161239,14.91
115397,14.91
226186,14.91
228900,15.48
238802,15.48
99314,15.48
219994,14.91
193868,14.91
5655,14.91
41007,15.05
296916,14.98
171826,15.48
28827,14.91
181927,14.91
57579,14.91
35261,14.91
66886,14.91
101442,14.91
37324,14.91
222263,14.91
212921,15.48
213760,13.96
33767,14.91
13624,15.05
22991,14.91
260104,14.68
227983,14.91
221983,14.91
174813,13.96
198553,14.91
153327,15.48
21800,14.91
198889,14.91
298698,14.96
145022,14.91
181059,14.98
8330,13.96
56461,14.91
67293,15.48
237008,14.91
297940,14.91
205710,14.91
24556,14.91
73719,14.91
62605,14.91
273389,14.91
108330,14.91
239588,14.91
25646,14.91
28095,15.48
145091,14.91
22124,13.96
118994,14.91
152171,14.96
126713,14.91
1246,15.48
30419,14.91
185838,14.91
298886,13.96
19606,14.91
205555,14.91
295056,15.48
283787,15.12
9620,14.91
91944,14.91
72003,14.91
172429,14.91
175356,14.91
54276,14.91
150630,14.91
288427,14.91
166352,14.91
100678,14.91
138909,14.91
193285,14.91
130113,14.91
122367,14.91
30036,15.13
177719,14.91
23083,14.91
173526,15.48
119825,15.48
282675,15.48
91655,15.13
2912,14.91
277921,14.91
94561,13.96
283281,15.48
73001,15.48
255928,14.91
207839,15.05
37452,14.91
210218,14.91
151745,15.48
106381,13.96
7404,14.91
60283,14.91
147338,14.91
257131,14.91
85711,13.96
231448,14.91
186711,15.05
76499,14.91
122444,14.91
17961,14.91
101389,14.91
120205,14.91
102248,14.91
245166,15.48
143532,14.91
198673,15.48
173514,14.91
295597,14.91
37201,14.91
123248,14.91
288255,15.48
241205,15.05
143320,14.91
118201,14.91
5125,14.91
201706,13.96
278416,15.05
171000,15.13
206198,15.48
164926,15.48
237338,15.13
132728,14.91
241993,14.91
81169,15.48
36423,14.91
219035,13.96
192801,14.91
160766,14.91
140567,15.13
282085,15.48
103604,14.91
229782,13.96
23891,14.91
38294,15.13
68606,14.91
162979,14.96
194953,15.48
144862,14.91
257847,15.48
149160,14.91
276647,15.13
205323,15.48
173936,14.91
189202,15.12
294558,14.91
58118,14.91
127333,14.91
145333,15.48
203224,14.91
124654,15.48
271014,14.91
227228,15.48
25284,15.48
230917,15.05
208312,14.91
92786,15.48
155800,14.91
158131,14.91
211006,14.91
149808,14.91
125770,14.91
18235,14.91
277659,13.96
249439,14.91
38395,14.91
28268,14.91
191873,14.91
135674,14.91
102052,14.91
80170,14.91
192583,14.91
180184,14.91
14352,14.91
102398,14.91
296695,15.13
227211,14.91
90634,14.91
242961,14.91
260656,15.12
64419,15.48
12654,15.48
120421,15.48
129746,14.91
33630,15.05
201364,14.91
174503,15.48
43947,15.48
286969,15.48
56769,14.91
261704,14.91
138986,14.91
274015,15.12
83975,14.98
103063,15.48
270534,14.91
174239,14.91
114254,14.91
54499,14.91
240657,15.05
183598,15.13
241859,14.91
149951,14.91
25655,14.91
39713,14.91
101783,14.91
97194,14.91
97102,14.91
6818,14.91
216115,14.91
166542,14.98
169315,14.91
62092,14.91
29800,14.91
144781,15.05
226187,14.91
289173,14.91
30943,15.13
22080,14.91
142154,14.91
69423,14.91
112372,15.12
150847,15.48
269008,14.91
97612,15.05
189729,14.91
273641,14.91
90516,14.91
42382,15.48
217862,14.91
114179,15.13
179788,15.48
220670,14.91
110673,15.48
135861,14.91
47306,14.91
148987,14.91
47410,14.91
160551,14.91
297775,14.91
153214,14.91
260688,14.91
264859,15.05
173882,15.48
173173,14.91
195884,14.91
111278,15.48
9641,14.91
73367,15.48
45906,14.91
205892,14.91
188474,14.91
250074,14.91
46932,14.91
221925,13.96
212494,14.91
234644,15.48
172615,15.12
140140,15.48
119699,14.91
267957,14.91
174135,15.05
260954,14.91
26208,15.48
253637,14.91
134134,15.48
182978,13.96
116326,14.91
288561,14.91
237598,15.48
189108,14.91
218,14.91
90136,15.48
133164,14.91
115414,14.91
141091,14.91
93209,14.96
245651,14.91
163077,14.91
283965,14.91
180139,14.91
194620,15.48
233798,14.91
1506,14.91
209638,15.48
205868,14.91
280414,14.91
117997,15.48
277891,14.91
32641,14.91
48906,14.91
60688,14.91
82746,14.91
175226,14.91
236588,14.91
117138,15.13
60737,14.91
252600,14.91
66217,14.91
89620,14.91
17243,14.91
76581,14.91
156608,15.48
102026,15.48
23,14.91
293691,14.91
140924,15.48
72288,14.91
60707,15.48
43454,14.91
190814,15.48
203149,14.91
34038,14.91
169835,14.91
51294,14.91
228145,14.91
97418,14.91
96052,14.91
243366,14.91
132319,14.91
196431,14.91
149180,14.91
190407,15.05
25726,14.91
154449,15.48
128699,14.91
47639,13.96
9051,14.91
45920,15.05
137323,15.12
170656,14.91
38329,14.91
184748,14.91
290812,14.91
274222,14.91
254463,13.96
236226,14.91
681,14.91
118633,15.48
197892,13.96
172239,13.96
295685,15.48
85668,15.48
106187,14.91
150783,15.13
241738,14.91
182756,14.91
46082,15.48
198698,14.91
52539,15.48
265834,14.91
198508,15.48
11004,15.13
126603,14.91
277634,14.91
119888,14.91
155423,14.96
34213,15.05
103749,14.91
127748,15.48
56951,14.91
114477,14.91
181076,14.91
876,14.91
166953,14.91
31358,15.48
273147,14.91
156935,14.98
53089,14.91
193409,15.48
112434,15.48
98345,14.91
188694,13.96
293766,14.91
92603,14.91
144944,14.91
256075,14.91
239980,15.48
93028,14.91
170221,14.91
166446,14.91
268302,14.96
268371,15.13
14949,14.91
120573,13.96
262876,14.91
88774,15.48
290776,15.48
106317,14.91
271625,14.91
20853,14.91
105262,14.91
37138,13.96
91403,15.05
207307,14.91
182154,14.91
192643,14.91
109157,14.91
21919,15.48
170450,14.91
132183,15.48
206410,15.48
238130,14.91
144328,14.91
143421,14.83
231465,14.91
248429,15.48
109835,14.91
105260,14.91
76973,15.48
30662,15.05
188396,14.91
51182,14.91
44033,14.91
236005,15.48
18342,14.91
222144,14.91
120939,14.91
49151,15.48
292851,15.13
266706,14.91
227248,14.91
209536,14.91
290775,14.91
87904,14.91
153768,14.91
197982,15.48
245844,14.91
277397,14.91
175593,15.12
35770,14.91
124588,15.48
29853,14.91
163257,14.91
138587,14.91
89223,15.12
59791,15.48
16122,14.91
26776,15.12
279345,14.91
280221,14.91
92368,14.91
60459,13.96
208773,14.91
243155,15.48
104462,14.91
238189,15.05
232188,15.48
293490,14.91
263695,14.91
166132,15.48
140847,14.91
154306,14.91
148396,14.91
291805,15.48
232013,14.91
277852,14.91
66229,14.91
79011,14.91
94319,13.96
230406,14.91
289189,14.91
32243,14.91
46114,14.91
71265,14.91
163229,15.48
226518,15.13
170769,14.96
245715,15.48
61872,15.48
297296,14.91
35052,14.91
64717,15.48
32078,15.05
144708,15.48
43991,15.48
188425,15.48
143585,14.91
240521,14.91
263809,15.48
43489,14.91
229918,14.91
181225,14.91
170077,14.91
71636,14.91
299240,14.91
277535,14.91
157988,15.48
240854,14.91
60442,15.48
76275,14.96
286153,14.91
10062,15.12
131417,14.91
152125,15.48
142684,14.91
26733,14.91
165611,15.13
197500,14.91
239426,14.91
79776,15.48
213726,14.91
145018,14.91
171357,14.96
184447,15.48
146215,14.91
152214,14.91
41520,14.91
63117,14.91
187580,14.91
36088,15.05
59136,15.05
124682,15.13
55662,15.48
158723,15.48
149700,14.91
81658,14.91
216326,15.12
245920,15.48
50926,14.91
25079,14.91
178465,15.13
247563,15.48
284328,14.96
263855,14.91
284966,14.91
187914,14.91
252628,14.91
266982,14.91
52522,14.91
165825,14.98
128530,15.48
18775,14.91
115246,14.91
71722,14.91
137060,14.91
62475,14.91
43641,14.91
134688,14.91
129418,14.96
80856,14.91
135420,15.48
80627,13.96
79533,14.91
57230,14.91
122414,14.91
192484,14.91
81399,14.91
97515,14.91
2525,14.91
165851,15.13
10061,15.48
252769,14.91
39035,14.96
32193,15.48
107045,14.91
100841,14.91
51289,15.48
39084,14.91
144062,14.91
82468,15.13
195112,14.91
152953,14.91
284156,14.91
160246,14.91
64097,14.91
228440,15.48
154535,14.91
94310,15.12
208787,15.48
288006,14.91
123050,14.91
50020,15.05
280973,14.91
93144,15.05
191316,14.91
129122,14.91
133713,14.91
293270,14.91
64944,15.48
75663,15.05
47545,14.91
140335,15.13
124071,14.91
287170,15.48
171420,14.91
5130,14.91
149174,14.91
22200,14.91
241450,15.48
160252,14.91
258611,14.91
163406,14.91
189098,14.91
229456,13.96
204534,14.91
214635,14.91
184651,15.48
44972,15.05
26766,15.12
199496,14.91
59514,15.48
289974,14.91
197463,15.48
134722,14.91
201406,15.48
67264,14.91
38436,14.91
30989,14.91
283867,13.96
190460,15.12
65686,14.91
285769,14.91
265965,14.91
78931,14.91
41036,14.91
269897,15.12
266333,15.48
286568,15.48
12338,14.91
159159,13.96
6604,14.91
173829,14.91
157300,15.05
64970,14.91
78009,15.48
9045,13.96
233585,15.48
275330,14.91
67768,14.91
114750,14.91
74563,13.96
71562,14.91
48270,14.91
216805,15.48
97311,15.48
158508,15.12
259092,14.91
22472,14.91
30444,14.91
62369,14.91
273613,14.91
234302,14.91
259295,14.91
21062,14.91
106859,14.91
276726,14.91
190097,14.91
14747,14.91
209005,14.91
57165,15.05
7044,14.91
138633,14.91
218313,14.91
236909,14.91
157285,15.48
55672,14.96
178497,15.48
5709,14.91
175853,14.91
2416,14.91
260648,14.91
117637,14.91
188932,14.91
171378,14.91
280110,14.98
168130,14.91
91370,14.91
207674,15.48
142288,14.91
154336,15.48
49730,14.91
31593,14.91
69642,14.91
234591,14.91
72957,15.48
186187,14.91
228363,14.91
100496,14.91
262851,15.48
281375,14.91
207278,14.91
20051,14.91
155746,14.91
21661,15.05
121644,15.48
78020,14.91
116982,15.48
243526,14.91
100611,14.91
174419,14.91
47117,14.91
189342,15.13
176014,14.91
77060,14.91
120074,14.91
103714,14.91
248536,14.91
177733,14.91
252768,15.48
66866,15.48
176825,14.91
255835,14.91
103866,15.48
156306,15.48
213093,14.91
134956,14.91
6816,14.91
285894,13.96
48420,14.91
42091,14.91
130657,15.48
296693,14.91
122689,15.48
253684,15.48
263879,15.48
87981,14.96
118279,15.13
18317,14.91
95182,14.91
229776,14.91
276021,15.13
122449,14.91
44000,15.48
202536,15.16
28533,15.48
96193,14.91
242413,14.91
150574,15.48
226764,14.91
146918,14.91
107482,14.91
18152,14.91
16164,14.91
286644,14.91
137778,14.91
46014,14.96
176433,15.48
204003,15.48
64953,14.91
130830,15.48
191818,14.91
110824,15.48
2807,14.91
42624,15.48
274651,15.48
124598,14.91
126163,15.13
26955,14.91
135474,14.91
18319,14.91
114138,14.91
298748,14.91
128064,14.91
219893,14.91
239431,14.91
295737,13.96
163345,14.91
17949,15.48
238103,14.91
60389,15.48
159082,15.48
25610,13.96
97908,14.91
30272,15.48
64669,15.48
224999,14.91
167543,15.48
51034,14.91
64343,14.91
63012,15.48
246329,15.48
176388,14.91
118841,14.91
131077,15.05
156672,15.48
171816,14.91
244342,14.91
137157,14.91
291661,14.91
66577,15.48
297980,14.91
293933,15.48
62265,14.91
250605,15.48
243805,14.91
123971,14.91
145413,14.91
240283,14.91
98117,14.91
81059,14.91
263220,15.48
224184,15.48
241870,15.48
43843,14.91
150727,14.91
181739,15.05
77010,15.48
271851,15.48
158780,14.91
18002,14.91
96388,15.48
290364,14.91
263752,14.91
107759,14.91
259884,14.91
168310,14.91
144253,14.91
116548,15.48
65812,14.91
298502,14.91
115238,14.91
278038,14.91
7810,14.91
232580,14.91
274149,14.91
115661,15.48
36414,14.91
161921,15.48
7021,14.91
226970,15.48
104589,15.48
127270,14.91
283986,14.91
256807,14.91
17581,14.91
187056,14.91
113576,14.91
296738,15.05
266679,15.48
101863,15.48
49137,15.48
24068,14.91
267523,15.05
11644,14.91
154829,14.91
3968,14.91
124236,14.91
182420,14.91
230898,15.48
193835,14.91
56219,14.91
213400,15.48
152683,14.96
252192,15.48
25273,14.91
172490,14.91
2787,15.48
2569,14.91
299336,15.48
222145,15.48
207138,14.91
145236,14.91
6494,15.05
61827,14.91
242082,14.91
230813,14.91
262338,14.91
162836,15.05
170115,15.48
130501,14.91
229614,13.96
213130,15.48
195579,14.91
82735,14.91
15008,13.96
210569,14.91
248322,14.91
275683,14.91
53107,15.05
244424,14.91
235174,15.48
37208,14.91
163267,14.91
72567,14.91
184653,14.91
76463,15.48
203065,14.91
221240,14.91
147504,15.48
43968,15.48
263147,15.48
152918,14.96
5418,14.91
66424,14.91
16274,14.91
168138,14.91
3520,15.48
66765,14.91
104124,14.91
169277,14.91
20209,14.91
83111,14.91
20439,14.91
231931,14.91
109736,14.91
102796,15.48
262373,14.91
294618,14.91
131895,14.91
159084,14.91
156530,15.48
187596,14.91
294257,14.91
215452,15.48
61082,14.91
157811,15.48
145449,14.91
116687,15.48
118664,15.12
292899,14.91
10191,13.96
234690,15.48
262871,14.91
294839,14.91
158815,14.91
131767,14.91
93908,14.91
238431,14.91
143047,15.48
126334,14.91
161153,15.12
242410,14.91
41663,14.91
13152,14.91
13707,14.91
64363,14.91
221183,15.48
41219,14.91
244789,13.96
203985,14.91
184362,15.05
182165,15.48
104681,13.96
57742,14.91
112029,14.91
279165,14.91
155452,14.91
122929,14.91
496,14.91
30199,14.91
40920,14.98
182669,14.91
275636,15.48
139566,14.91
74832,15.48
270358,14.91
261802,14.91
197578,14.91
51342,14.91
251838,14.91
59652,15.48
230079,14.91
164206,14.91
226209,15.48
228569,15.48
182269,15.48
6139,14.91
2592,14.91
129231,14.91
262205,14.91
48148,14.91
267279,14.91
230433,13.96
151172,14.91
58751,15.48
27673,15.48
152041,15.48
146951,14.91
55939,15.48
97415,14.91
74679,14.91
227136,14.91
156677,15.05
205594,14.91
207688,15.48
182967,13.96
49695,15.48
217546,15.48
238258,14.91
107958,15.48
111618,14.91
183848,15.05
177321,14.91
25760,14.96
279387,14.91
823,14.91
126608,14.91
193144,14.91
86444,15.48
286447,14.91
198075,15.13
153964,14.91
107593,15.13
190299,14.91
125853,14.91
224528,15.48
16477,14.91
112519,15.48
226026,14.91
216034,14.91
186631,14.91
151789,15.48
64238,14.91
106877,15.05
116207,15.48
56626,13.96
164507,14.91
213957,15.48
70846,14.91
260017,15.48
78242,13.96
291045,14.91
76979,14.91
262209,14.91
34141,14.96
143918,14.91
286533,15.48
114633,14.91
212353,14.91
8664,13.96
174629,14.91
230537,13.96
170003,14.91
187711,14.91
283864,14.91
255296,14.91
87689,15.48
35501,14.91
24739,14.91
270129,14.91
99989,15.05
10696,14.91
29113,14.91
80262,15.48
58362,15.48
170046,14.91
77509,15.05
116287,14.96
92317,14.96
298014,14.91
50981,15.48
199507,15.48
97110,14.91
228952,14.91
163031,14.96
278815,14.91
116367,15.48
228346,14.91
258942,14.91
126504,14.91
290259,13.96
101984,14.91
14585,14.91
2854,14.91
180010,14.96
294522,14.91
280071,14.91
234401,13.96
261959,14.91
81473,15.48
169261,15.48
276247,14.91
19263,15.48
124881,14.91
226702,14.91
293646,14.91
275046,14.91
3029,14.91
246448,14.91
193815,15.48
244044,14.91
61044,15.48
113760,14.91
207150,15.48
289710,13.96
216798,14.91
285966,14.91
57696,14.91
95263,14.91
234906,14.91
33054,14.91
19780,14.91
269744,14.91
161283,15.12
149932,14.91
282756,14.91
218692,14.91
106089,15.48
282711,14.98
89043,14.91
214486,14.91
240777,14.91
179253,14.91
291173,14.91
99556,14.91
256420,15.48
227186,14.91
206162,15.13
148855,15.48
8081,15.48
120543,14.91
252103,14.91
251583,14.91
191362,14.91
139283,14.91
296910,15.48
35090,15.48
95946,15.12
186109,14.91
34816,14.91
231881,15.48
292537,15.13
81665,14.91
262145,15.48
297156,14.91
295588,14.91
158716,14.91
294358,14.91
85427,15.48
159104,14.91
68181,14.91
269833,14.91
189562,14.91
281727,14.91
12201,14.91
40918,14.91
273604,14.91
2439,14.91
136567,15.13
284139,14.91
86748,14.75
246118,14.91
150442,14.91
237808,14.91
117933,15.48
43617,14.91
227995,15.12
228041,15.05
11890,14.91
184442,15.48
272947,14.91
236449,13.96
103793,14.91
1273,14.91
85799,14.91
207390,14.91
214474,14.91
209696,14.91
161450,14.98
294603,14.91
272030,14.91
174696,15.48
177579,14.96
227648,15.48
238425,14.91
163612,15.48
132642,14.91
183481,14.91
255590,15.13
266759,15.13
179584,15.48
47899,14.91
148707,14.91
186086,14.96
61106,14.91
156839,15.48
59700,15.48
114446,15.05
38962,14.91
77028,14.91
275586,14.91
216379,15.48
178090,15.48
247489,14.91
273256,15.13
196091,14.91
44731,15.48
46917,13.96
72831,14.91
128696,14.91
235269,15.48
133822,14.91
110254,14.91
295353,13.96
169242,14.91
67493,14.91
64887,14.91
243905,15.48
128224,14.91
223108,15.48
146355,15.13
218180,15.48
108773,15.48
51312,14.91
138829,15.16
141127,13.96
60744,15.48
197132,15.48
137967,14.91
118583,14.91
63974,14.91
109332,14.96
101378,14.91
223707,13.96
147774,14.91
223522,14.91
186193,15.12
165414,14.91
18264,14.91
242551,14.91
146289,14.91
263442,14.91
248606,15.48
43305,14.91
110640,14.91
254684,14.91
34919,14.98
239959,13.96
245292,13.96
199534,15.05
108931,14.91
168084,13.96
486,15.05
289339,14.91
293073,14.91
26665,14.91
218455,15.48
19786,14.91
13101,15.48
285203,14.91
258438,15.48
162470,15.48
67178,15.13
238607,14.91
99111,14.91
17235,14.91
124704,14.91
105460,14.91
268682,14.91
131745,15.48
121425,14.91
172530,14.91
122585,14.91
107095,15.48
36995,15.48
61759,15.48
153053,15.48
244775,15.48
89415,14.91
122624,14.91
94347,14.91
96692,15.13
189685,15.13
269049,15.12
246845,15.48
283282,14.91
167251,14.91
3955,14.91
168269,14.91
85114,15.05
93748,14.91
241434,15.48
244222,14.91
206319,14.91
173340,14.91
112155,14.91
24934,14.91
175370,14.91
115802,15.48
107000,15.48
216496,14.91
294339,14.91
204083,14.91
286973,15.48
167197,14.96
275015,14.91
186891,14.91
784,14.91
280036,15.48
208728,14.91
44153,15.05
159238,14.91
157654,15.48
254864,15.48
63556,13.96
151940,15.48
173039,14.91
72194,14.91
259540,14.91
128857,14.96
149982,14.91
147298,14.91
273884,14.91
44442,14.91
232205,15.48
128647,15.48
12527,15.48
89631,14.91
289725,14.91
224209,15.48
296642,14.96
197749,14.91
268537,14.91
203536,14.91
92697,14.91
164447,14.91
149496,15.48
251166,14.96
69999,14.91
186785,15.13
32317,14.91
205601,14.91
173801,14.91
16631,15.48
148701,14.91
164522,14.91
239774,14.91
228287,14.91
5510,15.48
194056,14.91
111216,15.48
107828,14.91
62375,15.48
181343,15.48
288938,14.91
286634,14.91
155322,14.91
164701,14.91
178863,14.91
16913,14.91
298761,14.91
110321,14.91
277309,15.48
151210,14.91
240039,15.48
227981,14.91
75944,15.48
153465,15.05
281252,15.12
84591,15.48
17484,14.96
153213,15.05
279134,13.96
153061,15.05
142196,14.91
26845,15.48
84755,15.48
247306,14.91
66766,14.91
6812,15.48
99296,14.91
57394,15.48
227934,15.48
236020,14.91
101743,14.91
198820,15.13
112007,14.91
110442,14.91
174817,15.48
20634,14.91
97814,14.91
66114,14.91
147251,14.91
153583,14.91
33769,15.48
163778,15.48
278444,14.91
121062,14.91
186941,14.96
70743,14.91
165191,14.91
238690,14.91
196068,14.91
136548,14.91
128415,15.48
153187,14.91
2195,14.91
212598,14.91
150658,14.91
66718,14.91
123477,14.91
254149,14.91
189444,14.91
131708,14.91
29221,14.91
11499,14.91
24845,14.91
234190,14.91
267051,14.91
257397,14.91
208248,14.91
42546,14.91
280109,15.48
248600,15.48
130515,14.98
38186,14.91
91310,14.91
128199,15.48
235619,14.91
909,14.91
86459,15.48
154614,15.13
182065,14.91
157697,15.48
286212,13.96
16283,14.91
249623,15.48
138336,14.91
26651,14.91
53069,14.98
189971,14.91
149441,14.91
279093,13.96
204100,14.91
162680,13.96
241530,14.91
78865,14.91
57646,14.91
6824,14.91
98741,15.13
1838,14.91
90837,14.91
174806,14.91
88081,14.91
190725,13.96
73906,14.91
147394,14.91
249734,14.91
294725,14.91
297605,14.96
89447,14.91
260419,15.48
288673,14.91
126595,14.91
74757,14.91
128441,14.91
296506,15.48
118264,14.91
218256,14.91
219598,15.48
132542,14.91
144506,15.13
227987,13.96
37547,14.91
543,14.91
79679,14.91
102383,14.91
184360,15.48
242477,14.91
226007,15.48
284524,15.05
96365,15.48
128608,15.48
27950,15.05
165836,14.91
117112,14.91
58369,14.91
280929,15.05
31558,14.91
248094,15.48
147048,14.91
232528,14.91
48761,14.91
96603,14.96
120723,14.91
55487,15.05
123245,14.91
205536,14.91
241539,15.48
154246,15.13
258024,14.91
182036,14.91
74220,14.91
246151,14.91
153613,15.12
66695,15.48
235963,15.48
223066,14.91
13982,14.91
194578,14.91
205074,15.48
219914,15.48
104385,14.91
250552,14.91
23068,15.48
159124,15.48
118499,14.91
140776,14.91
134937,15.48
65521,14.91
265800,14.91
13651,13.96
291057,15.05
203390,14.91
113158,14.91
21624,15.13
275843,14.91
255621,14.91
283786,15.48
242251,14.91
65577,14.91
150551,14.91
208593,14.91
290392,14.91
34174,15.48
152508,15.48
44503,14.91
82977,14.91
172956,14.91
29758,14.91
218749,13.96
116870,15.48
23067,15.48
241319,15.48
251445,14.91
149458,14.91
147965,14.91
158803,14.91
105290,15.48
165299,14.98
268950,15.48
157549,15.05
136721,14.91
27290,15.48
206131,15.05
229463,13.96
154940,14.91
292166,14.91
162973,14.91
74993,15.48
243350,14.91
264266,14.91
169389,14.91
103439,14.91
120974,14.91
240912,14.91
242601,15.13
281229,14.91
179102,15.13
231564,14.91
85082,13.96
201694,13.96
95690,14.91
170885,14.91
117703,14.91
229274,14.91
29511,14.91
200801,15.48
225957,14.91
146022,14.91
204310,14.91
20014,14.91
3137,14.91
193659,14.91
157178,14.91
253745,14.91
70695,14.91
279493,15.48
256563,14.91
277953,14.91
124505,14.91
159784,14.91
51969,14.91
60791,15.48
194193,15.48
140523,14.91
18223,14.91
3130,13.96
255953,15.48
60192,14.91
123322,15.48
90460,14.91
25626,14.91
45060,15.48
254994,14.91
187059,14.91
71581,14.91
291436,14.91
151317,14.91
261353,14.91
63933,14.91
205745,14.91
189732,15.48
259586,14.91
290290,14.91
287024,15.48
33531,15.48
60479,14.91
149268,14.91
26972,14.91
106820,15.48
259075,15.48
217338,14.91
222815,14.91
64520,15.48
267412,15.48
50894,15.48
220653,14.91
119322,14.91
148964,15.48
80559,14.91
194460,14.91
217638,13.96
219408,14.91
41542,14.91
207157,14.91
9653,14.91
112104,15.48
34356,14.91
268188,14.91
173132,15.48
111958,15.12
64963,14.91
241915,15.48
1125,14.91
65050,15.48
9403,15.13
265313,14.91
92757,14.91
47680,13.96
290220,15.48
232669,14.91
192211,14.91
50663,15.48
169657,14.91
291528,14.91
93339,15.48
25865,14.98
147390,14.91
146008,14.91
205723,14.91
235243,15.48
99982,14.96
233109,14.91
136400,15.05
42553,15.05
178776,13.96
55523,14.91
48640,14.91
99828,15.05
136175,15.48
266790,15.13
135509,14.91
283715,14.91
51120,15.12
202185,14.91
175596,15.48
15969,14.91
260476,14.91
106801,14.91
203010,14.91
89826,14.91
187742,15.48
50573,14.91
161674,14.91
17678,15.48
103630,14.91
25135,14.91
3533,15.48
39142,14.91
286678,15.13
89608,14.91
36785,14.91
48796,14.91
90590,15.48
261359,14.91
199890,15.13
98074,15.05
260719,15.48
149404,14.91
33120,14.91
100392,14.91
96832,15.48
208012,14.91
102509,15.48
169434,15.48
67922,14.91
4063,14.91
299372,13.96
188521,15.05
255772,15.48
278952,14.91
68993,15.48
163302,13.96
114144,14.91
290211,14.91
43819,14.91
251910,15.48
286995,14.96
152804,14.91
124833,14.91
89226,14.91
169683,15.48
46840,15.48
212698,14.91
279287,14.91
111755,14.91
16175,14.98
34876,14.91
186618,14.91
100085,14.91
136390,14.91
110989,14.91
180244,15.48
288212,15.48
17391,14.91
4923,15.48
175059,14.91
76595,15.48
261998,14.91
294221,14.91
101848,14.91
14086,14.91
87925,15.48
37074,14.91
134522,14.91
65515,15.48
19800,14.91
22392,15.48
195180,14.91
2185,14.91
77222,15.13
44273,14.91
43218,14.91
105739,15.48
285559,14.91
257915,15.12
157103,14.91
20919,14.91
107155,15.48
144812,14.91
90718,14.91
200197,14.91
53724,14.91
292748,14.91
258735,14.91
275905,14.91
289057,14.91
192657,14.91
81038,14.91
11521,14.91
44486,14.91
257312,14.91
77957,14.96
46188,14.91
166557,14.91
261504,15.48
246016,14.91
118651,14.91
43921,15.48
98931,15.05
242126,14.91
40496,14.91
213357,14.91
153261,15.05
151627,14.91
51654,15.48
81663,14.91
157830,14.91
172170,14.91
137537,15.13
157989,14.91
20741,14.91
63195,14.91
5312,14.91
234805,13.96
34486,14.91
159545,14.91
79445,14.91
166545,14.91
282007,15.48
38803,14.91
275854,15.48
116666,14.91
233235,14.96
166932,14.91
120715,14.91
21846,14.91
282418,14.91
101604,15.48
248451,15.48
118942,13.96
29654,14.91
87896,14.91
191372,14.91
128755,15.13
237893,14.91
253914,14.91
212486,15.05
138031,14.91
178562,14.91
214929,15.48
103966,14.91
155978,15.12
282376,14.91
40579,14.91
240566,14.91
197801,14.91
191976,15.48
193363,15.48
167692,14.91
212534,14.91
239477,14.91
25070,15.48
137759,15.12
136478,14.91
110823,14.91
21268,14.91
228379,15.48
293267,15.48
233581,14.91
13667,14.91
126724,14.91
135112,14.91
271618,14.91
156593,14.91
188539,14.91
178393,14.91
135130,15.48
77131,15.48
38389,14.91
98780,15.48
259469,14.91
213200,14.91
45639,14.91
184489,14.91
142592,14.91
28735,14.91
293196,14.91
194470,14.91
139081,14.91
40358,14.91
86247,15.48
237710,15.48
167121,14.91
287611,15.48
160225,14.91
163759,15.48
193420,15.05
118538,14.91
26910,14.91
161970,14.91
207507,14.91
234054,15.48
107464,14.91
147901,14.91
47508,14.91
184711,14.91
220981,14.91
116155,14.91
224460,14.91
154148,14.91
167921,14.91
299104,15.48
195591,14.91
32347,15.12
182007,14.91
209004,15.48
118683,13.96
78763,14.91
178540,14.91
187584,14.98
155657,14.91
67893,14.91
59009,14.91
23205,14.91
190168,14.91
224918,14.91
102636,14.91
111077,14.91
125993,14.91
220209,14.91
233539,15.48
290154,14.91
222958,14.91
197726,14.91
270771,14.91
93367,14.91
1594,14.91
292402,13.96
263665,15.48
109601,15.48
113861,15.48
232383,14.91
154284,14.91
205833,15.48
105452,15.48
101626,15.13
30252,14.91
112209,15.13
138186,15.48
184129,14.91
124068,15.48
196358,14.91
58120,14.91
54360,14.91
27821,14.91
106722,15.48
41973,14.91
155333,15.48
187258,15.48
213219,15.48
277149,14.91
102279,14.91
243516,14.91
6667,14.91
89054,15.09
224809,14.91
90931,15.48
115405,14.91
248127,14.91
17992,14.91
19324,14.91
119475,14.91
201574,14.91
29719,14.91
101319,15.48
100253,14.91
204237,14.91
101331,14.91
275481,14.91
143792,14.91
6505,14.91
122095,14.91
119336,14.91
95858,14.91
195316,14.91
79225,14.91
246948,13.96
48675,14.98
13607,15.48
24396,14.91
283015,14.91
289767,14.91
152863,15.13
124029,15.48
298785,14.91
180261,14.91
204525,13.96
92302,14.91
52302,14.91
23601,15.48
292014,14.91
270346,14.91
238361,14.91
200972,14.91
285331,15.05
120718,14.91
11091,15.48
187351,14.91
98529,14.91
108530,15.13
187958,14.91
206957,13.96
289928,14.91
214742,14.91
59157,15.05
4035,14.91
28969,14.91
261822,14.91
265583,14.91
218046,14.91
161197,15.48
54404,13.96
122470,14.91
59162,14.91
183491,15.48
71760,15.13
182020,14.91
271534,14.91
27129,14.91
34696,15.48
192748,14.91
33847,14.91
8310,14.91
35674,14.91
207476,14.91
296605,15.05
13512,14.91
67556,14.91
284828,15.05
126288,14.96
152148,15.48
79885,14.91
221941,14.91
76509,14.91
267179,15.13
244310,14.91
162089,14.91
139375,15.48
140579,14.91
283131,14.91
284453,15.05
282616,15.05
279981,14.98
60251,14.96
258767,14.91
24675,14.91
246272,14.91
36992,14.91
41267,14.91
55789,14.91
156195,14.91
204435,14.91
292049,13.96
140176,15.48
161718,15.48
178808,15.12
289428,14.91
67097,14.91
251944,14.91
264187,14.91
279672,13.96
100268,15.48
248767,15.48
199979,15.48
295379,15.13
99812,15.48
197055,14.91
158677,15.48
24931,14.91
7397,14.91
113640,14.91
86877,14.91
154634,15.05
148457,14.91
288992,13.96
25847,14.91
37206,13.96
248308,14.91
84035,13.96
125252,14.91
131690,14.91
249765,14.91
224175,15.48
12271,14.91
146304,15.48
177888,15.48
196378,14.91
39570,14.91
4971,14.91
45787,14.91
115685,14.91
195262,14.91
230459,15.48
278055,14.91
154196,14.91
211328,15.05
128457,15.48
4495,14.91
236209,13.96
199148,15.48
114800,15.48
208229,13.96
236300,14.91
2437,14.91
165813,15.12
4305,14.91
155447,14.91
119252,15.48
182703,14.91
245793,15.48
169832,14.91
24813,14.91
200210,14.91
91480,14.91
134491,15.48
263458,15.48
24862,14.91
71019,15.48
37334,14.91
41938,14.91
198710,14.91
72584,14.91
164153,15.48
38797,14.91
4558,14.91
44499,15.48
42654,14.91
218215,14.91
163265,14.91
280505,14.91
224229,14.91
25148,14.91
92925,14.91
17680,14.91
66892,14.83
119848,15.05
263500,15.48
283157,14.91
293168,14.91
120699,15.48
64909,14.91
187168,14.91
176811,14.91
183893,15.48
7548,15.48
109595,14.91
191661,14.91
118914,13.96
249540,15.13
218583,15.48
204388,13.96
55923,14.91
292589,14.91
197548,14.91
299099,14.91
53686,14.91
21165,14.91
281710,15.48
46004,14.91
171640,14.91
80197,14.91
295755,13.96
5764,14.91
184284,15.13
136542,14.91
3980,14.91
126281,15.48
296233,15.48
203540,15.13
272575,14.91
213457,15.48
181016,15.12
277697,15.48
79196,14.96
199244,15.48
157231,14.91
208457,14.91
281587,14.91
247341,13.96
10213,15.48
129246,14.91
125108,14.91
263366,14.91
170497,14.91
148170,15.48
297007,14.91
48152,14.91
244122,15.05
267995,15.48
278682,14.91
69907,14.91
166300,15.48
212183,14.91
105201,13.96
132285,13.96
133357,15.48
281816,15.05
44149,15.48
9247,14.91
266284,14.91
95097,14.91
34709,15.48
288470,15.48
133626,14.91
100655,15.48
230258,15.48
276920,14.91
108321,14.91
22176,14.91
87664,15.13
258192,14.91
139758,14.91
162951,14.98
293713,15.48
243934,14.91
53002,15.48
22763,14.91
269085,14.91
46560,14.91
69707,15.48
35351,14.91
56726,14.91
4513,14.91
202760,14.91
293962,14.91
61587,14.91
86964,14.91
134747,14.91
165824,14.91
58633,15.05
194234,14.91
6340,13.96
127941,15.48
25264,14.91
199308,14.91
2465,14.91
279545,14.68
85695,14.91
92018,15.48
191682,14.91
48144,14.91
135649,15.48
215249,14.91
138957,15.48
173890,14.91
30680,14.91
176694,13.96
244144,15.13
98183,14.91
93874,15.48
32778,13.96
45970,14.91
14010,15.48
59963,14.91
110624,14.91
18000,14.91
257094,14.91
254001,14.96
225173,14.91
203302,14.91
163456,14.91
119778,15.48
121847,14.91
194224,14.91
138461,14.96
229601,14.91
82053,14.91
82323,15.48
76267,14.91
118876,13.96
4990,15.13
250958,14.91
168709,15.05
226910,14.91
170589,15.48
232370,14.91
97317,15.48
147006,14.91
51357,14.91
57513,14.91
84213,15.48
248428,15.48
32817,13.96
76456,15.48
146590,14.91
133947,15.48
286071,13.96
281810,14.91
5190,14.91
106797,14.91
45578,13.96
264081,14.91
82402,15.48
61542,13.96
150720,14.91
136041,14.96
82873,15.48
143762,14.91
217428,15.48
279018,14.91
183763,15.48
237457,14.91
81908,14.91
152207,15.48
21761,14.91
213188,14.91
53627,14.91
98909,14.91
68807,15.48
155169,15.05
18037,14.91
6838,14.91
37617,14.91
251437,14.91
43247,15.05
209635,14.91
131111,14.91
229803,14.91
208752,15.48
158839,14.91
188291,15.48
137179,14.91
101073,15.48
189766,14.91
107932,14.91
17365,14.91
237886,14.91
287280,14.91
119833,14.91
266500,15.48
218416,14.91
275579,15.48
57351,14.91
291227,14.91
201520,14.83
296823,13.96
137271,15.48
197641,15.48
33279,14.91
221401,15.48
5138,14.91
38584,14.91
19766,15.48
148949,14.91
103345,14.91
262404,14.91
264701,14.96
111539,15.48
247944,15.48
121561,14.91
16731,15.48
261107,15.48
254234,14.96
13953,14.91
110089,14.91
279090,13.96
152322,15.48
125667,14.91
138879,14.96
288659,15.48
276401,15.05
187005,14.91
293424,14.91
207816,14.91
156849,13.96
225466,15.13
176635,14.91
172475,14.91
92253,14.91
87618,15.05
168783,14.91
230486,14.91
68152,14.91
36721,14.91
23398,14.91
176772,14.91
64177,14.91
66338,14.91
50125,14.91
194656,14.91
8466,14.91
138660,14.91
65320,14.91
88995,14.98
285811,14.91
146402,14.91
115757,14.91
33034,14.91
218387,14.91
279357,14.91
295411,14.91
254120,13.96
78193,14.91
229747,14.91
286601,14.98
14938,14.91
68837,14.91
52350,15.48
66679,14.91
199141,14.91
71149,15.48
120505,14.91
133259,14.91
132003,14.91
124348,14.91
150425,14.91
60305,14.91
248347,14.91
51431,14.91
252347,14.98
146822,14.91
238583,13.96
88331,15.48
279446,14.98
293107,14.91
147576,14.83
177099,13.96
154338,15.05
40508,15.05
175411,15.05
139446,14.91
270535,15.48
22012,14.91
297164,14.91
80746,14.91
186038,14.91
13203,14.91
129310,15.48
26693,14.91
187849,14.91
120590,14.91
2939,14.91
110725,15.48
256206,14.91
59281,15.48
129732,14.91
8393,14.91
36633,14.91
117553,14.91
108080,14.96
227048,15.48
265563,15.48
140802,15.48
242005,14.91
292321,15.48
179027,14.91
128985,15.48
1204,14.91
24988,14.91
48785,14.91
245662,15.48
251849,15.05
243163,14.91
225887,14.91
270624,15.13
7194,15.48
50786,14.91
216015,14.91
298647,14.91
148723,14.91
261558,14.91
7201,14.98
157585,14.91
202176,14.91
145746,14.91
202373,14.91
150171,14.91
292841,14.91
251674,14.91
167881,14.91
84230,15.05
153855,15.13
101638,14.91
67371,14.91
146703,14.91
266988,14.91
274317,14.91
74426,15.48
193252,14.91
84955,14.91
107188,14.91
181904,14.91
97199,15.48
152496,15.48
260636,14.91
144840,14.91
21287,13.96
250227,15.05
7396,14.91
7760,14.91
202588,15.48
139191,14.91
36682,15.48
100821,13.96
297974,14.91
131506,14.91
178788,14.91
30010,15.48
24876,15.48
139510,14.91
203267,14.91
261734,14.91
145514,14.91
247841,14.91
238116,14.91
160917,14.91
102539,14.91
224055,14.91
37814,14.91
210609,14.91
136124,13.96
295492,14.91
233927,14.91
233431,14.68
78418,14.91
12821,14.91
255282,14.91
106113,14.91
169874,15.48
84182,14.91
250903,14.91
227195,14.91
179844,14.91
8224,14.91
185087,15.48
118653,14.91
130446,14.91
29041,14.91
2687,14.91
77077,15.13
175190,14.91
145936,14.91
25412,14.91
219965,14.91
80524,14.91
21256,14.91
165304,14.91
183297,15.48
239132,14.91
132440,14.91
172719,14.91
178304,14.91
197255,14.91
119930,14.91
66630,14.91
5465,15.48
21206,14.91
103681,15.48
189980,14.91
79723,14.91
296262,13.96
297253,14.91
290676,15.48
112130,14.91
114444,15.05
125837,15.48
89397,13.96
157598,15.48
235768,14.91
64804,14.98
246626,14.91
118761,15.48
255432,14.91
166099,14.91
48628,14.91
268194,14.91
11617,14.91
215560,14.91
98452,14.91
186127,14.91
107594,14.91
233430,14.91
53739,14.91
61724,14.91
190382,14.91
245298,14.91
134100,14.91
61519,14.91
156242,15.13
161999,14.91
286012,14.98
25839,14.91
218627,14.91
58295,14.91
155670,14.98
3568,14.91
47916,14.91
137737,14.91
198721,15.48
189755,15.12
196663,14.91
240088,14.91
29507,14.91
259471,14.91
272984,14.91
46449,15.48
143754,14.91
227587,13.96
126960,14.91
289350,14.91
514,14.91
217979,15.48
243361,14.91
71609,14.91
171977,14.91
13648,15.48
117855,14.91
232340,15.48
58174,15.13
90526,14.91
208274,14.91
137215,14.91
105324,14.91
56976,14.91
196921,14.91
166118,15.48
126828,14.91
50741,14.91
78790,15.48
235878,14.91
75313,15.05
271614,14.91
72844,14.91
83422,14.91
156336,13.96
46550,14.91
251526,15.48
71401,13.96
196848,15.48
220316,15.48
208404,15.12
68310,14.91
15247,14.91
65072,14.91
50186,14.91
162574,14.91
63214,14.91
189669,14.91
250346,15.13
213098,15.48
215008,14.91
30559,14.91
232488,14.91
268658,14.91
106497,15.48
83295,14.91
293363,14.91
133148,14.91
84716,14.91
240149,14.91
244781,14.91
46891,15.16
253235,13.96
270677,15.05
40884,14.91
209728,14.91
236549,14.91
9531,15.12
167894,15.48
149013,14.91
147259,14.91
65069,15.48
295502,15.48
258748,15.13
146266,14.91
246194,14.91
11466,13.96
139069,14.91
195169,14.91
246692,14.96
99549,14.91
177481,14.91
297738,15.48
168919,14.91
272848,15.13
201345,15.48
232560,14.91
28242,14.91
211432,14.91
206791,14.91
256962,15.05
235091,15.48
292467,15.48
109665,14.91
169923,14.91
293645,15.48
139092,15.48
48941,14.91
96395,15.48
37965,14.91
232929,14.91
85581,15.48
206904,15.48
253378,13.96
220819,14.91
85014,15.12
49723,15.05
197655,14.91
261700,14.91
238196,15.48
107215,14.91
290463,14.91
87382,14.91
47537,14.91
253636,14.91
168190,14.91
236749,15.48
95244,15.48
123647,14.91
4060,15.48
101241,15.48
243834,14.91
187067,14.91
138103,14.91
38042,14.91
105041,14.91
117011,14.91
62514,15.48
188303,15.48
287245,14.91
257284,14.91
269597,15.48
231834,14.91
112544,14.91
36019,14.91
182769,14.91
276572,15.48
99191,15.48
91206,14.96
90843,15.48
233457,14.91
273391,14.91
44118,14.91
262769,14.91
32151,15.48
255571,14.91
79201,14.91
126520,14.91
76454,14.98
281948,15.48
69240,14.91
283510,15.48
120418,15.13
93152,14.91
271929,15.48
29521,15.48
29242,14.91
45676,14.91
157860,14.91
290137,14.91
61341,14.91
161955,14.91
32670,15.13
13114,15.48
262451,14.91
173297,14.91
295668,13.96
121974,14.91
20153,14.91
173647,15.48
295853,14.91
104340,14.91
29020,14.91
222074,14.91
270303,13.96
171903,15.48
45152,15.48
275945,14.91
289727,13.96
293283,14.91
123771,14.91
4478,14.91
257709,14.91
110550,14.91
80135,14.91
258049,15.48
82988,14.91
290336,14.91
127735,14.91
120824,15.48
121622,14.91
176292,14.91
188507,14.91
70204,15.13
234332,15.48
290197,15.48
189251,14.91
104905,15.13
103720,14.91
133110,14.96
275010,14.91
143123,15.48
114425,14.91
60329,15.48
251637,14.91
111110,14.91
76380,15.48
138467,14.75
71968,14.91
43922,15.48
218107,14.91
64946,14.91
270768,14.91
213543,15.48
284403,15.48
240367,15.48
171702,14.91
129587,14.91
188000,15.48
218656,14.91
107542,14.91
264466,14.91
4965,14.91
149439,14.91
129493,14.91
298172,15.48
34835,14.91
263671,14.91
99644,14.91
272398,13.96
94216,15.48
169495,15.48
104114,15.48
145066,14.91
287499,15.48
151235,14.91
244559,14.91
63883,14.91
44019,14.91
33358,13.96
151258,14.91
2074,14.91
253970,14.98
38347,14.91
228611,15.48
240443,15.48
130234,15.05
25584,15.48
26818,14.91
159853,14.91
38244,14.91
109226,14.91
23717,14.91
140943,15.48
162442,15.13
120107,14.91
113456,15.05
299283,14.91
51591,14.91
109758,15.48
108867,14.91
84344,15.48
243048,14.91
98336,14.91
133363,14.91
274288,14.91
194843,15.12
68280,14.91
262033,15.48
292978,14.91
256916,15.48
24746,15.48
141322,14.91
165147,13.96
16449,14.91
281655,14.91
206728,13.96
66835,14.91
34669,15.48
279239,14.91
74305,14.91
163792,14.91
181955,14.91
298174,15.48
92561,14.91
36840,15.13
131474,15.48
221550,14.91
73733,14.91
214049,14.91
274811,14.91
5943,14.91
239422,15.48
74711,14.91
214019,14.91
61703,14.91
32788,14.91
108486,14.91
89245,14.91
187873,14.91
102233,15.48
23990,14.91
283150,14.91
235213,15.48
27409,14.91
146129,14.91
134093,14.91
14672,14.91
20480,14.91
251955,14.91
200047,14.91
24998,14.91
128115,15.13
241081,15.48
24240,14.91
169220,15.48
127033,15.13
135817,14.91
121309,14.91
234910,14.91
83607,15.48
122276,14.91
172854,14.91
217177,13.96
83124,15.48
68205,14.91
115237,14.91
270928,14.91
106696,15.48
219582,14.91
86866,14.91
298310,14.91
239114,14.91
39302,14.91
227718,15.48
169427,14.91
289033,15.48
256711,15.48
75083,14.91
75397,14.91
123825,15.48
43699,14.91
208495,14.91
92320,14.91
212919,15.48
298137,15.05
226223,14.91
87339,14.98
65399,14.91
193737,14.91
240483,14.91
31916,14.91
74324,14.91
199420,14.91
255080,15.12
15130,14.91
11306,14.91
138947,15.48
69229,14.91
49551,14.91
236207,13.96
62395,14.91
173278,14.91
57423,14.91
190625,14.91
89773,14.91
90207,14.91
267307,15.48
183489,14.96
96638,14.91
153464,14.91
234008,14.91
181043,14.91
107999,14.96
171243,14.91
128190,14.91
218044,15.48
109025,14.91
1852,14.91
136608,14.91
275745,15.05
73380,15.13
277050,15.05
235402,15.48
292509,14.91
3108,15.13
232105,14.91
91015,15.13
273272,15.48
281340,14.91
174559,15.48
82403,14.91
276534,15.48
112126,15.48
212212,15.48
286396,14.96
135844,14.91
45328,15.05
204211,14.91
2093,14.91
220881,14.91
11365,14.91
47022,14.91
205218,14.91
128617,15.48
182157,14.91
238844,14.91
74359,14.91
87940,14.91
1093,14.91
29463,14.91
3581,14.91
93931,15.48
275581,15.13
291445,14.91
135732,14.91
79581,14.91
87849,15.48
161697,15.48
269439,14.91
109423,14.91
88530,14.91
177361,14.98
273928,14.91
269015,14.91
289079,14.91
121038,15.48
270299,15.05
20469,15.48
157473,15.13
36090,15.48
174539,15.48
251868,13.96
228380,15.48
231779,14.91
33391,14.91
25819,15.05
94818,14.91
36967,14.91
265585,15.48
168608,14.91
118807,15.48
95405,15.48
173440,15.48
223574,14.91
249260,14.91
277624,15.05
148720,14.91
140760,15.48
238409,14.91
216665,15.48
24856,14.91
55502,15.48
232938,14.91
136895,14.91
50660,14.91
3482,15.48
20310,14.91
298443,14.96
220741,15.48
166958,14.91
84519,15.48
250593,15.48
245725,14.91
183958,15.48
232020,14.91
183774,14.91
178040,15.05
41128,14.91
255847,15.48
58821,15.13
294074,14.91
225219,13.96
40611,15.48
226207,14.91
160556,15.05
260852,14.91
212154,15.48
60184,15.05
16895,14.91
189200,15.05
281824,15.48
275148,14.91
28660,15.48
120879,14.91
99240,14.91
167745,15.48
123104,13.96
17092,14.91
267180,14.91
235663,14.98
178178,14.91
194889,15.13
129858,15.48
194872,15.05
268513,14.91
214005,14.91
203423,15.13
243367,14.91
228065,14.91
131903,14.91
66868,14.91
258035,14.91
18600,14.91
138037,15.48
206603,13.96
164536,14.91
260200,15.48
49923,15.16
71036,14.91
123221,14.91
42942,14.91
87353,14.91
120990,14.91
58134,14.91
262116,14.91
19855,15.48
104274,14.91
284843,14.91
270661,14.91
147484,14.96
71496,14.91
84333,14.91
162994,15.48
43808,14.91
170579,15.48
282950,14.91
27888,14.91
153342,14.91
62062,14.91
202753,14.91
171875,14.91
145026,14.91
54006,14.91
80907,15.48
193076,14.91
23008,14.91
207684,15.48
166535,14.91
36456,14.91
53775,14.91
163620,14.91
51851,15.48
17288,14.91
95647,14.91
245013,14.91
281311,15.48
274589,14.91
284372,14.91
97893,15.48
83396,15.48
203132,14.91
188239,14.96
211119,14.91
140968,15.48
7890,14.91
22109,14.91
73034,15.48
74054,14.96
121371,15.12
49367,15.05
45251,15.48
279775,14.91
294209,15.48
281793,15.48
85031,14.91
64874,15.48
21741,15.48
118355,14.91
153862,14.91
112030,14.91
297181,14.91
54843,14.91
24611,14.91
43609,15.48
187657,14.91
14136,14.91
199229,15.48
276803,15.48
255995,14.91
157898,15.05
211633,14.91
193437,14.91
102308,14.91
67548,15.48
151053,14.91
23666,14.91
274321,14.91
69823,14.91
137425,15.13
114676,15.48
239199,15.48
268690,14.98
193361,15.48
290310,14.91
211018,14.91
157683,14.91
264174,14.91
246176,15.48
14042,15.48
260413,14.91
209557,14.91
256456,15.13
211896,14.91
237589,14.91
72601,14.91
238619,15.48
268415,15.48
183497,13.96
95200,14.91
175805,14.91
210372,14.91
833,14.91
266673,14.91
276457,14.91
275458,15.05
23932,13.96
278691,14.91
176767,14.91
8518,15.48
228973,14.91
122430,14.91
76576,15.48
156404,14.91
226888,15.48
69117,15.48
31800,14.91
193095,14.91
92224,14.91
204760,14.91
167980,14.91
50478,14.91
25512,14.91
210051,15.48
191122,14.91
162061,14.91
216064,14.91
217038,15.48
49876,14.91
93556,13.96
121391,14.91
275784,14.91
11406,13.96
165380,14.91
214291,15.48
185166,14.91
136546,14.91
149766,14.91
213232,14.91
236391,14.91
232403,14.91
16857,14.91
58883,14.91
22900,14.91
3652,15.48
231600,14.91
57714,14.91
123435,15.48
211619,14.91
219140,14.91
217678,14.91
25295,13.96
135050,13.96
33253,14.98
162524,14.91
62835,14.91
165564,14.91
230482,14.91
125733,13.96
114286,14.91
66449,14.91
245347,14.91
282637,14.91
216324,14.91
189349,13.96
117214,14.91
211181,14.91
260362,14.91
150082,14.91
194200,14.91
164384,14.91
200009,14.91
29052,14.91
267069,14.91
241975,14.91
2968,14.91
85108,15.05
176,15.48
270569,14.91
20591,14.91
112041,14.91
169507,14.91
267249,15.05
103060,15.48
72478,14.91
202555,14.91
294086,14.91
117380,14.91
252521,14.91
83027,14.91
143799,14.91
286681,14.91
258888,15.48
76535,14.91
228511,14.91
75662,14.91
228430,13.96
268013,14.91
167609,13.96
244094,15.48
52587,15.48
164118,14.91
53489,14.91
31412,14.91
270251,15.05
267987,14.91
278992,14.91
20356,14.91
174152,14.91
269620,15.48
125144,14.91
294693,13.96
223380,14.91
275417,14.83
180085,14.96
59276,15.48
147239,14.91
112239,14.68
295313,14.91
191770,13.96
23881,15.48
208212,14.91
91611,15.13
77422,15.13
79514,14.91
30698,15.48
60073,14.91
38049,14.91
39452,14.91
133492,14.91
101229,14.91
292952,15.05
148039,14.91
261922,14.91
274369,14.91
197215,14.91
121051,15.48
76066,14.91
35762,14.91
269891,13.96
164047,15.13
277406,15.48
113752,14.91
105981,14.91
122837,14.91
288954,14.91
11747,15.48
132661,15.48
221077,15.48
116396,14.91
118402,15.48
173867,14.96
205747,14.91
1935,14.91
239770,15.48
97745,14.91
159704,15.48
154453,15.48
65903,14.91
183300,15.48
221137,14.91
272068,15.48
136340,15.05
274832,15.13
235495,15.48
230084,13.96
68169,15.48
201723,15.05
259144,14.91
3083,15.05
83680,15.13
166049,14.91
165099,14.98
146160,14.91
7663,14.91
84861,13.96
255,14.91
37115,14.91
177079,14.91
258913,14.91
90607,14.91
292783,14.91
102651,14.91
283069,14.91
267209,14.91
103258,15.48
243629,14.91
3090,15.13
17582,14.91
212479,14.91
266231,14.91
39840,13.96
36466,14.91
92932,14.91
46542,14.91
38976,14.91
38231,14.91
132013,14.91
62054,15.48
164089,14.91
274414,14.91
200543,14.91
148509,14.91
10528,15.48
223201,15.48
75878,15.48
15242,15.48
132751,14.91
14621,14.91
58030,14.91
4975,14.91
75183,14.91
132187,14.91
165139,14.91
92157,14.91
252951,14.91
15746,14.91
55840,15.48
84246,14.91
48428,14.91
5615,14.91
246869,14.91
285348,14.91
233648,15.48
63062,14.91
215719,14.91
44700,15.48
29461,14.91
5386,15.48
202863,14.91
248810,14.91
194376,14.91
168811,14.91
130781,14.91
14353,13.96
140303,14.91
291869,14.91
168905,15.48
162192,15.12
281965,14.91
51611,14.91
159117,14.91
249976,14.91
64439,15.48
164103,14.91
282374,14.91
210450,14.91
100967,15.48
270046,15.05
71274,14.91
90438,14.91
22889,15.13
272954,14.96
258536,15.48
113772,15.48
10454,14.91
20427,15.13
39105,14.91
109080,15.48
276870,14.83
253921,14.91
116354,14.91
158221,14.96
101048,14.91
122801,14.91
78347,14.91
94740,14.91
163221,14.91
103982,15.48
258095,14.91
266086,14.91
37002,14.91
244855,14.91
70472,13.96
276630,15.48
286922,14.91
2248,14.91
208484,14.91
72578,14.91
46190,14.96
223197,15.48
268197,14.91
170416,15.48
130009,14.91
127075,14.91
31780,13.96
17102,15.48
39442,14.91
125595,14.91
211341,14.91
125346,14.91
250082,15.48
208533,14.91
284674,14.91
239366,13.96
137290,15.48
65222,15.48
134586,14.91
207693,15.48
268154,15.48
168086,14.91
57,14.91
69490,14.91
113873,14.91
292828,14.91
74022,15.48
221818,14.91
235767,15.48
113270,14.91
278467,14.91
265139,14.91
6477,15.48
277272,14.91
151875,14.91
239177,15.48
62180,14.91
186034,15.13
245819,14.91
267355,15.48
33905,14.91
35940,14.91
97301,14.91
167049,15.13
62760,14.83
287059,14.91
161226,15.48
116844,14.91
132560,14.91
135730,14.91
26163,15.48
196944,14.96
113869,15.48
84161,14.91
139331,14.91
14166,13.96
287811,14.91
205017,13.96
278967,14.91
154642,14.91
140789,14.96
614,14.91
216948,15.48
160165,15.05
214907,14.91
275189,14.91
165978,14.91
206156,14.91
264036,14.91
284039,14.91
197016,14.91
210917,14.91
186285,14.91
224306,15.48
206158,14.91
16056,15.05
232603,13.96
274761,14.91
198863,15.48
190815,14.98
13866,15.48
224391,15.48
8996,14.91
209215,13.96
17568,15.48
162077,15.05
164289,14.91
30083,15.48
290586,15.48
88361,15.48
236396,15.48
166366,14.91
175391,15.48
161210,15.48
214795,14.91
100476,14.91
78828,15.48
263828,14.91
142306,14.91
199687,15.48
260516,15.48
293706,14.91
285686,14.91
117499,15.48
173050,14.91
215324,15.48
251634,14.91
233925,14.91
27709,14.91
73900,14.91
138622,13.96
24440,14.91
61350,14.91
276983,14.91
262196,14.91
169300,14.91
29348,14.91
275217,14.91
48735,14.91
99843,14.91
212594,14.91
184157,14.91
231150,14.91
183160,15.48
136956,15.48
25137,14.91
53846,14.91
92375,14.91
23617,14.91
189330,14.91
165731,14.91
105534,15.48
279704,14.91
188201,14.91
129676,15.05
192293,15.05
264233,14.91
212233,14.91
291522,15.48
15415,14.91
218430,14.91
298202,15.48
206718,14.91
200005,14.91
22225,14.91
176195,14.91
201571,14.91
41652,15.12
195146,14.91
7738,14.91
188964,15.48
104364,14.91
225535,14.91
149625,14.91
16751,14.91
200481,15.48
200627,15.48
246090,14.91
176967,14.91
276265,14.91
112895,14.91
249767,14.91
252003,14.91
104971,14.91
113706,13.96
250566,14.91
59937,15.48
73517,14.91
95771,15.05
226848,14.91
11940,14.91
242882,13.96
193159,14.91
82044,14.91
245696,14.91
35019,15.48
159672,14.91
251539,15.12
188997,14.91
218593,15.12
118494,15.48
113547,14.91
55973,14.91
256541,14.91
87682,15.48
183941,15.48
146155,14.91
2339,14.91
51872,14.91
260929,15.48
62380,15.48
177076,14.91
105484,14.91
214548,15.48
194978,14.91
276251,15.13
104848,14.91
230076,13.96
238266,14.91
46743,14.91
33949,15.48
257532,14.91
293627,14.91
232616,15.13
280704,15.48
58980,14.91
240121,14.91
104422,14.91
126884,14.91
283271,15.05
138996,15.48
167550,15.05
51405,14.91
265797,15.48
138398,15.13
73573,14.91
85055,15.13
280067,15.48
137431,15.13
91429,14.91
154034,14.91
116727,14.91
182200,14.96
202913,14.91
41075,14.91
272372,13.96
132420,15.12
210079,14.91
294989,14.91
274057,14.91
33113,14.91
172578,14.91
197088,15.48
7500,15.12
198324,15.48
63998,15.48
279777,15.48
178413,15.48
71992,15.48
75495,14.91
199164,14.91
37765,14.91
62465,14.91
192640,14.91
262450,14.91
120815,14.91
169004,14.91
80525,14.91
156341,14.91
95617,14.91
41550,14.91
230458,14.91
98779,15.48
123712,13.96
17544,14.91
55961,15.48
260969,14.91
202180,14.91
229779,15.13
274381,14.91
286656,13.96
44201,15.13
111861,14.91
218418,14.91
294520,15.48
183169,14.91
189670,14.91
250436,14.91
229492,15.48
182872,14.91
86360,14.96
183542,14.91
202559,14.91
275362,15.48
173207,14.91
196620,14.91
46224,14.91
68437,14.91
80666,14.91
159945,14.91
237582,14.91
242662,14.91
137975,14.91
280023,15.48
61714,15.48
66301,13.96
158488,14.91
250577,15.48
339,15.05
219900,14.91
101932,15.48
230033,14.91
179146,13.96
88453,15.48
232080,14.96
236380,14.91
36298,14.91
100042,14.91
33802,14.91
126456,15.48
269642,14.91
136069,15.05
123333,14.91
88695,15.48
276451,15.48
89915,15.48
211863,14.91
10896,15.12
107117,13.96
77618,14.91
236618,15.05
74304,14.91
52501,14.91
283617,14.91
271911,15.13
35288,15.48
256429,15.48
184753,14.91
68944,14.91
95915,14.91
221687,15.12
210478,14.91
48424,14.91
177409,14.91
78420,14.91
176264,14.96
82513,15.48
227407,14.91
132121,14.91
74415,14.91
114129,15.05
293366,15.13
48856,14.91
241464,14.91
43062,14.91
119282,15.48
52260,14.91
242377,15.48
9119,14.91
169677,14.96
173513,15.48
93989,15.48
77791,15.13
210666,15.48
207164,15.48
135493,14.91
237557,14.91
55917,15.48
92217,14.91
229377,14.91
234973,14.91
129461,14.91
209523,14.91
255164,15.48
157810,15.13
253491,15.48
51579,14.91
49640,15.13
104108,15.48
91441,14.91
60315,14.91
230268,14.91
45131,15.13
185230,14.91
199781,15.48
243743,15.48
247450,14.91
147073,14.91
220960,14.91
139412,14.91
269555,13.96
263478,14.91
46237,14.91
28487,15.48
223318,14.91
35335,15.48
76852,13.96
195615,13.96
19785,14.91
155422,13.96
37497,14.75
196310,14.91
56179,14.91
264761,15.48
33183,14.91
166210,15.48
266697,14.91
162006,15.05
274980,15.48
23245,14.91
253531,15.48
42589,14.91
31370,14.91
142522,14.91
139767,15.48
133779,14.91
130212,15.05
84574,14.91
44340,15.05
77811,14.96
259565,14.91
72190,14.91
162262,14.91
165587,14.91
287437,15.12
178423,14.91
271403,14.91
148677,14.91
292698,15.16
245902,14.91
229253,14.91
258026,14.91
217108,14.91
3736,14.91
25647,14.91
140871,14.96
34899,13.96
294862,14.91
201844,14.91
168552,14.91
1584,14.91
105443,14.91
29,14.91
87390,14.91
237828,13.96
255859,14.91
277469,14.91
78072,14.91
291650,14.91
209018,14.91
136893,15.48
130694,15.48
242453,14.91
156879,14.91
165569,14.91
240030,15.48
194384,14.91
22442,14.91
237018,14.91
31479,14.91
69421,15.48
252493,14.91
279229,14.91
85273,14.91
82316,15.05
199653,15.48
86791,14.91
149618,14.91
111608,14.91
60465,14.91
162896,14.91
54756,14.91
235169,15.48
209144,15.48
279740,15.48
165601,14.91
110683,15.48
250065,14.91
294628,14.91
170445,14.91
141217,14.91
277717,14.91
261777,14.91
139498,15.48
275613,15.48
59647,14.91
242166,14.91
45718,14.91
47816,14.98
67254,14.91
151668,15.05
58708,14.91
69920,14.91
286290,15.05
31270,15.48
270625,14.91
85450,14.91
180560,14.91
281855,15.48
145990,14.91
290820,15.48
265958,14.91
16972,14.91
147689,14.91
236919,14.91
212118,14.91
244194,14.91
127745,14.91
171,15.48
234747,14.91
221193,14.91
59250,14.91
227346,14.91
8586,14.91
115459,14.91
165552,14.91
260400,14.91
146994,14.91
21896,14.91
230892,13.96
33182,14.91
230034,15.48
254046,15.05
179907,14.91
159398,14.91
152811,13.96
247424,14.75
18412,14.91
64533,15.13
155788,15.05
3176,15.48
290042,13.96
264960,15.48
210421,15.13
280633,13.96
197920,15.48
164529,14.98
186517,14.96
56034,14.91
19945,14.91
160537,14.91
210957,14.91
252829,14.91
210814,14.91
50860,14.91
112768,13.96
233071,14.91
212158,14.91
237433,15.48
58228,15.48
217334,14.91
283218,14.91
160561,14.91
15058,15.13
33074,14.91
124427,15.48
54055,15.48
151402,14.91
98198,14.91
121518,14.91
152495,15.48
38570,14.91
233869,15.13
196456,14.91
211683,14.91
48357,14.91
77027,15.48
16458,14.91
126065,13.96
152938,15.48
243223,15.48
115168,13.96
94487,15.05
213466,15.48
43733,14.91
75516,15.48
32694,14.91
145717,14.91
80555,14.91
11445,14.91
233276,13.96
148100,15.48
141833,14.91
97809,14.91
57790,14.91
188892,15.13
199638,14.91
232691,14.91
4760,14.91
130019,14.91
79530,15.05
177837,14.91
28383,14.91
77200,14.96
109921,14.91
274340,14.91
189288,14.91
289213,14.91
160419,14.91
20298,14.91
57148,14.91
172304,14.91
107295,15.48
55122,15.48
221825,15.48
10342,14.91
2581,14.91
282202,14.91
116523,14.91
295646,14.91
296128,13.96
38268,14.91
189064,14.91
147934,14.91
7015,15.48
118658,14.91
92173,14.91
57967,15.48
103607,14.91
187981,14.91
78344,14.91
205567,14.91
276545,15.05
37341,14.91
25936,15.48
229487,14.91
131482,14.91
227001,15.48
189122,14.91
73886,14.91
256292,14.91
87335,15.48
269468,14.91
96000,14.91
259528,14.91
173940,14.91
159081,15.48
212514,15.12
60396,14.96
157432,15.48
184761,15.48
258209,14.91
63310,15.12
43898,15.48
292241,14.91
278709,15.48
58137,14.91
258363,14.91
296482,14.91
227302,14.91
285372,14.91
215556,14.91
200207,14.91
45666,15.13
128739,14.91
154790,14.91
240855,14.91
82386,15.48
101007,14.91
164638,15.48
85456,14.91
25535,14.91
4419,15.12
242246,14.91
279088,13.96
190180,14.91
170536,15.48
147778,14.91
141102,14.91
245342,14.91
60372,14.91
43490,13.96
107163,14.91
228585,15.48
165998,14.91
66816,14.91
210953,13.96
66580,14.91
119938,14.91
126869,15.13
11347,14.91
265603,13.96
176821,14.91
280163,13.96
281740,14.91
230627,14.91
221377,14.91
212362,14.91
37556,14.91
214495,14.91
171228,15.05
242857,14.91
278310,13.96
170202,15.48
57461,14.91
40929,14.96
78734,14.91
53454,15.48
177664,14.91
202720,14.91
141733,15.48
141841,15.48
223672,13.96
215057,14.83
289017,14.91
188483,14.91
137307,14.91
113814,14.91
169438,14.91
293473,13.96
86678,14.91
11163,14.91
157492,15.48
93876,13.96
150354,14.91
45668,14.91
26729,15.48
237914,14.91
101656,14.91
259958,14.91
53711,14.91
53247,14.91
49068,15.48
111634,14.91
260262,15.48
95854,14.91
196435,14.91
130791,14.68
12085,15.48
1216,15.05
207769,14.91
88376,14.91
213663,14.91
274235,14.91
57952,15.48
1921,14.91
265645,15.48
230884,14.91
36262,14.91
136575,14.91
20511,14.91
259281,14.91
236085,14.91
26982,14.91
185583,14.91
234303,14.91
293578,15.16
201292,15.48
199462,15.48
14517,14.91
206477,14.91
192228,15.48
5249,14.91
155036,15.05
252057,14.91
77158,15.05
51077,14.91
108300,15.05
269704,14.91
171053,14.91
156224,14.91
281714,15.05
274398,14.91
106769,13.96
156814,15.05
276287,15.48
55161,14.91
9591,14.91
109161,14.91
16508,15.48
150833,14.91
251562,14.96
34276,14.91
33860,14.91
33335,15.48
169012,14.91
92461,14.91
98940,15.48
164365,13.96
7337,15.48
227386,15.48
144563,14.91
123627,14.91
189812,15.48
88041,14.91
239296,14.91
29293,14.91
122387,15.48
66997,14.91
1640,14.91
4202,14.91
260653,15.05
256627,15.05
38339,14.91
143733,14.91
135798,14.91
163605,14.91
129154,14.91
159847,14.91
19418,14.91
279162,14.91
125784,15.05
47610,15.48
14727,15.48
70520,14.91
43703,14.91
266624,14.91
164417,14.91
50321,14.91
263001,15.48
233425,14.91
26386,13.96
77903,14.91
15181,14.91
30969,14.91
125680,14.91
288603,15.48
78904,15.12
209482,14.91
129233,15.48
15312,14.91
22604,14.91
197245,15.48
78798,14.91
18421,14.91
117050,14.91
174305,15.48
222888,15.48
31008,14.91
131187,14.91
26091,14.91
227576,14.91
57030,15.48
260021,15.12
95994,14.91
87827,14.91
223234,15.48
28469,15.48
260811,14.91
253461,14.91
257425,14.91
30104,14.91
179114,14.91
51926,14.91
160593,15.48
287351,15.05
190,14.91
45516,14.91
94405,14.91
24797,14.91
195148,14.91
276678,15.48
207410,14.91
55807,15.05
83953,15.48
212530,14.91
117121,14.91
165303,14.91
77624,15.48
11574,14.91
115034,14.91
4042,14.91
254882,13.96
299116,14.83
96170,15.05
232256,14.91
65191,14.91
175790,14.91
178025,14.91
257012,14.91
9263,14.91
95082,14.91
112572,14.91
56441,14.91
29174,14.91
170779,14.98
16408,15.48
34119,14.73
249546,14.91
109045,15.48
30912,14.91
143430,14.91
298791,14.91
48495,14.91
230493,14.91
58359,15.13
283243,14.91
247281,14.91
22804,14.91
185438,15.48
20900,14.91
244106,15.48
201370,14.91
225775,15.48
9464,15.48
134018,14.91
55078,14.91
68749,14.96
7915,15.48
149853,14.91
158440,14.91
184845,14.91
62830,14.91
21194,14.91
166055,15.12
44876,14.91
166973,15.48
264057,14.91
22116,14.91
146279,14.91
199231,14.91
111732,14.91
30871,14.91
285014,15.48
180812,14.91
72969,14.91
38378,14.91
19799,14.91
64263,15.48
189497,14.96
263725,14.91
299234,14.68
76602,14.91
221375,13.96
118206,14.91
170154,14.91
170257,13.96
189470,15.48
13187,15.48
125887,14.91
240062,14.91
220008,14.91
156573,15.48
266781,14.91
48104,15.48
74791,14.91
227096,14.91
230942,14.91
225158,14.91
261399,14.91
67134,14.91
38747,14.91
77886,14.96
211314,14.91
250208,14.91
39188,15.48
220441,14.91
64862,14.91
280998,15.48
148927,14.91
52138,15.48
267967,14.91
212716,14.91
76239,13.96
249373,15.48
101280,14.91
101313,13.96
209254,13.96
150508,14.91
153052,14.91
87127,14.91
118826,14.91
213634,15.48
175175,14.91
47158,15.48
235661,14.91
64527,15.48
144881,14.91
111465,14.91
79288,14.91
299232,14.91
232461,14.91
245816,14.91
197823,14.91
46663,15.48
139010,14.91
60280,15.48
285731,15.13
211870,14.91
274890,14.91
26923,15.48
202597,14.91
28394,14.91
283373,15.05
5828,15.13
282480,14.91
93660,14.91
70398,14.91
55258,14.91
270899,15.48
171820,13.96
214026,14.91
8653,14.91
18783,14.91
210978,14.91
66976,15.48
297246,14.91
152346,15.48
235547,14.91
190873,14.91
293338,14.91
100642,14.91
7595,14.91
127009,14.91
209794,14.1
73349,14.91
94326,14.91
213463,14.91
108272,14.91
50350,14.91
179188,14.91
128916,14.91
185031,14.91
284028,14.91
86056,14.91
125275,14.91
20586,14.91
16464,14.91
83652,14.91
10540,15.48
169235,14.91
1835,14.91
130407,14.91
64707,14.96
222946,14.91
288122,14.91
155082,15.48
241333,15.05
297098,15.48
36896,15.48
277795,14.91
23500,14.91
21066,14.91
163876,14.91
111356,14.91
94948,15.05
273033,15.48
233268,15.48
178339,15.48
49497,15.48
80980,15.13
290450,14.91
102452,14.91
177225,14.91
233223,14.91
61385,15.48
246793,14.91
63110,15.48
111595,15.05
192938,14.96
17479,14.91
89999,15.48
46606,13.96
292215,14.91
169144,14.91
33121,14.91
176138,14.91
83664,15.48
190831,15.13
64056,14.91
135253,15.48
123716,14.91
76839,14.91
189261,14.91
55653,14.91
293916,14.91
77298,14.91
187555,14.98
236039,14.91
78365,14.91
93314,14.91
45496,14.91
185950,14.91
203169,14.91
170194,15.05
93725,15.48
98588,14.91
76358,15.48
244135,15.12
120222,14.91
115941,15.48
8643,14.91
198992,15.48
255605,14.91
190618,14.91
35588,15.48
260118,14.91
85734,15.05
13299,14.91
153323,15.48
228678,15.48
105371,14.91
128688,14.91
119920,14.91
111472,15.13
174511,14.91
5346,14.91
27133,14.91
67324,14.91
22737,15.48
200730,14.91
21599,15.48
234402,15.48
74337,14.91
267004,14.91
247415,14.91
198695,14.91
47847,15.48
126528,14.91
283738,14.91
65300,15.48
296413,14.91
165782,14.91
209489,14.91
281722,13.96
199482,14.91
128905,15.48
7938,15.48
299395,14.91
83054,13.96
29783,14.91
194704,14.91
70506,15.48
274536,14.91
223276,15.48
66387,13.96
102513,15.48
148807,14.91
17040,15.48
35785,15.13
15887,14.91
2156,14.91
168085,14.91
276230,14.91
145969,14.91
20138,14.91
235923,14.91
99765,14.91
153078,14.91
213312,14.91
297321,14.91
17183,15.48
48133,14.91
213150,14.91
267024,14.91
136123,14.91
182489,14.98
288819,14.91
237282,14.91
13413,14.91
92808,14.91
170014,14.91
142018,14.91
259989,14.91
216925,14.91
238717,15.48
176293,14.91
104915,14.91
214604,14.98
3894,14.91
125067,14.91
141666,15.48
142910,14.91
130245,14.91
141424,14.96
276564,14.91
94483,15.48
242543,14.91
281410,14.91
63,14.91
160680,14.91
288450,14.91
131592,15.48
179197,14.96
231154,15.48
204014,14.91
299173,15.13
88235,14.91
95725,14.91
190885,14.91
253329,13.96
237373,15.48
260778,14.91
142888,14.91
18472,14.91
276900,15.48
142015,14.91
246827,13.96
294867,14.91
7368,14.91
39989,14.91
87836,14.91
94087,14.91
212059,14.91
291379,14.91
137962,14.91
89685,15.48
257530,15.48
274563,14.91
269292,15.48
270938,15.05
184145,14.91
107226,14.91
155431,15.12
82767,14.91
188530,13.96
114953,14.91
203606,14.91
117717,14.91
134583,14.91
163234,14.91
278627,14.91
220174,14.91
3313,14.91
59860,14.91
153468,15.48
35091,14.91
168795,14.91
120307,14.91
258441,14.91
23060,14.98
2551,14.91
53613,14.91
183073,14.91
30223,14.91
170229,15.48
254337,15.12
285937,14.91
86871,14.91
75789,14.91
257358,14.91
292853,14.91
39851,14.91
125675,15.48
143680,14.91
101846,14.91
134954,15.13
85815,15.05
204306,15.13
142687,14.91
92875,14.91
54897,15.48
33240,15.48
178513,14.91
120830,14.91
26157,15.48
247398,14.91
5185,14.91
102919,14.91
10751,14.91
126711,15.48
285927,14.91
34982,15.48
164839,14.91
164720,14.91
180677,14.91
146105,14.91
227824,15.48
75290,15.12
197820,14.91
111130,14.91
136177,15.13
264235,15.48
51393,13.96
286700,14.91
80096,14.91
141928,14.91
212737,14.91
151167,15.13
67786,14.91
112316,13.96
284993,15.05
20119,15.05
138340,14.91
244025,13.96
268651,14.91
47651,14.91
50774,14.91
71860,14.91
219534,14.91
41614,14.91
105406,14.91
66854,14.91
140305,14.91
272818,15.05
49766,14.91
296636,15.48
119557,14.91
55706,14.91
54729,15.48
148423,15.48
277603,14.91
78765,14.91
196296,14.91
201551,14.91
180301,14.91
163057,14.91
10820,15.48
138662,14.91
105058,14.91
47747,15.48
10093,15.48
14580,13.96
165875,14.91
291405,14.91
17435,14.91
186071,15.48
47963,14.91
193848,15.48
264184,15.48
106586,15.48
74602,14.91
251545,14.91
298680,14.91
207919,15.48
287682,14.91
252562,14.91
5424,14.91
232972,14.91
278723,14.91
53952,13.96
41313,15.13
295953,14.91
283604,14.68
248734,14.91
214976,15.48
133881,15.48
175009,14.91
153047,14.91
225057,14.91
56717,15.48
148375,14.91
245569,14.91
146689,14.91
298677,14.91
379,14.91
161135,15.48
78024,14.91
131485,14.91
112923,15.48
233556,15.48
277580,14.91
97046,14.98
77371,15.12
60556,14.91
31497,14.91
50384,15.48
15732,14.91
236050,13.96
56651,14.91
196013,14.91
35275,14.91
162933,14.91
161372,14.91
145674,14.91
127157,14.91
45264,15.48
196520,14.91
41591,14.91
133068,15.13
35879,14.91
255844,15.13
81970,14.91
10359,15.05
74842,14.91
2652,14.91
270940,15.48
133348,14.91
26138,15.13
201654,14.91
285658,15.12
95163,15.48
85353,15.48
168511,14.91
252803,15.48
274578,14.91
277285,14.91
66785,14.91
233280,14.91
42981,15.48
157840,14.91
62755,14.91
230786,14.91
117405,15.05
15441,14.91
35457,14.91
81440,14.91
191206,14.91
25899,15.48
293062,14.91
47591,15.48
294601,14.91
220259,14.91
141635,14.91
82216,13.96
137990,14.91
81920,14.91
253885,14.91
244631,14.91
189225,15.05
33309,14.91
52923,14.91
228160,13.96
196975,14.91
269834,15.05
58530,14.91
124280,15.48
24602,14.91
23829,15.48
28839,14.91
62,14.91
49220,14.91
159789,14.91
127351,14.91
2529,14.91
73114,15.05
9894,14.91
85930,14.91
120814,14.91
199947,14.68
196803,14.91
21509,14.91
50801,14.91
137369,14.91
74704,15.48
250797,15.48
88414,14.91
212149,15.48
226115,14.91
249799,14.91
240743,14.91
58157,14.91
138632,15.48
37937,14.91
221352,15.48
248462,14.91
173534,15.13
82643,15.48
232252,14.91
163094,15.13
51497,14.91
174127,13.96
142538,14.91
73013,14.91
62132,15.48
102700,13.96
117101,13.96
225647,14.91
101218,14.91
39542,14.91
262114,14.91
189055,13.96
280476,14.91
228228,13.96
205451,14.91
226044,14.91
107804,14.91
122369,13.96
30137,15.48
152109,15.48
182775,14.91
54087,14.91
280697,15.48
168529,14.91
19928,14.91
180730,14.98
45203,14.91
124099,14.91
50537,14.91
154395,13.96
114123,15.05
194958,15.48
284653,14.91
250920,14.91
292177,15.05
270955,15.48
142435,14.91
219637,15.48
83512,15.05
155077,14.91
71692,14.91
82528,14.91
180914,15.48
230897,14.91
26489,14.91
128014,14.96
115047,14.91
16009,14.91
34456,14.91
49651,14.96
189443,14.91
273685,14.91
98202,15.48
75934,15.48
230260,15.48
100214,15.48
127504,15.48
260840,14.83
263076,15.12
120750,14.91
252440,14.91
295073,15.48
55287,14.91
79730,14.91
290571,14.96
42748,14.91
107454,14.91
232065,14.91
202328,14.91
28074,15.48
140969,14.91
78511,15.12
80946,14.91
181892,14.91
101555,15.05
251338,15.12
91378,14.91
239868,15.48
25834,15.48
37005,14.91
209474,14.91
16630,14.91
246703,15.48
281782,14.91
30808,14.91
76481,14.91
263914,15.48
253672,15.13
285687,14.91
208709,14.91
74274,14.91
7576,14.91
26284,14.91
60809,14.91
278587,14.91
52609,14.91
132223,13.96
87571,13.96
240801,14.91
197051,14.91
151202,14.91
25577,15.48
145008,14.91
150968,14.91
198112,14.91
275133,14.91
2559,14.91
276210,13.96
1501,14.91
288511,14.91
85811,14.91
226767,15.13
249436,14.91
267904,14.91
269306,15.05
290927,14.91
24945,14.91
54513,14.91
248725,15.48
81150,14.91
292512,14.91
265435,15.05
244357,15.48
31915,14.91
289426,14.91
128836,15.48
83991,14.91
220516,14.91
104702,15.48
162374,14.91
9449,15.48
212867,15.05
210946,14.91
225266,14.91
169508,14.91
126370,14.91
57315,14.91
168550,14.91
149866,14.91
269497,14.91
175964,14.98
208453,15.48
43521,13.96
182184,15.13
71703,14.91
18628,14.91
114682,14.91
98181,13.96
40169,15.48
165386,14.96
218922,14.91
278384,14.91
285833,14.91
266075,15.48
148391,14.91
260571,15.48
95783,14.91
296921,14.91
173800,14.91
103948,13.96
63069,14.98
205308,14.91
201314,15.48
195520,14.91
171992,13.96
24052,15.13
266263,15.05
143270,14.91
229040,14.91
185380,14.91
172199,15.48
139567,14.91
217473,14.91
64713,14.91
150051,14.83
65573,14.91
15083,15.48
290350,15.48
167424,14.91
86156,14.91
176176,14.91
126454,15.13
156191,15.48
3720,14.91
298658,15.48
98309,14.91
244058,14.91
110785,15.48
106202,14.91
178746,15.48
240991,14.91
115511,14.91
33273,15.48
109452,14.91
129256,15.48
62902,15.48
36352,14.91
121218,15.48
99249,15.48
234060,14.98
270372,14.91
250034,14.91
130931,14.91
61971,14.91
230979,14.91
16417,14.91
8535,14.91
238872,15.48
111096,14.98
93822,14.91
110894,14.91
260245,15.48
83572,13.96
14005,15.48
48799,15.05
257627,15.48
101527,14.91
69961,14.91
46673,14.91
62750,14.91
248427,15.05
207402,14.91
218106,15.48
40797,15.48
152960,14.91
218972,14.91
31526,14.91
63721,15.48
189555,14.91
2547,14.91
73399,14.91
245717,14.91
54255,14.91
162502,14.91
85397,15.05
272324,14.91
45290,14.98
180414,14.91
273354,14.91
248082,14.91
256074,14.91
122763,14.91
41560,15.48
165010,15.48
283875,14.91
67092,14.91
47366,14.91
179825,14.91
284830,14.91
48276,15.48
100771,14.91
129388,14.91
134310,15.48
142883,14.91
64754,14.91
14045,14.91
29627,14.91
115767,15.48
271128,14.96
245643,15.48
62373,14.91
137813,15.13
266883,14.91
238593,15.48
207320,15.05
73057,14.91
91365,14.91
135162,14.91
14709,14.91
14486,14.91
39714,14.91
117303,14.91
32136,15.05
203908,15.48
110574,14.91
114465,15.05
67654,15.48
47549,14.91
342,14.91
230323,14.91
39762,14.91
240302,15.48
96512,15.48
131363,14.91
244908,14.91
233909,14.91
26793,14.91
221911,14.91
29976,14.91
54517,14.91
289991,14.91
140057,14.91
47715,15.48
269775,14.91
98599,14.98
162727,14.91
274938,14.91
16206,14.91
164719,15.48
131738,15.48
191130,14.91
43430,14.91
192222,14.91
175467,14.91
250906,14.91
36199,14.91
78844,15.48
286070,14.91
239604,14.91
97811,14.91
235501,15.48
135807,15.48
120904,13.96
186197,14.91
52001,14.91
255228,15.48
36156,15.48
195352,14.91
198697,14.91
94225,14.91
145287,14.91
156186,15.48
291569,14.91
37574,14.91
142042,14.91
83892,14.91
170072,15.48
157727,14.91
206926,14.91
78085,14.91
208838,14.91
208153,14.91
10849,14.91
219562,14.91
216947,14.91
44274,14.91
4753,14.91
107972,15.05
30417,13.96
252289,15.48
191935,14.91
281406,15.48
49889,14.96
227265,13.96
141279,14.91
282003,14.91
167018,14.91
71441,14.91
93126,15.48
97865,14.91
291926,15.48
179178,15.12
232832,15.48
60756,13.96
144846,14.91
125089,14.91
152393,14.91
254592,14.91
260968,14.91
80844,14.91
248494,14.91
4073,14.91
214319,15.05
279244,13.96
3398,14.91
194787,14.91
170688,15.05
295985,15.48
33487,15.48
27772,13.96
152312,15.48
43029,14.91
47943,15.48
47271,15.13
249042,14.91
99650,15.48
29115,14.91
241365,14.91
193632,15.48
86847,14.91
252166,14.91
209759,15.48
90600,14.91
290818,14.91
167247,14.91
269172,15.05
266690,14.91
288483,15.48
176576,14.91
135906,14.91
299392,14.91
187355,14.91
276155,15.05
150149,15.48
34526,15.48
241662,14.91
62185,14.91
14061,15.48
30945,14.91
262948,15.48
29933,14.91
3957,14.91
203030,14.91
97796,14.91
14185,15.48
141139,14.91
2333,14.91
235201,15.48
199565,14.91
46584,15.48
69324,14.91
164337,14.91
150272,14.91
164430,14.91
78257,14.91
150422,15.13
66070,14.91
76995,14.91
261985,13.96
16500,14.91
138755,15.48
243401,15.12
113139,14.91
167616,14.91
185993,14.91
234434,14.91
248763,15.48
117943,14.91
154978,14.91
212734,14.91
94023,15.48
80462,15.48
174849,15.48
274129,15.12
58348,14.91
3552,15.48
271085,15.48
63005,15.48
202785,15.48
145241,14.91
258463,14.91
163892,15.48
202,14.91
127476,15.48
68209,15.48
259825,14.91
182995,14.91
165913,14.91
103694,14.91
236320,14.91
159607,15.48
90677,14.91
242871,14.91
130049,14.91
266154,15.48
3763,15.48
218144,15.48
109145,15.48
75818,14.91
276787,14.96
248166,14.91
126672,14.91
141804,14.91
77154,14.91
104002,13.96
188676,14.91
235158,15.48
34313,14.91
257295,15.48
10260,14.91
75817,14.91
223062,14.91
134915,15.48
169210,14.91
47286,15.48
77784,15.12
152404,15.48
203733,14.91
263027,14.91
7748,14.98
240126,14.91
137420,15.05
249786,14.91
258958,15.16
245872,14.98
108358,14.91
46200,13.96
165477,14.91
267139,14.91
23186,14.91
156532,15.13
249281,14.91
95429,13.96
192884,15.48
164393,13.96
37632,14.91
136481,14.91
275900,14.96
195637,14.91
229532,15.05
182840,15.48
236352,14.91
121594,14.68
161914,14.98
28011,15.48
295166,14.91
97562,15.05
68442,14.91
262983,15.48
254210,14.91
34979,14.91
39250,14.91
210198,15.05
189423,14.91
150459,15.48
9889,15.09
194505,15.48
28598,15.12
127930,14.91
159050,14.91
121085,14.91
201690,14.91
163219,14.91
10688,14.91
37589,14.91
63421,14.91
192009,14.91
76618,14.91
205737,14.91
290947,14.91
142789,14.91
194890,15.05
272458,15.48
56926,14.91
230332,14.91
26384,14.91
265876,14.91
126470,14.91
200393,15.48
248471,14.91
250890,14.91
86211,14.91
163946,14.96
248119,14.96
185963,14.96
6105,14.91
7019,15.05
75779,15.48
125339,15.48
211828,15.48
45695,15.48
177022,14.91
100385,15.48
129090,14.91
16474,14.91
252936,14.91
187569,14.91
168794,14.91
6514,14.91
37089,15.12
267502,14.91
288073,14.91
209142,14.91
97017,15.48
126152,15.48
265179,14.91
208807,14.91
81963,14.91
204370,15.05
178201,15.05
36690,14.91
195762,14.91
197289,14.91
26648,14.91
269335,15.13
257752,14.91
247922,15.05
221234,14.91
171974,14.91
31622,15.48
270979,15.48
151663,14.91
189096,13.96
6071,14.91
105684,15.48
31502,13.96
276191,15.48
277375,15.48
292205,14.91
202375,15.48
241795,14.91
196144,14.91
16842,14.91
15270,14.96
157637,15.48
264431,14.91
195612,14.91
129416,14.91
281129,14.91
100891,15.48
1805,14.91
67251,14.91
276634,15.12
59631,14.91
281439,15.48
164465,14.91
197084,14.98
212949,14.91
127326,14.91
236142,14.91
934,14.91
93802,14.91
40210,15.05
284474,14.91
181435,14.91
242167,14.91
48632,14.91
27148,15.48
130814,14.91
32569,15.48
112539,14.91
121260,14.91
294712,14.91
286797,14.91
231305,14.91
73641,15.48
26098,15.48
18353,14.91
230770,14.91
267888,14.91
156493,14.91
255393,15.48
287473,15.05
92123,14.91
175962,15.13
283994,14.91
285138,14.91
102118,14.91
153998,14.91
211931,14.91
9524,13.96
115710,14.91
281201,14.91
249806,15.05
293391,14.91
291837,14.91
268049,14.91
52655,15.48
143727,14.91
83896,14.91
2468,14.91
40756,15.05
25201,14.83
85748,15.12
65946,15.48
142387,14.91
205094,14.91
184715,15.05
142960,14.91
261983,14.91
151632,14.91
166273,15.48
165889,15.05
190452,15.48
41192,14.91
203415,14.91
16425,14.91
210726,15.05
8290,14.68
187418,14.91
12381,15.48
203917,13.96
204374,14.91
38859,14.91
137529,14.91
123156,14.91
132842,15.48
180157,15.48
169129,15.48
149829,14.91
122629,14.91
207857,14.91
216145,14.91
42783,14.91
240586,15.48
18690,14.91
167026,13.96
222087,14.91
19729,14.91
141058,13.96
153238,14.91
8035,14.91
275521,14.91
35562,14.91
194121,14.91
110660,14.91
67817,14.91
224125,14.91
215653,14.91
193628,14.91
123557,14.91
181497,15.48
202607,14.91
100962,14.91
190292,14.91
106072,14.91
123943,15.48
218282,14.91
26265,13.96
40706,15.48
61062,14.91
42622,14.96
75784,14.91
4673,13.96
135124,14.91
235916,14.91
125457,15.48
817,14.91
208979,14.91
211354,14.91
206087,13.96
173158,14.98
12364,14.98
5440,14.91
294400,15.48
54318,15.48
71890,14.91
126342,15.48
267743,14.91
29912,14.91
45993,15.12
95155,15.05
203500,14.91
49436,14.91
285843,14.91
9991,15.05
19123,14.91
81803,14.91
184799,15.48
99489,15.48
78143,15.13
235777,14.91
108347,14.91
123982,14.91
244520,15.13
200531,15.05
207830,14.91
280560,14.91
39545,14.91
177921,15.48
261480,14.91
12182,15.48
243108,14.91
70130,14.91
89871,14.91
94595,15.13
99051,15.48
14513,14.91
87416,14.91
286185,14.91
200803,15.48
181640,14.91
97268,15.48
268974,14.91
248609,14.91
39389,14.91
18656,14.91
191276,14.91
57996,14.91
279682,14.91
252259,15.48
103665,14.91
193189,14.91
228491,14.91
27479,15.48
230743,15.48
170517,14.91
47829,14.91
118304,15.48
265637,14.91
104416,14.91
246952,13.96
113001,15.48
216629,14.91
41862,15.12
113923,14.91
200103,14.91
201917,15.48
267226,15.48
35459,14.91
276078,14.91
142261,14.91
76146,14.91
144620,15.48
283295,14.91
3315,14.91
227361,14.91
197390,13.96
260253,15.48
118526,14.91
186248,15.48
64220,14.91
19381,14.91
200641,14.91
133399,15.48
147840,14.91
67869,14.91
164520,15.48
128505,15.48
24794,14.91
91890,14.91
135948,14.91
289366,14.91
282945,14.91
133017,14.91
277266,14.91
120043,15.12
270586,14.91
175644,14.91
129307,15.13
154618,15.05
47045,15.48
195218,14.91
291329,14.91
275022,14.91
258083,14.91
64628,14.91
157352,14.91
212141,14.91
2466,14.91
16004,15.48
270322,14.91
145215,14.91
79425,14.91
29357,15.05
257487,14.91
73848,14.91
212799,15.48
212264,14.91
45500,14.91
169859,14.91
70041,14.91
906,14.91
293595,14.91
276950,14.96
149416,15.48
276023,14.91
244652,15.48
18994,14.91
252586,14.91
221483,14.91
144803,14.91
46198,15.05
267495,15.48
29840,13.96
103567,14.91
82157,14.91
137898,14.91
166110,14.91
37433,14.91
75749,15.48
113181,14.91
289998,14.91
154286,14.91
249966,14.91
83469,15.48
192719,14.91
241693,15.48
264391,14.91
118199,14.91
118577,13.96
257127,14.91
206968,14.91
278906,15.48
186247,14.91
132243,14.91
168335,14.91
127720,14.91
92112,15.05
252497,14.91
257138,15.48
256665,14.91
35878,14.91
149131,14.91
39697,14.91
80357,14.91
160986,15.05
243634,14.91
280397,14.91
258367,14.91
284672,14.91
178087,14.91
194733,14.96
155409,14.91
199157,14.91
131574,14.98
173138,14.91
3373,15.48
38857,15.13
65735,15.48
235894,14.91
110511,14.91
13253,14.91
34168,14.91
16188,15.48
210776,14.91
111343,14.91
195273,14.91
156356,14.91
169798,14.91
137129,15.48
197579,14.91
196123,14.91
54842,14.91
177276,14.91
268322,15.48
152120,15.48
45646,15.48
262015,14.91
2840,14.91
194897,14.91
71098,14.91
67777,14.91
131163,15.48
73066,14.91
161396,14.91
46263,15.48
160169,15.48
249393,14.91
267543,15.48
93089,14.91
170249,14.91
122940,14.98
95859,14.91
73825,14.91
245944,14.91
27824,14.91
205412,14.91
213724,14.91
50279,14.91
31579,14.91
55110,14.91
11509,14.91
230062,14.91
60543,15.48
977,14.91
65165,14.91
285427,14.91
235708,15.12
275461,14.91
234655,15.48
18734,14.91
40762,14.91
92972,14.91
213540,13.96
150343,14.91
77927,15.48
132897,15.48
170161,13.96
53385,14.91
153362,14.91
146710,14.91
228601,14.91
275026,14.91
161102,14.91
224816,14.91
49380,14.91
2278,14.91
217245,15.48
73427,13.96
200538,14.91
127612,14.91
120802,14.91
170459,14.91
5372,14.91
89639,14.96
93899,14.91
252776,14.91
161085,15.48
94459,15.13
149410,14.91
266936,15.12
22038,15.48
1079,14.91
173332,14.91
59782,14.91
80536,14.91
241376,15.48
20848,14.91
154794,14.91
118495,14.91
142556,14.91
35706,15.48
250414,14.91
182077,14.91
51525,13.96
113232,15.48
80124,14.91
12163,14.91
176763,14.91
224992,15.48
171551,14.91
9992,14.91
144576,15.48
36297,15.05
212138,14.91
59124,15.13
276323,15.48
289383,14.91
153160,14.91
80713,14.91
7093,13.96
243671,14.91
288365,14.91
253147,15.48
299332,15.13
45813,15.48
33561,15.48
71754,14.91
155816,14.91
272327,14.91
190967,15.48
297091,14.91
206991,14.91
146342,15.48
177199,15.48
193942,14.91
120277,14.91
272741,14.91
133538,14.91
224129,14.91
265119,14.91
71877,14.91
66426,14.91
156676,14.91
226570,15.48
173693,15.48
297039,14.91
87133,14.91
61739,14.91
144796,14.91
257541,13.96
184896,15.48
241465,14.91
30975,14.91
209368,14.91
253238,14.91
162924,14.91
135965,14.91
226911,14.91
71814,14.91
204254,14.91
56694,14.91
45710,14.91
238647,14.91
223246,14.91
6770,14.91
274354,15.48
258549,14.91
206531,14.91
132816,14.91
62660,14.91
11132,15.48
78971,14.91
8179,15.48
135999,13.96
61424,15.48
23181,14.91
216703,14.91
80391,14.91
253739,15.48
248977,14.91
179115,15.48
63495,15.48
286855,14.91
166640,14.91
195269,14.91
128828,14.91
61167,14.91
179818,14.91
20411,14.91
157493,14.98
242226,15.48
119454,14.91
138237,15.48
192435,15.48
246817,14.91
29007,14.91
132530,14.91
212726,14.91
198700,14.91
246922,14.91
26561,14.91
192088,14.91
93801,15.13
56654,14.91
168018,15.13
37017,14.91
239357,14.91
297796,14.91
280875,15.48
155577,14.91
54068,15.48
205102,14.91
28091,15.05
272615,14.91
105557,15.12
258324,14.96
61613,15.48
129351,14.91
157406,15.48
212236,14.91
212581,14.91
288191,14.91
11304,14.91
88948,15.05
102724,14.91
170627,15.48
12631,14.91
136528,14.91
221828,14.91
264816,15.13
163689,14.91
249010,14.91
68199,13.96
40657,15.05
283912,14.91
192448,15.48
214178,15.48
78961,14.91
110183,15.48
229046,14.91
153856,15.05
83013,14.91
263825,14.91
53803,14.91
124969,14.91
213239,14.91
54293,14.91
216542,14.91
128682,14.91
104288,14.91
126651,15.48
209517,14.91
273542,14.91
215930,14.91
23434,15.48
215348,14.91
159803,14.91
122174,14.91
135519,14.91
74746,14.91
244519,14.91
21657,14.91
44815,15.48
108429,14.91
74844,14.91
293533,14.91
18321,13.96
207033,14.91
44065,15.48
219241,14.91
15946,14.91
249110,14.91
40672,15.12
100325,14.91
247518,15.48
168816,15.48
75259,14.91
15153,13.96
210618,14.91
15939,15.48
215053,15.48
98130,14.91
260533,15.05
107526,14.91
209107,14.91
56728,14.91
100219,15.48
101940,15.48
268037,14.91
275310,14.96
106903,15.48
24545,14.91
247166,14.91
82599,14.91
84827,14.91
130481,14.91
182226,14.91
130666,14.91
293223,14.91
176975,14.91
1419,14.91
19207,14.91
119001,15.48
284448,15.12
91894,14.91
143472,14.91
151306,15.48
298937,14.91
197335,14.91
88021,15.48
56855,14.91
157790,14.91
102270,14.91
202324,13.96
158228,15.48
1335,14.91
214357,14.91
287756,15.48
261905,14.91
186054,14.91
14446,13.96
88768,14.91
190381,14.91
217333,15.05
4469,15.48
160198,14.91
204288,14.91
53578,14.91
73994,14.91
20817,14.91
270391,14.91
50977,15.48
204287,14.91
13527,15.48
258643,14.91
273851,15.05
172834,14.91
225187,14.91
24694,14.91
248833,14.91
167274,14.91
138915,15.05
144423,14.91
298510,15.48
155068,15.48
144315,14.91
173838,14.91
43593,14.96
122448,14.91
132159,14.91
260481,14.91
263854,14.91
120031,14.91
55474,14.91
249544,14.91
169006,14.96
57005,14.98
291129,14.91
189325,14.91
204879,14.91
128956,14.91
114239,15.48
222217,14.91
192220,15.48
81256,14.91
253559,14.91
222356,15.48
190174,15.05
109397,14.91
274418,14.91
8099,14.91
90595,14.91
142034,14.91
211665,14.91
41129,14.91
28516,14.91
250823,14.96
136176,14.96
22087,14.91
71522,14.91
22994,14.91
165623,15.48
266580,13.96
51035,14.91
196932,14.91
222934,14.91
194737,14.98
198887,15.48
178195,14.91
46700,14.91
277557,15.12
26437,14.91
238330,14.91
143530,14.91
248252,15.48
240250,14.91
197377,14.91
75584,14.91
215303,15.48
196543,14.96
169649,15.13
277038,14.91
216455,15.48
98927,14.91
75997,15.48
138414,14.91
298883,14.83
50463,14.91
175700,14.91
121275,14.91
77992,14.91
29946,14.91
33906,14.91
248569,14.91
199278,14.91
204322,15.48
99651,15.48
69681,15.48
288289,13.96
234153,14.91
49017,14.91
54603,13.96
196152,14.91
26922,14.91
198454,14.91
158536,15.48
54634,15.13
75493,15.48
95338,14.91
105004,14.91
21721,14.91
66783,13.96
79490,14.96
174204,15.48
276953,14.91
298935,14.91
76654,14.91
60388,15.48
64085,14.91
249235,14.91
292447,14.91
99849,14.91
7236,14.91
133215,14.91
141647,15.48
12888,14.91
1579,14.91
77753,14.91
156878,15.48
233601,14.91
60290,14.91
4969,14.91
221745,14.91
253681,14.91
114820,14.98
146973,14.91
71531,14.91
27174,15.48
275380,13.96
36154,13.96
53584,14.91
90879,14.91
105782,15.48
196076,14.91
167095,13.96
251837,14.91
152839,14.91
251247,15.48
65842,15.48
149950,14.91
72668,14.91
21495,15.48
294168,14.91
34676,14.91
294028,15.48
9009,15.48
181768,14.91
113968,14.91
193084,14.91
266370,15.48
29721,14.91
249735,15.05
97568,15.48
267859,14.91
34023,13.96
213736,14.91
80924,15.48
51255,14.91
90926,14.91
81201,14.91
135082,14.91
248936,14.91
286834,14.91
202787,14.91
53560,14.91
117586,14.91
279924,15.05
55909,14.91
214025,14.91
101040,14.91
135810,15.48
44988,14.91
180000,14.91
177618,15.48
191627,14.91
202343,14.91
140323,15.48
36598,14.91
146317,14.91
84148,14.91
266379,14.91
47460,14.91
204960,14.91
47319,14.91
163459,14.91
10609,15.48
266854,14.91
26101,14.91
145506,14.91
291812,14.91
102403,14.91
120094,14.91
298564,14.91
240662,14.91
198860,15.48
112863,14.91
277226,15.48
49878,15.48
171180,14.91
215281,14.91
202567,14.91
82750,14.91
18669,14.91
128653,14.91
229121,14.91
287810,14.91
152829,14.91
272719,14.91
192159,14.91
122910,14.91
131671,15.48
94927,15.05
279001,14.91
97950,15.05
155016,14.91
152239,15.48
131727,15.48
9823,15.48
158897,14.91
65223,14.91
15835,14.91
106867,14.91
233789,15.48
70923,14.91
145690,14.91
59810,14.91
20565,14.91
240653,14.91
58574,14.91
39362,15.48
77181,14.91
88721,14.91
272757,13.96
49374,14.91
216986,15.48
65378,15.48
20414,14.91
34973,15.48
138676,15.48
294691,14.91
145700,14.91
212858,15.09
119641,14.91
79886,14.91
236363,15.05
140361,14.91
79443,15.09
171047,14.91
269322,15.48
128896,15.05
69125,15.48
233028,14.91
145349,14.91
174528,14.91
175090,14.91
147086,14.91
116039,15.48
59802,15.48
112014,14.91
287036,14.91
35609,13.96
113653,14.91
124921,14.91
118740,14.91
252735,14.91
149504,14.91
172318,15.05
290833,15.48
129253,14.91
288943,14.91
290995,14.91
5299,14.91
113480,14.91
166327,14.91
40162,14.91
180238,15.48
13455,14.91
193939,14.91
22206,15.48
269916,14.91
240096,15.48
106935,14.96
148067,14.91
258664,14.96
73941,14.91
58780,14.91
255622,14.91
165951,14.91
157530,14.91
235825,14.91
78318,15.05
116434,14.91
59410,15.48
182830,14.91
254902,14.91
25331,14.91
24138,14.91
220847,15.48
132177,15.48
161523,15.13
65964,14.91
293701,14.91
172638,14.91
91577,14.91
83441,15.48
633,14.91
186906,14.91
107733,15.05
5854,14.91
111492,15.48
28717,14.91
49747,14.91
294119,14.91
249504,15.13
66973,14.91
116154,14.91
181352,14.91
265788,15.48
279284,14.91
56098,15.48
201606,14.91
169546,14.91
79355,14.91
75025,14.91
110662,14.91
118183,15.48
43624,14.91
169646,14.91
69898,14.91
292030,13.96
664,14.91
144882,14.91
134225,14.91
49994,14.91
42651,14.91
217529,13.96
295130,14.91
152111,15.48
99716,14.91
144264,14.91
165169,14.91
82980,15.48
188010,15.48
179999,15.48
52211,14.91
216692,15.48
271206,14.91
181262,14.91
287931,14.91
37059,14.91
72594,14.91
264098,15.48
294160,14.91
299086,14.91
269057,14.91
33352,15.05
234427,14.91
258349,15.13
77690,14.91
146875,14.91
253241,13.96
271791,15.48
224543,14.91
111221,14.91
95948,14.91
274813,14.91
133033,15.48
133509,15.48
257844,15.05
256082,14.91
159569,15.48
221340,15.48
216686,14.91
116377,14.91
74558,14.91
172351,13.96
127283,15.48
42409,14.91
5997,15.48
53241,14.91
46168,14.91
172568,14.91
115014,14.91
84645,14.91
184579,14.91
80580,14.96
13674,14.91
12181,14.91
120943,14.91
44762,14.91
162625,14.91
112280,14.91
153236,14.91
254535,15.48
42365,14.91
63118,14.91
168759,14.91
131431,15.05
10052,14.91
249554,14.91
24461,15.48
193758,14.91
297391,14.91
52168,15.05
33372,14.91
212054,15.48
289391,13.96
188720,14.91
163902,14.91
273776,15.48
125967,14.91
12516,14.91
289331,14.91
245586,15.48
68155,14.91
160484,15.05
264229,15.09
293924,15.48
190810,15.48
267372,15.48
7220,14.91
129243,14.91
229700,14.91
108242,14.91
30475,14.91
34893,14.91
185800,14.91
112487,14.98
48024,15.05
13103,13.96
64673,14.91
151046,15.48
258013,14.91
44046,14.96
118535,13.96
290692,14.91
37787,15.48
67610,14.91
273874,13.96
152114,15.48
210460,14.91
232792,14.91
48794,14.91
158670,15.48
263492,13.96
73811,14.91
122938,14.91
171902,15.48
208481,14.91
176004,14.91
131471,14.91
35401,14.91
277587,14.91
28051,14.91
54112,14.91
184246,15.48
219253,14.91
5823,13.96
148452,14.91
186178,14.91
120047,14.91
284593,15.05
299250,14.96
241169,14.91
156635,15.48
132218,14.91
187861,13.96
61100,14.91
118400,15.48
247510,14.91
116406,14.91
153759,14.91
63660,15.48
248488,15.48
11415,14.91
134203,13.96
235011,14.91
9599,14.91
16293,15.48
43660,14.91
114555,15.48
274052,14.91
139868,15.13
18817,14.91
57723,14.91
9212,14.91
260814,14.91
203248,14.91
67588,13.96
189839,14.91
70260,15.48
54541,14.91
10838,14.91
174195,14.91
42739,15.12
186397,15.48
186475,15.48
75232,14.91
45752,14.91
274470,14.91
90973,14.91
6810,14.96
250749,14.91
247564,14.91
9063,15.48
219909,14.91
74618,14.91
167733,15.48
157690,15.05
129561,15.48
175030,15.48
189764,14.91
81096,15.48
59481,14.91
11839,15.48
51506,13.96
264972,14.75
228460,14.91
138195,15.48
98406,14.91
268160,13.96
150623,14.91
287952,15.05
6144,13.96
74801,14.91
68583,14.91
218263,14.91
23414,15.05
108649,14.91
216804,15.48
217620,14.91
164299,14.91
178580,14.91
74784,15.05
202414,15.48
5141,14.91
216076,13.96
94800,14.91
89521,15.13
195732,14.91
272315,14.91
17296,15.05
15651,14.91
254314,15.48
146030,14.91
146044,14.91
240471,14.91
248064,14.91
181083,14.96
113941,14.91
454,14.91
270107,14.91
206788,14.91
55977,14.91
195532,14.91
31876,14.91
53676,14.91
78946,14.91
271148,14.91
273477,14.91
29323,14.91
187238,13.96
185368,14.91
291721,15.13
109241,14.91
8930,14.91
222922,14.91
140162,15.05
243046,14.91
174183,15.48
54650,15.48
184893,15.48
154766,14.91
150277,14.91
150311,14.91
290040,14.91
46172,14.91
165895,14.91
207146,15.48
122567,15.48
109313,13.96
236450,15.48
277204,14.91
13743,14.91
153411,14.91
97947,14.91
239143,13.96
297396,14.91
64151,14.91
282508,14.91
150819,14.98
238113,14.91
235296,14.91
183404,14.96
5140,14.91
293896,15.48
176494,14.91
74166,14.91
209015,14.91
232941,15.48
259516,15.48
182128,14.91
276307,15.05
149993,14.91
12073,15.48
2514,14.91
181791,14.91
247962,15.48
166191,14.91
220644,14.91
72022,14.91
141539,14.91
290206,14.91
166772,15.48
158445,14.91
37081,15.48
18028,14.91
151114,15.48
70445,14.91
172820,14.91
41828,14.91
187319,14.91
37966,14.91
2520,14.91
217619,14.91
270415,14.91
128222,15.48
146107,14.91
14411,14.91
132696,15.48
239649,14.96
231822,14.91
118784,14.96
110862,14.91
186969,14.91
289550,13.96
55427,14.91
195684,14.91
35070,15.48
33192,14.91
19261,15.48
13334,14.91
110645,14.91
168850,15.48
212755,15.48
211140,14.91
157106,14.96
133607,14.91
269238,14.91
121788,14.91
191225,14.91
240186,14.91
177319,14.91
23034,15.48
269858,14.91
176157,15.12
146183,14.91
196074,14.91
39089,14.96
102521,14.91
205256,14.91
95414,15.48
82260,14.83
124391,15.48
154559,13.96
260431,14.91
268723,14.91
222164,15.48
175241,14.91
269568,14.91
158770,14.91
32470,15.48
40406,15.48
38545,14.91
210604,15.48
192203,15.48
140483,14.91
145950,14.91
68616,14.91
62763,14.91
214655,15.48
195948,14.91
192040,14.91
149557,14.91
208187,14.91
99669,15.48
196470,14.91
77249,14.96
154712,14.91
78618,14.91
117802,14.91
235500,15.48
80700,14.91
98850,14.91
281998,14.96
2227,14.91
14428,15.48
109021,14.91
209861,15.48
199843,13.96
75390,15.12
206457,14.91
153184,15.48
256331,14.91
236165,14.91
127607,15.48
39918,14.91
49493,14.98
92768,14.91
189779,14.91
156997,14.91
233560,14.91
243809,15.48
7229,14.91
124157,14.91
122393,14.91
40161,14.91
74925,14.91
150292,14.91
13848,14.91
258220,15.48
149640,14.91
274084,14.96
194493,14.91
131108,15.48
279290,14.91
112847,15.48
288923,14.91
105988,15.48
63653,14.91
214503,15.05
205225,14.91
233912,14.91
235872,14.91
116758,14.91
181087,14.91
85863,14.91
244102,15.48
141350,14.91
143544,14.91
263426,14.91
239525,14.91
199252,15.48
165948,15.48
44044,14.91
47115,14.91
182557,13.96
254358,14.91
56407,14.91
211702,15.48
209514,14.91
7897,14.91
98211,14.91
13718,14.91
260837,14.96
176229,15.48
67383,14.91
29876,15.48
218660,14.91
120636,14.91
13994,14.91
281523,14.91
279617,14.91
221402,14.91
44806,15.48
289232,14.91
2820,15.48
145778,14.91
294865,15.48
63084,14.91
215877,15.48
13488,14.91
172421,14.91
123391,14.91
55236,15.48
221839,14.91
216081,15.48
112290,15.48
35563,15.48
253338,14.91
231722,15.48
13603,14.91
19506,14.91
295092,14.91
76659,15.13
218284,14.91
297811,15.48
144336,14.91
73909,14.91
7409,15.05
50462,14.91
99987,14.91
233123,14.91
11382,14.91
62155,15.48
151555,15.48
182043,14.91
289200,14.91
252767,15.48
274474,13.96
153848,14.91
61985,14.91
62039,14.91
54442,15.48
53508,14.91
163116,14.68
221416,14.91
213696,15.48
6150,14.91
149926,15.13
240847,14.91
172608,14.91
28973,14.91
96425,15.48
220036,14.91
113150,15.48
159736,14.91
175228,15.48
187712,14.91
227860,14.91
208866,14.91
33685,15.05
134573,15.48
131117,14.91
167227,14.91
78261,15.48
164439,14.91
267281,14.91
193517,14.91
21578,15.13
230030,13.96
47913,15.05
241907,15.05
68586,14.91
168574,14.91
163074,14.91
282951,13.96
203507,14.91
68491,15.48
242577,15.05
215259,14.91
277631,14.91
225172,14.91
141823,14.91
150916,15.13
254899,15.05
241164,15.48
296925,14.91
256773,14.96
151973,15.48
218382,14.91
78924,14.91
291373,14.91
77789,14.91
53563,15.48
115425,14.91
127127,15.05
278614,14.91
174679,15.48
246473,14.91
58244,14.91
154826,15.48
199745,13.96
299285,14.91
219229,14.91
75416,14.91
33891,13.96
164528,14.91
88089,14.91
214491,14.91
142159,14.91
278593,14.91
281143,15.13
232994,14.91
78464,14.91
104948,15.05
247683,14.91
4242,14.91
133949,14.91
144047,14.91
238694,13.96
87254,15.48
117825,13.96
184453,14.91
32115,14.96
21789,14.91
79981,14.91
283350,15.05
240329,14.91
44717,14.91
90861,14.91
190914,14.91
150446,14.75
119215,15.48
100005,14.91
217922,14.91
162280,14.91
128320,15.48
21893,15.48
15910,14.91
32503,15.48
27604,14.91
103975,14.91
158859,14.91
98523,14.91
278454,14.91
275786,15.48
144342,14.91
19039,14.91
274101,14.91
223631,15.48
297690,15.48
18585,14.91
262262,14.91
116246,14.91
76569,15.48
236220,14.91
24710,14.91
254842,14.91
285956,14.91
228177,14.91
123460,14.91
231683,14.91
129824,14.91
224146,14.91
226242,14.91
100995,15.48
115454,14.91
6068,14.91
203479,15.48
56067,15.48
23865,15.48
296792,14.91
284205,14.98
189465,14.91
186917,14.91
72826,14.91
17776,14.91
97816,14.91
4440,15.48
96719,15.12
176277,14.91
42356,15.48
253395,15.05
72618,14.91
91256,14.91
44296,14.91
7200,13.96
12185,14.91
113559,14.91
287265,14.98
174913,15.48
134987,14.91
45764,14.91
224104,15.48
234165,14.91
47775,14.91
116627,14.91
16512,15.48
140066,14.91
40443,14.91
112305,14.91
82570,14.91
237384,15.48
3333,14.91
262405,15.48
16793,13.96
280909,14.91
235991,14.91
111793,15.48
218396,14.91
184308,14.91
116054,14.91
229852,14.98
3536,14.96
270206,15.48
200924,14.91
165929,15.48
67102,13.96
70338,15.48
126994,14.91
154868,14.91
211388,14.91
154519,15.05
11680,15.48
283652,14.91
154633,14.91
151979,15.48
155557,15.48
47676,15.48
259783,14.91
223530,14.91
240995,14.91
80104,14.91
82613,15.13
17250,14.91
14198,15.48
167590,14.91
176068,14.91
135138,14.91
266648,15.48
118668,15.48
282667,14.96
122832,14.91
274122,15.48
272862,15.48
15851,14.91
150746,15.05
13145,14.91
71451,14.91
228781,14.91
150566,14.91
108028,14.91
197799,15.48
249147,14.98
238740,14.91
264969,14.91
175830,14.91
104113,15.48
295999,15.48
180833,15.48
150759,14.91
161687,15.48
282572,15.48
178940,14.91
203791,15.48
195238,14.91
84221,14.91
64911,15.48
290840,14.91
237572,14.91
211663,13.96
3033,14.91
248520,14.91
180579,14.91
89291,14.91
170797,14.91
25795,15.13
27463,14.91
218222,15.48
98348,14.91
108490,14.91
171528,14.91
256982,15.12
7239,14.91
226990,15.13
195412,14.91
104214,14.91
162887,14.91
97104,15.48
297897,14.91
121390,14.91
174058,15.48
180856,15.48
152602,14.91
262215,14.91
257959,13.96
179109,14.91
173777,15.48
247577,14.91
275485,15.05
249306,14.91
168877,14.91
128417,14.91
288500,15.48
242687,14.91
239912,14.91
210919,14.91
212643,14.91
94687,15.48
203144,15.48
247691,14.91
289171,14.91
197122,15.48
46189,14.91
39966,14.91
133668,14.91
30812,14.91
22023,14.91
277559,15.48
222773,14.91
233344,14.91
179680,15.48
153600,14.91
119534,14.91
286783,14.91
263804,14.91
258413,15.48
117161,15.48
245516,15.48
22070,13.96
282922,15.05
60343,15.48
169970,15.48
106000,15.48
109616,15.48
108270,14.91
155606,15.48
202907,15.48
77258,15.13
169624,14.91
242979,14.91
141915,14.91
229546,15.48
177805,13.96
141156,14.91
185853,14.91
177712,14.98
78879,14.91
160825,15.48
66653,14.91
4723,15.48
125900,14.91
78686,15.13
293410,14.91
268623,14.91
114292,14.91
19394,14.91
126848,14.91
148727,14.91
260015,14.98
198328,15.48
189283,15.48
181555,15.48
162251,14.91
103576,15.48
184789,14.91
123900,15.48
19518,14.91
222706,14.91
49938,14.96
48204,14.96
212638,15.48
125006,14.73
105298,15.48
294352,14.91
149040,14.91
12517,14.91
34616,14.91
293870,14.91
122439,14.91
69890,14.91
50314,14.96
76113,14.91
191451,14.91
146296,15.48
111121,14.91
56516,15.48
96653,14.91
137593,15.48
167783,15.48
217287,14.91
285924,15.48
214989,14.91
218757,14.91
84105,14.91
28889,14.91
286329,14.91
214,15.05
172592,13.96
146062,14.91
196605,14.91
52079,14.91
57994,14.91
50726,14.91
111389,14.91
141515,14.91
243497,14.91
279851,14.91
2510,14.91
128618,15.48
147751,14.91
147099,14.91
189119,14.91
62441,14.91
7491,15.05
7732,15.05
11698,14.91
213922,13.96
247823,13.96
144234,14.91
92328,14.91
254145,14.91
21127,14.91
219549,15.48
58786,14.91
208202,14.91
94361,14.91
188185,14.91
6111,14.91
213715,15.48
209338,14.91
95919,14.91
243792,14.96
153581,15.48
134893,13.96
203560,14.91
178005,13.96
129953,15.48
43477,15.48
169830,14.83
91928,14.91
89508,15.48
190739,14.91
92848,13.96
100435,13.96
16744,14.91
227058,14.91
81025,14.91
294457,14.91
159886,15.48
190499,15.48
222204,14.91
288723,14.91
105998,14.91
47425,14.91
224026,13.96
159450,15.13
243620,14.68
225653,14.91
252889,14.91
64041,15.48
79959,15.48
271093,14.91
261489,15.48
33184,15.48
74641,15.05
8268,14.91
195264,14.91
252957,15.48
276548,15.48
230672,14.91
117681,14.91
96785,14.91
157652,14.91
144644,14.91
65758,14.91
230238,14.91
171488,15.48
49450,14.91
74934,15.48
1824,14.91
111288,14.91
65596,15.48
173288,14.91
122634,14.91
67426,14.91
30337,15.48
57862,14.91
239531,14.91
77620,14.91
279467,14.91
218909,14.91
169295,15.05
139371,14.91
158863,14.91
225418,14.91
156815,14.91
170385,14.91
144927,14.91
56692,15.48
152228,15.48
168684,14.91
79205,14.91
228325,14.91
105389,14.91
289103,14.91
72717,14.91
289084,14.91
146667,14.91
60432,15.48
116576,14.91
267756,14.91
22295,14.91
271658,14.91
128244,14.91
204506,14.91
24665,14.91
100950,14.91
278032,14.91
38695,14.91
284979,14.91
82173,14.91
52288,14.91
187826,15.48
178472,14.91
232525,14.91
98651,14.91
5385,14.91
261397,14.91
234670,15.48
186297,15.48
296772,15.48
162321,14.91
194413,14.91
72822,14.91
28252,15.48
239919,14.91
96700,14.91
168668,14.91
157726,14.91
271669,14.91
18126,14.91
224524,14.91
215983,15.48
296593,15.05
294808,14.91
2901,14.91
106792,14.91
164124,14.91
122142,14.91
37498,14.91
205481,15.48
90250,15.48
16128,15.48
17065,14.91
23214,15.05
105043,14.91
49474,15.48
126633,14.91
167226,14.91
163915,15.48
185050,14.91
173741,14.91
61131,14.91
241526,15.48
82079,14.91
36048,14.91
197399,13.96
194190,15.48
196199,14.91
264119,14.91
3510,15.12
239206,14.91
195366,14.91
234585,15.48
164194,14.91
55385,14.91
298954,14.91
279530,14.91
100549,15.48
145856,15.48
163127,15.13
277862,14.91
189601,14.91
281805,14.91
65273,15.48
123400,14.91
69011,14.91
50522,14.91
85191,14.91
20384,14.91
199839,15.48
461,14.91
297900,14.91
295962,15.05
79953,14.91
298292,14.91
60517,15.05
110099,14.91
69772,14.91
236012,14.91
131048,15.48
12060,15.48
72498,14.91
62207,14.91
124943,14.91
201572,15.48
130490,15.48
260763,15.12
211039,14.91
43272,14.91
276329,14.91
136372,15.05
37930,14.91
71985,15.48
208074,14.91
84655,14.96
255122,14.96
68239,14.91
101960,14.91
130850,14.91
243064,14.91
17284,14.91
239421,14.91
48100,15.48
54487,13.96
176907,14.91
60816,15.48
127643,14.91
192413,14.91
492,15.48
221939,15.48
176575,14.91
147133,14.91
201751,14.91
76838,14.91
229750,14.91
99013,14.91
293771,14.91
232274,14.91
74970,15.48
106074,14.91
67444,14.91
55017,14.91
39839,14.91
4212,15.48
222026,15.48
42204,14.91
286354,14.91
101686,14.91
233946,15.48
233474,15.48
213342,14.91
297269,14.91
69832,15.13
190109,14.91
29123,14.91
135596,14.91
115810,15.48
229808,15.48
69030,14.91
111716,15.48
218240,14.91
270745,15.05
289822,14.91
25424,14.91
241263,14.91
297674,14.96
207013,14.91
64007,14.91
215036,14.91
71465,15.48
4862,15.48
277842,14.91
228151,14.91
197690,15.48
265063,14.91
197522,14.91
7825,15.48
182999,14.91
153461,15.48
205582,13.96
116275,14.91
251965,14.91
185350,14.91
86321,14.91
203123,14.91
295850,15.05
133443,14.91
244376,14.91
11463,14.91
248475,14.91
175711,14.91
185282,13.96
13967,14.91
240735,14.91
165306,14.91
157783,15.48
63824,14.91
251230,14.91
134459,14.91
43351,15.48
66688,14.91
173794,14.91
114022,15.48
236234,15.48
149254,14.91
35277,14.91
55646,14.91
247642,14.91
235098,15.48
86072,14.91
133807,14.91
3030,14.91
205242,14.91
232447,15.12
155698,15.48
237782,14.91
150359,14.91
103474,15.48
45168,15.48
77499,14.91
289048,14.91
229138,14.91
6008,15.13
209999,14.91
153709,15.48
21985,14.91
250995,14.91
106182,13.96
266241,14.91
238509,14.91
131796,15.05
238578,14.91
231835,14.91
72761,14.91
127971,15.48
10202,14.91
235720,15.48
113352,14.91
192970,14.91
158439,14.91
268768,14.91
246467,14.91
54107,15.48
8380,14.91
137117,15.48
34106,14.91
255050,14.91
250637,15.48
44584,14.91
243165,14.91
162725,14.91
264785,15.48
84925,14.91
292898,14.91
169954,14.91
153525,15.05
258044,13.96
70193,15.48
273892,14.91
15343,14.91
1685,14.91
290490,14.91
149717,14.91
238365,14.96
268001,15.48
159787,14.91
283781,15.48
163382,15.48
226143,15.48
42417,14.91
34764,14.91
188743,14.91
106279,14.91
107417,14.91
273561,14.91
136086,14.91
283345,14.91
83621,14.91
257323,14.91
233855,14.91
34742,14.91
179783,14.91
127703,15.48
273007,14.91
54166,14.91
26683,14.91
78731,14.91
299203,14.91
146572,14.91
125615,14.91
78522,15.48
226794,15.48
165249,15.48
79658,14.91
180142,14.91
50627,14.91
271707,15.48
230386,15.13
161728,15.48
226162,15.48
16431,14.91
228008,15.09
104995,14.91
106861,14.91
128960,14.91
262395,15.48
53023,14.91
258841,14.91
285883,15.48
130449,13.96
213496,14.91
225580,14.91
196469,14.91
152810,14.91
284950,15.13
96804,15.12
152196,14.91
189254,14.96
132190,14.91
59241,14.91
109466,13.96
41378,14.91
285861,14.91
259725,14.91
18041,14.91
36922,14.91
277209,13.96
167618,14.91
104985,15.05
107505,13.96
106344,14.91
70608,14.91
34220,15.48
42863,15.05
284540,14.91
134809,14.91
263727,14.91
56848,15.05
77104,14.91
204931,14.91
73171,14.91
276273,15.48
42254,14.91
55013,15.48
204808,15.48
23375,14.91
78173,14.91
20777,14.91
64118,15.48
241361,14.91
186545,14.91
249093,15.48
256384,14.91
96039,15.48
122662,14.91
188649,15.48
80815,14.91
7694,14.91
26973,15.48
101546,14.91
9618,14.91
216646,15.48
31697,14.91
279312,14.91
253955,14.91
183861,15.48
100894,14.91
197039,15.48
227285,14.91
119801,15.48
253255,15.48
5214,14.91
47402,14.91
5645,14.91
151315,15.48
168349,14.91
145118,14.91
31039,14.91
291636,14.96
191559,14.91
61456,14.91
38253,14.91
154360,14.91
196041,14.91
271871,14.91
297071,15.13
98203,15.48
187376,14.91
262071,14.91
280586,14.91
22686,14.91
199478,14.91
77881,15.13
208409,14.91
152597,15.05
105326,15.48
175144,15.48
241485,14.91
41919,15.13
183005,15.48
185722,15.05
53630,13.96
218073,15.13
95404,14.91
200877,14.91
22402,14.91
88431,15.48
101577,14.91
250506,14.91
13113,15.48
111765,15.48
161546,14.91
7057,15.12
261817,14.91
44311,14.91
290734,15.48
224481,15.48
270960,14.91
200166,14.91
293954,14.91
166677,15.48
86553,14.91
119580,14.91
166391,15.48
27150,15.05
158843,14.91
1641,14.91
72698,15.48
117605,15.13
64654,14.91
93868,14.91
29988,15.48
171766,14.91
172221,14.91
292227,14.91
9228,15.48
257973,15.48
201391,15.48
67519,14.91
1709,14.91
254914,14.91
110045,14.91
243183,15.48
53330,15.48
273910,14.91
190001,15.48
73410,15.48
64015,15.48
281279,15.48
165706,14.91
118149,14.91
70389,15.48
279482,14.91
61990,14.91
151980,15.48
181963,14.91
290593,13.96
90211,15.05
258823,15.05
46419,14.91
71822,15.05
291485,13.96
73151,15.48
67084,13.96
159897,15.48
212262,14.91
283796,14.91
81116,13.96
223069,14.91
118702,15.48
204023,14.91
21690,14.91
238053,14.91
279439,14.91
72071,14.68
56545,14.91
262003,14.91
264764,14.91
296597,15.12
89423,14.91
12883,13.96
112292,15.48
87019,14.91
37720,14.91
22145,14.91
75350,15.48
216568,14.91
123750,14.91
156485,14.91
83500,14.91
38742,14.91
79148,14.91
261082,15.48
45691,14.91
128946,15.48
99928,15.12
261944,14.91
264406,15.05
196193,14.91
25232,14.91
41172,13.96
45048,14.91
233752,13.96
181335,15.13
16290,14.91
103048,15.48
67709,14.91
31450,14.91
103511,14.91
51240,14.91
134373,15.05
246059,14.91
265289,15.05
4216,14.91
206535,15.13
23436,15.12
63059,15.48
196966,14.91
239348,14.91
95869,14.91
205766,13.96
121756,15.05
160061,15.48
297932,14.91
238758,14.91
254747,14.91
196490,14.91
41525,15.48
126349,14.91
48385,14.91
133945,14.91
253760,13.96
113756,14.91
107562,15.48
8741,14.91
118681,14.91
21760,14.91
198018,15.48
157411,14.91
133385,14.91
190426,14.91
77388,14.98
67832,14.91
114367,14.91
94722,14.91
297492,15.48
53151,14.91
117896,14.91
122337,15.48
53159,14.91
23671,15.48
99486,14.91
78220,14.91
276285,14.98
5091,14.91
82502,14.91
122523,14.91
42503,15.48
137525,14.91
35647,14.91
4519,14.91
243673,14.91
244200,14.91
248222,15.48
212101,14.91
28781,14.91
77905,14.91
87669,15.12
171040,14.91
251212,15.48
228801,14.91
108210,15.05
71885,14.91
52362,14.91
130798,14.91
122835,14.91
52818,14.91
7335,14.91
266555,15.13
177511,14.91
144543,15.05
283832,15.48
42054,14.91
58140,15.48
294919,14.91
216978,15.48
89021,14.91
13420,15.48
7743,14.91
222989,14.91
282701,15.48
80253,14.91
167889,14.91
103273,15.05
248741,15.48
167925,15.48
275227,14.91
118754,14.91
79706,15.48
33326,15.13
86591,14.91
123264,14.91
292495,14.91
102620,14.98
226121,13.96
60625,14.91
176766,14.91
7379,15.48
247081,14.91
103316,14.91
208353,15.48
230434,14.91
31400,15.48
220616,13.96
67305,14.91
44212,15.48
286484,14.91
251578,14.91
63514,14.91
196515,14.91
170892,15.48
153096,15.05
246072,14.91
107977,14.91
254428,14.91
129207,14.91
89093,14.91
81574,14.91
283647,14.91
201455,14.91
52427,14.91
65374,14.91
43790,14.91
112098,14.91
22608,14.91
265609,14.91
9977,14.91
228824,15.48
249357,14.91
99246,14.91
176135,15.48
259271,15.12
122972,14.91
231464,14.91
258538,15.48
37504,14.91
134657,14.91
283648,14.91
181915,14.91
74941,15.48
95738,14.91
165175,13.96
262369,15.12
263196,14.91
2982,14.91
27147,14.91
179108,14.91
205290,14.91
23260,14.91
220808,14.91
264543,14.91
149991,14.91
190337,15.48
13775,14.91
233672,15.48
219471,15.48
205424,15.48
131022,14.91
75291,13.96
217167,14.91
227519,13.96
59619,15.48
194228,14.91
214739,14.91
164347,15.48
181738,14.91
104546,13.96
66073,14.91
77460,14.91
140304,14.91
5679,14.91
147448,14.91
204428,14.91
149311,14.91
224776,14.91
31265,15.48
153976,14.91
135252,14.91
83140,14.91
120225,15.48
294853,14.91
140063,13.96
201807,14.91
210389,14.91
244545,14.91
161048,14.98
73426,13.96
192208,14.91
125446,14.91
49862,14.91
6623,14.91
106937,14.91
10218,14.98
285287,14.91
105340,14.91
174361,14.91
121683,14.91
230471,15.48
282091,15.13
118801,14.91
69068,14.91
19547,14.91
169503,14.91
189056,14.91
274617,14.91
98042,14.91
107806,14.98
294890,14.91
216863,14.91
25665,15.05
266768,14.91
67684,14.91
169044,14.91
208201,14.91
212818,14.91
77485,14.91
264165,14.91
43230,14.91
127667,14.91
83567,14.91
34468,14.91
81933,14.91
161819,15.48
18748,14.91
14654,13.96
45862,14.98
36790,14.91
287666,15.48
267184,15.05
52280,14.91
75995,15.05
166069,14.91
248646,14.91
217593,15.48
230563,14.91
188706,15.48
45530,14.91
154255,14.91
201605,14.91
195779,14.91
19407,14.91
242757,15.48
1463,14.91
51118,15.05
93898,14.91
40423,14.68
76443,15.48
151454,15.48
117571,14.91
102338,14.91
102179,14.91
214893,15.48
21718,15.48
127257,14.91
18551,14.91
165210,14.91
227851,14.91
105028,14.91
83747,15.48
238407,14.91
9429,14.91
165179,14.91
145675,14.91
235032,14.91
76592,14.91
261243,14.91
3574,15.48
216160,14.91
218893,14.91
136994,14.91
254907,14.91
32284,15.48
82998,13.96
208648,15.48
110635,14.91
140997,15.48
67820,15.48
163711,14.91
256020,15.13
275612,14.96
22790,14.91
46992,14.91
119893,14.91
274106,15.48
165633,15.12
217690,15.48
120967,14.91
185716,14.91
6378,14.91
55693,15.48
286492,14.91
248368,15.48
113834,14.91
225673,14.91
5166,14.91
222229,14.91
288452,15.48
286804,14.91
292796,14.91
59711,15.48
217376,14.91
144798,15.48
160873,14.91
250235,14.91
100654,14.91
127756,14.91
298281,15.48
110593,14.91
40341,15.48
90736,14.91
293543,13.96
261285,15.12
265933,15.48
287558,13.96
98641,15.48
50544,14.91
53600,14.91
120500,15.48
31689,14.91
225080,14.91
104190,13.96
21236,14.91
152632,15.48
8608,15.48
295274,14.91
178510,14.91
79048,14.91
170597,15.48
102321,14.91
216571,14.91
159184,14.91
128935,15.48
152595,14.91
242748,15.48
269137,14.98
42725,14.91
27180,14.91
202994,14.91
243346,14.91
129872,15.48
283849,13.96
145845,14.91
3149,15.13
155601,14.91
211348,15.48
115589,14.91
216735,15.13
18878,14.91
107965,14.91
33890,14.91
115202,15.05
28342,14.91
199555,15.48
130270,14.91
27813,14.91
241398,14.91
282957,14.91
271079,14.91
32504,14.91
17339,14.91
147040,14.91
79566,14.91
26214,14.91
182920,15.05
21069,14.91
273747,15.48
283759,14.91
181365,15.48
13489,15.48
227637,13.96
143423,14.91
160933,15.48
149509,14.91
184199,14.91
259563,14.91
186647,14.91
219127,14.91
17075,15.48
116560,15.48
230473,15.48
219376,14.91
288607,14.91
145653,14.91
240232,15.48
287796,15.48
22459,14.91
23172,15.48
59870,14.91
93554,15.48
279904,14.91
105556,14.96
61787,15.48
191443,14.91
151794,14.91
141807,13.96
18217,14.91
168609,15.48
207544,15.48
250955,15.05
224113,14.91
42819,14.91
103887,14.91
252004,14.91
271398,14.91
81841,13.96
20274,14.91
182731,15.05
53001,13.96
227714,14.91
64631,14.91
229042,14.91
163144,14.91
84662,14.91
105596,14.91
108377,15.05
183423,14.91
134912,14.91
63049,14.91
168248,15.48
265291,15.13
45927,15.05
164885,14.91
82025,13.96
206612,14.91
157368,15.48
10618,15.48
199972,15.48
278394,14.91
255884,14.96
127979,14.91
32572,14.91
170180,14.91
76012,14.91
246428,14.91
57838,14.91
32002,14.91
164367,14.91
20640,14.91
85400,14.91
243514,14.98
140445,14.91
22594,14.91
24116,14.91
39230,14.91
3776,14.91
74572,14.91
52323,15.48
96076,14.91
120351,13.96
139783,14.91
294306,14.91
55804,14.91
102489,14.91
69127,14.91
266623,14.91
93450,14.91
170302,15.48
5852,15.48
74448,13.96
230421,14.91
262650,15.48
275089,14.98
139798,15.13
179855,14.91
174498,14.96
138942,15.48
217071,14.91
146012,14.91
51520,13.96
194864,14.91
223987,14.91
154049,14.91
173723,15.05
250363,15.48
1408,14.91
120265,15.48
91099,15.48
261336,15.48
147516,14.91
203929,14.91
17164,14.96
243801,14.91
178008,15.48
198217,15.48
38641,14.91
234568,15.48
239111,14.91
56434,14.91
252499,14.91
64446,15.48
39208,14.91
81056,14.91
255787,15.48
34807,14.91
216317,14.91
82974,14.91
86097,14.91
267468,14.91
9574,14.91
240946,14.91
98757,15.48
19059,14.91
20249,14.91
56969,14.91
208575,14.91
198926,15.48
202406,14.91
127433,14.91
101338,14.91
245723,14.91
155099,14.91
13644,13.96
133196,13.96
219395,14.91
254801,14.91
107917,15.48
11847,14.91
164745,15.48
10606,15.05
63785,14.91
129411,14.91
212000,15.48
201332,14.91
76672,14.91
145621,14.91
132747,14.91
68071,15.48
109379,14.91
263132,15.12
277639,14.91
281889,14.91
190853,14.91
269070,15.48
52365,14.91
88072,14.91
114844,15.48
181616,14.91
154501,15.48
78785,14.91
210866,15.48
230352,14.91
250585,14.91
136987,15.48
222964,14.91
165008,14.91
74598,15.12
212042,15.48
297894,14.91
56856,14.91
73947,14.91
150840,14.91
37630,14.91
132972,14.91
28520,15.48
10644,14.91
292067,13.96
11260,15.05
136327,15.05
268382,14.91
217557,14.91
82023,14.91
41515,14.91
226306,14.91
266469,15.48
209528,14.91
210482,14.91
19985,14.91
76506,14.91
20492,14.91
165808,14.91
175731,14.91
59377,15.48
158344,15.48
171340,15.48
284637,14.91
128709,14.91
58727,14.91
262140,14.91
198080,14.91
297787,14.91
62910,14.91
253023,15.48
264195,14.91
266826,14.91
249952,14.91
256475,15.12
123300,14.96
89566,14.91
249162,15.48
2228,14.91
291580,14.91
58275,14.91
273077,15.48
254742,14.91
216783,15.48
287841,15.48
168882,14.91
267150,15.13
219833,14.91
3633,15.48
155528,14.91
181325,14.91
280474,13.96
143166,13.96
115906,14.91
217095,14.91
3684,15.48
137201,15.48
116385,14.68
16381,15.48
299046,14.96
257740,14.91
68034,14.91
9323,14.91
67976,15.48
171432,14.91
15274,15.05
208367,14.91
34376,14.96
128440,14.91
293019,14.91
37325,14.91
112597,15.48
211940,14.91
196708,14.91
225991,14.91
111166,13.96
287090,15.48
228061,14.91
37871,14.91
36662,14.91
92640,14.91
183785,14.91
166488,15.09
280326,14.91
14271,15.12
127796,15.13
293281,13.96
185181,14.91
153298,14.91
266176,14.91
188080,13.96
112711,15.48
280871,15.48
205954,15.48
193120,14.91
14988,15.48
22411,14.91
236091,14.91
79233,14.91
257695,14.91
121086,14.91
25399,15.05
123154,14.91
142743,14.91
146673,14.91
227741,14.91
208257,13.96
35535,14.91
286130,14.91
261733,14.91
47351,14.91
193617,14.91
221926,13.96
33952,14.91
209469,14.91
188837,14.91
201677,13.96
13267,14.91
61383,15.48
68051,14.91
102882,13.96
278326,14.91
95697,15.48
193391,14.91
71711,14.91
218253,14.91
53889,14.91
47208,14.91
111063,14.91
63780,14.91
73534,14.91
291306,15.48
63367,14.91
14459,14.91
297376,15.48
298876,14.91
251148,15.05
297336,15.48
69895,14.91
155605,14.91
174825,14.91
64518,14.91
221699,14.91
38080,14.91
199469,14.91
89615,13.96
184383,14.91
201561,14.91
172449,14.91
215582,14.91
4467,14.91
138445,14.91
18509,14.91
159868,14.91
205701,14.91
234493,14.91
207934,15.48
241034,15.48
178767,14.91
146816,14.91
147606,14.91
208802,14.91
115826,14.91
291614,15.48
283206,14.91
111210,14.91
282923,14.91
292906,14.91
157346,14.91
141780,14.91
194447,14.91
198188,14.91
235870,14.91
11848,14.91
126880,15.48
147421,14.91
69408,15.48
130363,13.96
248408,14.91
206085,15.48
85657,14.91
257804,15.12
270038,15.13
41223,15.48
283551,15.48
85658,15.05
98050,15.48
144520,15.12
246809,15.48
51532,15.48
1692,14.91
275604,14.91
177633,14.91
68596,14.91
181704,14.91
133089,14.91
286034,14.91
106078,13.96
42740,15.48
4831,14.91
60974,14.91
299390,14.91
111934,14.91
272442,14.91
29597,15.48
173133,14.96
293386,14.91
111811,15.48
245179,14.91
104747,14.96
186971,14.91
35782,15.48
237305,15.48
147393,14.91
273425,14.91
68503,14.91
285072,14.91
260174,14.96
234979,14.91
94363,14.91
286951,14.91
190209,14.91
254878,15.12
40742,14.91
92082,14.91
25297,13.96
170674,14.91
207775,14.91
85655,15.48
270424,14.91
27229,15.05
165106,14.91
40805,14.91
26675,13.96
299122,14.91
202983,14.91
252555,14.91
291412,14.91
122601,14.91
97933,14.91
146052,14.91
76271,14.91
76966,14.91
98142,13.96
39492,14.91
210184,14.91
13032,13.96
91610,14.91
12642,14.91
104370,14.91
214750,15.48
224527,13.96
262444,14.91
213296,14.91
30195,14.98
45506,15.13
184339,15.48
1512,14.91
121297,14.91
30114,15.48
201613,14.91
143321,15.48
272665,15.48
130827,14.91
97988,14.91
251207,15.48
200586,13.96
50245,15.48
151581,15.48
156413,15.48
27466,15.05
1525,14.91
160006,15.13
60378,14.91
19761,14.91
268193,14.91
277262,15.05
68233,15.48
188064,15.48
231981,14.91
1862,14.91
266740,15.48
276270,15.48
27455,15.48
25928,14.91
171559,14.91
103664,15.48
26599,14.91
69137,15.48
43598,15.48
136975,15.48
47762,14.91
160757,14.91
45559,14.91
95483,14.91
296026,15.48
236543,15.48
17053,14.91
283309,15.05
150290,14.91
92034,14.91
239888,14.91
240861,14.91
17969,14.91
293351,14.91
120378,15.13
204526,14.91
153279,14.91
184942,15.48
138661,14.91
5363,13.96
122706,14.91
173195,15.13
107079,14.91
67611,14.91
92464,14.96
35552,14.91
254132,14.91
120771,14.91
295676,14.91
45280,15.48
158776,14.91
34777,14.91
267840,14.91
59487,14.91
192680,14.91
194372,14.91
45894,15.48
108102,14.91
227737,15.48
82738,14.91
131595,14.91
65628,14.91
59597,14.91
108375,14.91
46529,15.48
70322,14.91
19150,14.91
190525,15.05
293600,15.48
278347,14.91
180681,14.91
173611,15.48
233963,15.48
256465,14.91
100346,14.91
50235,15.48
198384,14.91
138974,15.48
28584,14.91
40578,14.91
266238,14.91
17919,14.91
271949,15.48
283136,13.96
14999,14.91
78545,14.91
139012,15.48
68752,15.48
77448,14.68
35809,14.91
176346,14.91
176214,14.91
216934,14.91
201344,14.91
10257,14.91
95274,14.91
64489,14.91
293121,14.91
140374,14.91
16216,14.91
38726,14.91
232106,14.91
54559,14.91
298265,14.91
291334,13.96
213874,15.12
90246,15.48
141922,14.91
113379,15.48
239940,15.48
148858,14.91
105015,14.91
285005,14.91
267452,14.91
290260,14.91
174117,15.05
70418,14.91
213120,14.91
112957,15.48
138135,14.91
173339,15.05
289348,14.91
73167,13.96
241388,14.91
231434,15.48
59944,15.48
138716,13.96
85562,14.91
175354,14.91
88778,14.91
82792,14.91
291003,15.48
242539,15.48
57607,14.91
236083,15.48
92914,15.48
287043,14.91
93215,15.13
97362,13.96
1171,14.91
209531,14.91
215124,14.91
48471,14.91
193653,14.91
97703,13.96
71260,14.91
291447,14.91
17154,14.91
25133,14.91
187829,14.91
69163,15.13
88588,14.91
75627,14.91
21523,13.96
201375,15.48
155365,15.48
137550,13.96
8700,14.91
256643,14.91
229245,13.96
271111,14.91
154845,15.12
220406,15.48
108844,15.48
58539,15.05
79308,14.91
205091,14.91
39037,14.91
27686,14.91
207312,15.13
39623,14.91
239062,14.91
182733,15.48
145543,14.91
177538,15.48
257305,14.91
246050,15.48
207768,14.91
27394,14.91
269201,15.48
157704,14.91
79509,14.91
255598,14.91
235376,15.48
127489,13.96
51802,14.91
184060,14.91
97463,14.91
36576,15.48
268466,14.91
57052,15.48
217345,14.91
107171,14.91
133077,14.91
83478,15.48
49285,14.91
198441,14.91
132668,15.48
141407,15.48
146385,15.48
160956,13.96
170151,14.91
248640,14.91
181883,15.16
88171,15.12
176980,14.91
33473,15.48
259248,14.91
28789,14.91
140060,15.05
289752,14.91
196540,14.91
67096,14.91
260793,15.48
266660,14.91
208428,14.91
53648,14.91
214238,15.48
15238,14.91
166285,14.91
219717,14.91
130904,14.91
288661,15.48
117470,15.13
218294,14.91
265329,15.48
118438,14.91
180240,14.91
5687,14.91
915,14.91
12020,14.91
233191,14.91
18721,14.91
50236,13.96
189652,13.96
255283,14.91
256369,15.12
209925,15.48
29341,14.91
82437,14.98
227482,14.91
60203,14.91
4077,14.91
294847,14.91
8562,14.91
293205,14.91
159168,14.91
31790,14.91
290745,15.48
67382,14.91
99086,15.48
113725,14.91
201286,14.91
32080,14.91
103190,15.48
229468,15.48
183017,14.91
204264,14.91
54143,14.91
132063,14.91
55309,15.05
123484,15.48
209840,14.91
175673,15.48
18315,14.91
18954,14.91
276868,15.48
175722,14.91
291226,14.91
274803,15.48
277366,14.91
22646,15.48
16492,14.91
143122,15.48
157824,14.91
127611,14.91
76761,14.91
197456,14.91
27720,14.91
264529,14.91
7568,15.48
9296,15.09
7084,15.48
16557,14.91
228901,14.91
109715,14.91
18587,14.91
224538,14.91
55274,14.96
207945,14.91
247984,14.91
101055,15.13
259543,15.48
109176,14.91
33070,15.48
253111,15.05
142670,14.91
123271,14.91
266849,15.48
169847,14.91
194508,15.48
220989,15.48
169900,14.91
293466,14.91
186744,14.91
277333,14.91
279131,13.96
280702,14.91
36288,14.91
71921,15.13
101998,14.91
86466,14.91
82629,15.05
245471,14.91
57566,14.91
189337,15.05
228461,14.91
234734,14.91
26194,13.96
102341,14.91
63757,14.91
76467,14.91
58950,14.91
89948,14.96
171849,15.48
42157,15.12
64762,14.91
274271,15.48
76485,14.91
89473,15.48
223641,15.48
154393,14.91
191398,14.91
248312,15.05
225909,14.91
152677,15.48
65919,14.91
266028,14.91
174769,15.48
29426,15.48
296485,15.12
297326,15.05
227763,15.05
64425,14.91
245084,14.91
49481,14.91
285824,15.48
169948,14.96
289814,14.91
55273,15.48
228303,14.91
271161,14.91
214787,14.91
49710,14.68
104847,14.91
296421,14.91
116642,14.91
18024,14.91
10092,15.48
89704,14.91
27611,14.91
231477,14.91
246628,14.91
219277,14.91
243146,13.96
138469,15.05
44495,14.91
211871,14.91
11068,14.91
250365,15.48
248153,14.91
150367,15.48
5809,14.91
160677,15.48
188241,14.91
163518,15.12
160473,14.91
198437,14.91
77735,15.48
147932,14.91
174549,14.91
167607,14.91
121794,15.48
138868,14.91
178588,14.91
93812,15.05
183228,14.91
237852,14.91
78172,14.91
160584,15.48
233863,14.91
74822,14.91
104798,14.91
232344,15.48
149976,14.91
135541,14.91
205040,15.48
202752,14.91
177630,14.91
86812,14.91
170761,15.48
161683,14.91
254920,14.91
9026,14.91
87366,14.91
43190,15.05
168316,14.91
160634,14.91
61007,13.96
222834,14.91
15105,15.48
294278,14.91
39939,15.12
73292,14.91
262501,14.91
30754,14.91
15912,14.91
198479,14.91
62913,15.48
96312,14.91
81586,14.91
152146,15.48
146532,14.91
278090,14.91
42052,13.96
34268,14.91
15348,14.91
43684,14.91
217454,14.91
101413,14.91
37766,14.91
193484,14.91
203914,14.91
188798,14.91
75184,14.91
222001,14.91
193864,14.91
274246,15.48
144269,14.91
18946,14.91
54474,14.91
248627,14.91
112069,14.91
289937,14.91
10317,14.91
183519,14.91
140260,15.48
1251,14.91
115931,14.91
126412,13.96
168089,14.91
100872,14.91
239255,14.91
282811,15.48
267969,14.91
3392,15.13
227829,14.91
270501,14.91
185459,14.91
106056,14.91
248975,14.91
1671,14.91
31438,14.91
162965,14.91
60865,13.96
105482,14.91
281368,15.48
262456,14.91
109201,14.91
44455,14.91
254436,15.48
80898,15.48
251982,14.91
179975,14.96
159530,15.48
116786,14.91
96330,14.91
218631,14.91
22465,14.91
219469,15.48
39997,13.96
173394,14.91
292369,15.13
122129,15.48
40191,15.48
200517,14.91
281150,15.48
168538,14.91
90,15.48
207489,14.91
169364,14.91
40424,15.48
140732,14.91
35404,14.91
266413,15.48
234413,14.91
69281,14.91
77805,15.05
195480,14.91
69368,14.91
173983,14.91
116588,14.91
77127,15.05
283565,15.48
85246,14.91
30143,14.91
165492,14.91
190331,14.91
186365,14.91
231119,14.91
265018,14.91
20527,13.96
263075,14.91
266888,14.83
262899,15.13
203550,15.48
40922,14.91
221643,14.91
74719,14.91
295186,14.91
140855,14.91
34400,15.48
277602,15.48
12532,15.48
19483,14.91
136633,15.48
108685,14.91
106995,14.91
204213,15.16
156474,14.91
294309,14.91
10077,14.91
28555,14.91
150049,14.91
62707,14.91
115842,14.91
213902,13.96
148640,14.91
21981,14.91
44002,15.48
157503,14.91
183391,14.91
171487,14.91
284502,15.05
53766,15.48
261881,15.48
177385,14.91
261463,15.48
12643,15.48
135137,14.91
204978,15.48
151111,15.48
253566,15.48
157926,14.91
288788,14.91
32077,15.48
42659,14.91
21704,14.91
71761,15.05
189040,14.91
130332,14.91
170183,14.91
279573,14.91
256702,15.13
25354,14.91
5376,14.91
110780,15.48
5767,14.91
223438,15.48
288499,14.91
123599,15.48
163512,14.91
228898,15.48
96901,14.91
6766,14.91
53562,14.91
203875,15.48
194464,14.91
30492,15.12
95681,15.48
162030,15.48
228661,14.91
272002,15.48
132785,15.05
159722,14.91
98568,15.48
253754,14.91
200336,14.91
67734,14.91
40523,15.48
147976,14.91
171569,14.91
2726,14.91
211516,14.91
222281,15.05
147014,14.91
186041,14.91
245427,15.48
86268,15.48
251413,14.96
142719,14.91
53011,14.91
249979,14.91
64483,14.91
264913,15.48
130013,15.48
163516,14.91
281067,14.91
83421,14.91
275445,14.91
28815,14.91
257113,15.48
156013,15.48
278857,14.73
63730,15.48
230529,15.48
33195,15.13
136955,15.48
226616,15.48
105507,15.48
75800,15.13
298009,14.91
8788,14.91
83929,14.96
46469,14.91
14761,15.48
156681,15.48
148119,14.91
166145,15.48
272605,14.91
297390,15.48
60731,15.48
247091,14.91
213815,13.96
66275,14.91
48229,15.48
88373,15.48
98650,14.91
31470,14.91
4160,15.48
19543,14.91
107781,14.91
56429,14.91
271125,15.48
118381,15.48
163283,14.91
168809,14.91
139959,14.91
56830,14.91
288290,15.48
141497,14.91
195317,14.91
70266,14.91
170716,15.48
6692,14.91
269490,14.91
87609,14.91
41286,15.48
19212,14.91
58010,13.96
184923,14.91
258515,14.91
251525,14.91
1981,14.91
96632,14.91
171897,14.91
81838,14.91
141215,14.91
169602,15.48
241315,13.96
284361,15.13
101042,14.91
204971,14.91
177369,14.91
212714,14.91
196476,14.91
264911,14.91
168218,14.91
100813,14.91
250988,15.48
46193,14.91
207492,14.91
68019,14.91
51475,14.91
28571,14.91
144217,14.91
220352,15.48
99216,15.48
151819,15.48
240141,14.91
213538,14.91
6887,13.96
274443,14.83
206024,15.48
39930,14.91
227221,14.91
281384,14.91
277995,14.91
104158,14.91
209665,15.48
170741,14.91
145020,14.91
282999,15.05
23810,13.96
54798,15.05
132368,14.91
239598,15.48
170101,14.91
69265,14.96
251743,15.48
53063,14.91
157374,15.48
258120,14.96
189526,14.91
80810,14.96
8545,14.91
175067,14.91
139754,14.91
257714,14.91
113247,15.48
290763,14.91
63675,15.48
125629,14.91
274658,14.91
223485,15.48
90014,14.91
111703,15.48
245493,14.91
78002,14.98
134375,14.91
214293,14.91
197069,14.91
111694,15.48
96238,14.91
40558,14.91
104811,15.48
260256,15.48
23332,15.13
135056,14.91
253173,15.48
23024,14.91
24355,14.91
151792,14.91
36273,15.13
285708,14.91
74196,14.91
265527,14.91
269242,14.91
208184,14.91
286730,15.48
290853,15.05
97108,14.91
104083,13.96
116933,14.91
128565,15.48
70968,15.48
79961,14.91
103614,15.12
207214,14.91
1242,13.96
47268,14.91
187294,14.91
150107,15.48
81735,14.91
95572,14.91
195830,14.91
157767,14.91
298049,15.48
194909,14.91
12698,14.91
9169,14.91
103767,15.48
292850,14.91
55187,15.05
937,15.48
227604,14.91
25340,13.96
217298,14.91
80162,15.48
291794,15.48
188211,14.91
198191,15.48
12111,14.91
269380,15.48
1329,14.91
238119,14.91
182586,14.91
124281,15.48
38601,14.91
193324,14.91
180997,14.91
218273,14.91
204126,15.48
130993,14.96
229322,14.91
159771,14.91
285337,14.91
221204,14.91
60785,14.91
253644,14.91
24748,15.48
211993,15.48
103449,15.05
186419,13.96
17117,14.91
180647,14.91
13214,14.91
2667,14.91
152483,14.91
88153,14.91
25925,13.96
210923,14.91
284561,14.91
149094,14.91
19082,14.91
148407,14.91
93189,14.91
112119,14.91
287454,15.05
42292,14.91
29567,14.91
258952,14.96
290761,14.91
273767,14.91
112429,14.91
247484,15.48
70334,14.91
100257,13.96
222837,14.91
185234,14.91
47566,14.91
90002,15.48
184181,14.91
230507,14.91
260404,15.05
290314,14.91
124342,14.91
22796,15.48
18586,14.91
180894,15.48
36044,14.91
120214,14.91
295903,14.91
25256,14.91
294884,14.91
251877,14.98
285970,14.91
150346,14.91
285645,14.91
253194,15.48
146550,14.91
254148,14.91
91307,14.91
124126,14.91
264360,14.91
294095,14.91
186456,14.91
144126,15.48
297718,14.91
260125,14.91
52023,14.91
230086,14.91
175714,14.91
260672,15.13
137905,14.91
206681,15.05
250201,14.91
185794,15.48
27550,15.48
270621,15.05
75168,14.91
41859,15.48
170465,14.91
294117,14.75
166869,14.91
65134,14.91
160076,13.96
86975,14.91
282208,15.48
76722,15.48
5381,14.91
224783,14.91
95884,14.91
182941,13.96
62115,15.48
15264,14.91
207347,15.48
279424,14.96
281777,15.48
37475,14.91
199263,14.91
111591,15.48
148428,15.48
80845,14.91
297609,15.13
232012,14.91
128970,14.91
207799,14.91
196421,13.96
280788,15.48
160205,13.96
57299,15.48
163766,14.91
182212,14.91
22180,14.91
273218,14.96
168835,14.91
15294,14.91
32521,14.91
202640,15.48
180619,15.05
5089,14.91
195039,14.91
47867,14.91
38273,14.91
73442,15.48
84831,14.91
249812,13.96
51022,14.91
53363,13.96
131451,15.48
253828,14.91
295408,14.91
153571,14.91
288238,14.91
204689,15.48
213216,14.91
151361,14.91
212146,15.48
26652,15.48
206768,13.96
180773,14.91
86851,13.96
246825,15.48
264171,14.91
40716,14.91
31704,14.91
272526,14.91
67936,15.48
246062,15.48
16956,14.91
243929,15.48
282990,15.48
199309,15.48
50329,14.91
165034,15.48
95267,14.91
195074,14.91
198869,14.91
170104,14.91
112694,15.48
247123,14.91
279013,14.91
210240,14.91
276919,13.96
115172,14.91
86162,14.91
179629,14.91
75674,14.91
79500,14.91
189666,14.91
106462,14.91
104521,14.91
188127,14.91
90269,14.91
135785,14.91
72564,14.91
212979,15.48
47155,13.96
794,13.96
159960,14.91
139905,15.05
104306,14.91
166500,15.48
19342,14.91
2744,14.91
47822,14.91
164914,14.91
51728,15.48
170289,15.48
62140,14.91
179976,14.98
233910,14.91
232932,14.98
196744,14.91
50878,14.91
246407,14.75
59233,14.91
250311,14.91
54589,15.48
282360,14.91
149413,14.91
76631,14.91
103402,14.91
274228,15.48
171470,14.91
147193,14.91
195092,14.91
171218,14.91
253815,15.05
14863,14.91
263119,15.12
68012,14.91
133647,15.05
225640,14.91
137906,14.91
53418,14.91
130138,15.48
179143,15.48
116766,15.48
84530,14.91
130711,14.91
130189,15.48
77500,14.91
153776,14.91
16851,14.91
160501,14.91
115398,14.91
108509,14.91
152260,15.48
25636,14.91
254487,14.91
87168,14.91
106807,15.48
60992,13.96
109957,14.91
283672,14.91
184905,14.91
230243,14.91
166504,14.91
293471,14.91
43821,14.91
193485,14.91
16320,14.91
8893,14.91
164373,15.48
60326,14.91
199931,15.48
80473,14.91
268655,14.91
208817,14.91
44648,14.91
134901,14.91
206855,14.91
53486,14.91
101462,13.96
282291,15.13
181597,14.91
244062,14.91
173165,14.96
67206,14.91
253528,15.48
286807,14.91
245818,14.91
238168,14.91
71698,14.91
73113,14.91
162884,14.91
77327,15.12
129247,15.12
21588,13.96
259124,15.05
265001,14.91
120353,14.91
240518,14.91
58880,14.91
221116,15.48
89758,15.05
1928,14.91
16405,15.48
173144,14.91
48666,14.91
21,14.91
17981,14.91
290769,15.05
124868,13.96
4629,14.91
239545,14.91
43192,14.91
22531,15.48
102485,14.91
65414,14.91
94960,14.91
135689,14.91
202449,14.91
154601,14.91
28036,14.91
42379,14.91
148214,15.48
130757,15.48
109819,14.91
142701,14.91
271715,15.48
20920,14.91
209116,14.91
22230,14.91
193792,15.48
275028,14.91
206675,13.96
287173,15.48
198541,14.91
280864,14.91
229328,15.12
63686,14.91
189552,14.91
289484,14.91
61744,14.91
128039,14.91
171493,14.91
293312,14.91
241868,14.91
163375,14.91
297302,15.05
30044,14.83
46579,14.83
28362,14.91
91469,14.91
245542,14.91
150315,15.48
35605,15.48
254963,14.91
54557,15.48
278745,14.91
104621,14.91
229911,15.48
152301,15.48
288297,14.91
153067,15.48
40089,15.12
158341,14.91
73597,14.91
111298,15.48
40724,15.48
130558,14.91
118881,14.91
91709,14.91
277910,14.91
147908,14.91
252399,15.05
55031,14.91
80753,14.91
37328,14.91
163899,14.91
254042,14.91
74506,15.48
79202,15.05
235758,14.91
98266,14.91
237859,14.91
13412,15.48
248463,14.91
298449,14.91
216198,15.48
169293,15.05
275024,14.91
58626,15.12
142856,14.91
179291,14.91
145296,14.91
81720,14.91
147741,14.91
211801,15.48
207010,15.13
32487,14.91
217784,15.48
180836,15.48
261124,15.48
273208,14.91
33413,14.91
20465,14.91
12096,15.48
79529,15.48
217828,14.91
23206,14.91
210950,14.68
131531,14.96
239427,14.91
204832,15.48
221752,14.91
255591,14.91
127045,14.91
50316,14.91
273153,14.91
58212,14.91
66531,14.91
242741,14.91
285933,15.48
275632,14.91
251549,14.83
43752,14.91
147945,14.91
265029,14.91
161281,15.48
133153,14.91
49734,15.48
30874,14.91
288296,15.48
202040,15.48
216684,15.48
265219,15.05
258167,14.91
2958,14.91
171248,14.91
128869,14.91
244478,14.91
278957,14.91
187498,14.91
36703,14.91
136711,15.48
70941,14.91
64621,14.91
48156,15.48
151407,14.91
286251,14.91
12941,15.48
24990,14.91
184866,14.91
207856,15.48
159546,14.91
156146,15.12
77909,15.48
19883,14.91
236902,14.91
91203,14.96
68886,14.91
247551,14.91
17219,14.91
203640,14.91
78739,14.91
69900,14.91
63053,14.91
291202,14.91
168710,15.48
296264,14.98
164309,15.48
259842,15.12
92581,14.91
54035,14.91
164595,14.91
140000,14.91
96857,15.48
135081,15.48
199219,15.48
243098,14.91
31850,15.48
282888,14.91
34822,14.91
106743,14.91
65288,14.98
107461,14.91
249736,14.91
279945,14.98
50319,14.91
40075,14.96
298590,14.91
164853,14.91
172872,15.48
297663,14.91
126643,14.91
159325,14.91
176547,14.91
205706,15.48
118302,14.91
96333,14.91
85798,14.91
254281,14.91
131892,15.48
208653,15.48
103259,15.48
42499,15.48
15126,15.05
285016,15.05
225694,14.91
128769,15.13
220038,14.91
106479,14.91
11433,14.91
162095,13.96
170133,14.91
81546,14.91
278929,14.91
135873,14.91
117908,15.48
228711,14.91
277245,14.91
134695,13.96
132944,14.91
20526,15.48
19864,14.91
139028,14.91
75067,15.48
238317,15.48
231061,15.48
142998,14.91
177454,15.48
103413,14.91
68806,14.91
165245,14.91
109191,15.48
50263,14.91
211091,15.48
152511,15.48
175769,14.96
168921,14.91
40095,14.91
131541,15.48
103054,15.05
92486,14.91
13355,15.48
105857,15.48
201419,14.96
182681,14.91
147846,14.91
167753,15.48
58998,14.91
272731,14.91
46297,14.91
16811,14.91
42309,14.91
100066,14.91
152199,15.48
225786,15.48
252180,15.13
71402,15.48
169375,15.48
27816,14.91
87327,13.96
207906,15.48
28402,14.91
281016,14.91
276275,15.48
3677,15.48
158514,14.91
150583,15.48
235583,14.91
20178,14.91
133941,15.05
202105,14.91
22943,15.13
51203,14.91
97738,13.96
46506,14.91
169218,15.48
251196,15.05
142280,14.91
280908,14.91
211607,14.91
35510,14.91
51199,14.91
60988,15.48
10008,15.48
201426,13.96
59748,14.91
48618,14.91
154513,14.91
106164,14.91
291054,14.91
289420,13.96
94016,14.91
66127,14.91
215050,15.48
66504,14.91
74487,15.48
192138,14.91
289282,14.91
214595,15.13
69322,15.48
278426,14.91
20101,14.91
69497,15.48
57053,15.48
112959,15.48
271338,14.91
232973,14.91
167909,15.48
90740,15.48
108070,14.91
12240,14.91
145455,14.91
13206,14.91
283149,14.91
1787,14.91
20179,14.91
275873,14.91
46013,14.91
173881,14.91
37318,14.91
32304,14.68
47734,15.48
286485,15.13
66287,14.91
170933,14.91
35233,15.48
182215,13.96
256466,14.96
220413,14.91
75370,15.13
123776,13.96
32510,15.48
115035,13.96
289378,13.96
285146,14.91
20086,14.91
21412,14.91
160160,14.91
200561,15.48
129512,15.48
277139,14.91
249224,15.48
73420,14.91
54847,15.48
234919,14.91
44804,15.13
74169,14.91
214104,14.91
218696,14.91
169309,14.91
104721,14.91
45509,15.48
44960,14.91
116677,15.48
27834,14.91
201611,15.48
71645,14.91
156122,14.91
248651,14.91
80652,15.48
73363,15.48
7222,14.91
239442,14.91
198904,14.91
15942,15.48
19074,14.91
243912,14.91
61072,14.91
158689,14.91
260487,15.48
257618,14.91
219790,14.91
281414,15.48
197452,14.91
81873,14.91
146824,14.91
207202,14.91
162032,14.91
203953,14.91
243999,14.91
53770,14.91
1367,14.91
155074,14.91
190953,14.96
111704,15.48
249227,14.91
35352,14.91
211159,14.91
74047,14.91
86941,14.91
16671,14.91
233385,14.91
13076,14.91
170025,14.91
96891,15.13
102813,14.91
227898,14.91
73585,14.91
139632,13.96
203427,14.91
27721,14.91
77779,15.48
124047,14.96
11169,15.48
28181,14.91
145100,14.91
44297,15.05
44642,14.91
112129,14.91
5391,15.48
164587,15.05
222085,14.91
18295,14.91
111820,14.91
168181,14.91
197375,14.91
269685,14.91
172488,14.91
95111,14.91
275506,13.96
18149,14.91
113074,14.91
109393,13.96
140132,14.91
99059,15.48
123789,15.48
216430,14.91
284087,14.91
156076,13.96
127050,14.91
25513,14.91
282833,15.05
259676,14.91
203296,14.91
31229,15.12
36584,15.48
223898,15.48
178017,15.48
231269,15.48
180922,14.91
294009,15.13
165040,15.48
207018,14.91
90145,13.96
168358,13.96
161616,14.91
91476,15.48
75894,13.96
58,14.91
142660,14.91
23991,14.91
222693,14.91
63015,15.48
180849,15.13
289810,14.91
62945,14.91
239849,15.48
124901,15.09
166008,14.91
3364,14.91
195377,14.91
236945,15.48
142942,14.91
115378,14.91
109385,14.91
223170,14.91
160703,14.91
194929,15.12
96063,14.91
210756,14.91
202031,15.48
145603,14.91
159851,14.91
182405,15.48
129620,15.12
37682,14.91
45987,14.91
61881,14.91
261638,14.91
57517,15.48
23270,15.48
197434,15.05
212234,15.48
99589,15.48
237083,15.48
200771,14.91
67614,14.91
106947,15.13
181088,14.91
216391,14.68
269596,14.91
38213,14.91
289337,14.91
180573,14.68
153200,14.91
52252,14.96
44144,15.48
100839,13.96
255904,14.91
240825,14.91
236592,14.91
238017,14.91
204340,14.91
116806,15.48
191902,14.91
227994,14.91
225356,13.96
166740,14.91
186529,15.48
24964,15.48
201727,15.13
104202,14.91
35266,14.91
202757,14.91
267408,14.91
116507,14.91
246524,14.91
91492,14.91
100500,14.96
255157,14.91
60220,14.91
209216,14.91
239838,14.91
56980,14.91
12472,14.91
297565,14.91
294318,14.91
261030,14.91
258340,14.91
10855,14.91
203820,15.48
238175,14.91
294533,13.96
276095,15.05
96900,14.91
33762,14.91
181608,14.91
79002,15.05
210623,15.48
50877,15.48
254560,15.48
163436,14.91
58893,14.91
73307,13.96
272998,14.91
67403,14.91
91994,14.91
277737,14.91
241011,14.91
175132,14.91
167179,14.91
277818,14.91
247370,14.91
122794,14.91
248477,14.91
100083,14.91
79367,15.48
22437,14.91
103414,14.91
162116,14.96
178082,15.48
59956,14.91
258217,15.05
289187,14.91
225855,14.91
235190,14.91
9139,14.91
72447,14.91
293444,15.48
26635,14.91
221110,14.91
164101,14.91
229000,14.91
21276,15.48
67889,14.91
132787,14.96
141093,14.91
280290,14.91
258225,14.91
98016,14.91
44186,14.91
106127,15.48
8193,14.91
220364,14.91
244627,14.91
113871,15.48
249558,14.91
232031,14.91
232145,15.48
252719,14.91
289797,14.91
36830,14.91
242896,13.96
190495,14.96
181651,15.48
41918,14.91
289182,15.48
141244,14.91
105261,14.91
21618,14.91
267052,14.91
274625,15.48
277829,14.91
204417,14.91
18338,14.91
299281,14.91
135889,14.91
183753,15.48
29102,14.91
59702,14.91
246721,15.48
54699,14.91
187249,14.91
212552,14.91
93421,15.48
5443,14.91
62776,14.91
148767,14.91
34056,14.96
70783,14.91
281569,14.91
91526,14.98
161359,14.96
143114,14.91
204592,14.91
259837,14.91
61280,14.91
279325,13.96
167514,14.91
9842,14.91
255846,14.91
171868,15.48
163785,14.91
205486,14.91
35951,14.91
214003,14.91
8009,14.91
38383,14.91
232032,14.91
213062,14.91
71723,14.91
207466,14.91
112377,15.48
210428,14.91
79684,15.48
265190,15.48
101478,14.91
155276,14.91
101405,14.91
115599,14.91
294964,14.91
290251,13.96
289370,14.91
248713,15.48
285614,14.91
29422,15.48
268349,15.48
132474,14.91
90471,14.91
169596,14.91
182460,14.91
39522,14.91
189970,14.91
135791,15.48
182297,15.48
70624,14.91
277651,14.91
269050,14.96
117099,14.91
296267,14.91
22199,14.91
238206,14.91
139683,14.91
208936,14.91
131824,14.91
158170,14.91
244393,13.96
240083,14.91
214841,15.48
58043,14.91
32367,14.91
154632,14.91
277382,14.91
181702,14.91
22420,14.91
237704,14.91
240230,14.91
187797,14.98
242121,15.48
237148,14.91
201485,14.91
146569,14.91
48,14.91
143830,14.91
9543,14.91
153454,14.91
260000,14.91
153815,14.91
182373,14.91
265345,15.48
74665,14.91
267488,14.91
19910,14.91
85174,15.48
285157,14.91
149707,14.91
233209,14.91
277544,14.91
63688,15.48
145031,14.91
57756,14.91
37844,13.96
175473,14.91
244540,14.91
291666,14.91
20464,14.1
250787,14.91
270265,13.96
111864,14.91
206954,15.48
215105,15.48
49404,14.91
17433,14.91
13254,14.91
248650,14.91
155226,15.13
221496,14.91
149582,14.91
276365,14.91
77633,15.05
225462,15.48
234557,15.48
93416,15.48
209324,14.91
176422,15.13
274544,15.48
164655,15.48
271744,15.13
39251,14.91
109826,14.91
102407,14.91
17372,14.91
82010,14.91
287316,14.91
281595,15.48
267213,14.98
27221,15.05
125886,14.91
59284,13.96
210431,14.91
209459,14.91
73622,14.91
185590,15.16
290978,14.91
12064,15.48
188532,13.96
71106,14.91
40477,15.48
156990,15.48
182163,14.91
143003,15.48
104701,14.91
150971,14.91
275959,15.48
24599,14.91
83547,14.91
250966,15.05
231924,15.48
129456,14.68
228067,14.91
57323,13.96
288632,14.91
14219,15.09
89216,14.91
242899,14.91
195583,14.91
30749,14.91
104829,14.91
203254,14.91
62284,14.91
289648,14.91
10296,14.91
139529,15.05
125771,14.91
52990,14.91
4978,14.91
186083,14.91
180965,15.05
268883,14.91
273040,14.91
160267,13.96
246621,14.91
261938,14.96
247473,14.91
90918,14.91
93499,14.91
225614,13.96
177414,14.91
94001,15.05
66942,14.91
37557,14.91
258573,14.91
65492,14.91
3290,14.91
228372,14.91
21693,14.91
62218,14.91
133932,14.91
16069,15.05
252765,14.91
272702,15.48
15690,13.96
226176,14.91
298115,15.05
84317,14.91
191681,14.91
185760,14.91
198039,13.96
11370,14.91
199442,14.91
76628,14.91
279604,14.91
60566,15.48
202816,15.48
22376,15.48
223600,14.91
59746,14.91
95843,14.91
121736,14.91
185471,15.13
127323,14.91
91180,15.48
205684,14.91
4194,14.68
67312,14.91
270844,14.91
41149,14.91
236188,14.91
10129,14.91
33662,14.91
87378,15.48
184691,14.91
1255,14.91
125627,15.48
41674,13.96
266372,15.48
72597,15.48
269082,15.48
236124,14.98
154333,14.91
249814,14.91
116252,15.05
129655,15.48
161514,14.91
139276,15.05
208400,14.91
151544,14.91
52525,14.91
8593,14.91
149701,14.91
58942,15.12
189095,14.91
55322,14.91
281242,15.05
229535,14.91
113594,14.91
166727,14.91
171644,14.91
43501,15.13
204089,14.91
69255,15.48
65938,14.91
10078,14.91
155028,14.91
8211,14.91
82269,13.96
2418,14.91
210592,13.96
193991,14.91
248445,15.48
98434,14.91
258247,13.96
32198,14.91
4259,15.05
233816,14.91
46012,13.96
56103,14.91
12264,15.48
210306,14.91
1615,14.91
207589,14.91
157615,14.91
144326,14.91
260345,14.91
54523,14.91
217569,14.91
135579,14.91
28495,14.91
44456,14.91
155565,15.13
295328,14.91
237423,14.91
243874,15.48
294224,14.91
283988,14.91
81313,14.91
85763,14.91
183009,15.48
240670,14.91
25652,14.91
124424,15.48
128864,15.05
111540,15.48
35972,14.91
114864,15.48
104696,14.91
10459,14.91
102931,15.48
286725,14.91
293057,14.91
106290,14.91
89808,14.91
34829,14.91
126184,14.91
163350,14.91
2911,14.91
252490,14.91
104003,14.91
100065,15.48
33977,14.91
162594,14.91
167279,14.91
79380,15.05
150096,14.91
134861,14.91
210063,15.48
214154,14.91
29126,15.05
156424,15.48
244498,14.91
195279,14.91
234882,15.48
93223,14.91
286593,15.48
222821,14.91
86192,14.91
105078,14.91
265394,15.48
81324,14.91
156501,15.05
268575,15.48
19245,14.91
112073,14.91
207381,14.91
11418,15.48
36465,15.48
139132,15.05
55334,14.91
235230,14.91
70730,14.91
158870,14.91
116181,15.48
132133,14.91
82380,15.48
242910,15.12
6739,14.91
39793,14.91
259671,14.91
224245,15.48
67603,14.91
150299,14.91
206615,15.48
46499,13.96
82530,14.91
229618,13.96
29408,13.96
177728,14.91
150005,14.91
93468,14.91
135517,15.48
210786,14.91
15875,14.91
31789,14.91
298859,14.91
187273,14.91
291521,15.05
14890,14.91
259028,14.91
187988,14.91
107084,14.91
221608,14.91
241116,13.96
286075,15.05
277439,14.91
142981,14.91
224316,14.91
31503,14.91
290562,14.91
95051,14.91
149693,14.91
295402,14.91
191939,14.91
247074,14.91
142515,14.91
31404,14.91
102029,15.48
196741,14.91
261322,14.91
344,15.13
215239,14.91
1473,15.48
247912,14.91
82357,14.91
76449,14.91
92954,14.91
230393,15.48
263904,14.91
177757,14.91
179360,14.91
252469,13.96
183978,15.05
186403,14.91
125117,13.96
177984,14.91
174417,14.91
31389,13.96
114053,14.91
249935,15.13
44826,14.91
212268,14.91
287940,14.91
219289,15.48
154578,14.91
3541,14.91
179762,15.48
259769,14.91
25161,14.91
151351,14.91
239702,15.48
282199,14.91
78964,15.48
264786,15.48
297698,15.48
11295,13.96
117563,14.91
285137,15.48
131877,14.91
68779,14.91
283258,15.48
237125,14.91
45259,14.91
258036,13.96
33806,14.91
229166,14.91
233453,14.91
108470,15.48
213621,14.91
175521,15.48
250305,13.96
72310,14.91
222799,14.91
141291,14.91
6473,14.91
70144,13.96
110908,13.96
203566,13.96
102778,15.48
33108,14.91
132010,14.91
154022,14.91
28221,14.91
119308,14.91
150696,14.91
38146,14.91
146100,14.91
146453,14.91
280340,14.91
158202,15.48
255978,14.91
266127,15.48
66130,14.91
43076,14.91
205579,15.05
129028,14.91
241490,14.91
89858,14.91
277472,14.91
36536,15.48
42856,14.91
286899,13.96
232992,14.91
76375,15.13
72280,14.91
213223,14.91
227589,14.91
159510,14.91
159931,14.91
75748,15.48
191970,15.48
135332,14.91
271888,14.91
12962,14.91
152835,14.91
154207,15.48
54816,14.91
239301,14.91
60930,14.91
261081,15.48
197520,14.91
53892,14.91
146512,14.91
218389,14.91
293847,14.91
267123,14.91
35131,15.48
154005,14.91
4514,14.91
226346,15.48
138059,15.05
80617,14.91
90304,14.91
94031,13.96
58967,13.96
112071,14.91
267240,15.48
218524,15.48
149989,14.91
82149,14.91
266146,15.48
282825,15.48
285627,15.05
289855,14.91
294741,14.91
29881,14.91
246335,15.48
120013,14.91
99043,15.48
61198,15.48
195441,14.91
299364,14.91
278423,15.13
248537,14.91
293669,14.91
223815,15.48
30008,14.91
73764,14.91
258513,15.48
176057,14.91
201748,14.91
182913,14.91
176677,15.12
216540,14.91
297777,14.91
30695,13.96
104,13.96
109022,14.91
291242,14.91
144439,15.48
50879,15.48
249492,14.91
196316,14.91
93943,15.48
150606,15.48
118142,15.05
43633,14.91
53699,14.91
256098,14.91
146720,14.91
67855,14.91
48751,14.91
218090,15.48
159819,14.96
1220,13.96
3601,15.48
213924,15.48
29457,13.96
274223,14.91
151588,14.96
113940,15.48
201801,14.91
21581,14.91
117523,14.91
251601,14.91
258243,14.91
20866,14.91
117728,15.48
160361,14.91
298286,14.96
83709,14.91
204881,15.48
64992,14.91
272557,14.91
54824,14.91
5747,14.91
43506,15.48
246094,14.91
101941,14.91
130313,14.91
79453,15.48
238919,14.91
141934,14.91
215972,14.91
129289,14.91
18038,14.91
52982,14.91
182021,15.05
241041,14.91
143015,14.91
282109,15.05
129215,15.48
214761,13.96
202365,14.91
206149,15.48
226551,14.91
12561,14.91
256386,14.91
137388,14.91
243539,14.91
8276,14.96
55282,14.91
118959,15.48
265135,15.48
175316,14.91
227086,14.68
293658,14.91
270249,14.91
98892,14.91
200048,13.96
52873,14.91
233390,14.91
6809,14.91
252811,14.91
238325,13.96
85090,15.48
277877,14.91
16648,14.91
219510,14.91
121116,14.91
72897,13.96
236759,15.48
253387,14.91
149091,15.05
99481,14.91
250579,14.91
208322,15.48
108531,14.91
169512,14.91
100055,14.91
93465,15.05
11273,15.05
5469,14.91
169128,15.48
200156,15.48
223538,14.91
56977,14.91
258147,15.05
104972,14.91
4976,14.91
181315,15.48
161293,14.91
73371,14.1
178113,15.48
44304,13.96
169812,14.91
74827,14.91
37079,15.48
5144,14.91
254256,14.91
3546,15.48
177310,15.48
276328,15.05
190420,15.48
103521,15.48
43818,14.91
173304,15.48
53393,13.96
77193,14.91
62192,14.91
26199,14.91
226787,15.48
293460,14.91
111600,15.48
232219,15.48
44192,14.91
126344,14.91
61478,14.91
269406,14.91
105720,14.91
36318,14.91
37608,14.91
240197,14.91
236514,14.91
197561,14.91
256178,14.91
112334,14.91
4650,15.48
270930,13.96
123345,15.48
214968,15.48
296533,14.91
56147,14.91
151214,14.91
275138,14.91
271418,14.91
71058,14.91
196127,14.91
15314,14.96
35519,14.91
99227,14.91
270500,14.91
124187,14.91
220739,15.48
126806,14.96
41574,14.91
55833,14.75
293089,14.91
234962,14.91
269278,15.05
261103,14.96
90618,14.91
127196,15.12
84912,14.91
273432,14.91
47211,15.48
91367,14.91
120180,15.05
108462,15.48
42754,15.13
116939,15.48
182146,14.91
73263,15.05
269294,15.48
238707,14.91
36005,15.05
297695,15.48
74079,15.48
104944,14.91
77429,15.48
75519,14.91
282328,14.91
50622,15.48
288124,14.91
76745,14.91
161231,14.91
287141,15.48
270845,14.91
192074,14.91
49692,15.48
112607,14.91
28558,14.91
155818,14.91
23342,14.91
210360,14.91
180972,14.91
205770,14.91
189333,15.13
153854,14.91
118245,15.12
254257,14.91
23762,14.91
20713,14.91
149324,14.91
58142,15.48
118067,15.48
239735,14.91
26794,15.12
233660,14.91
28605,15.48
260942,13.96
189479,15.48
270158,15.13
69881,14.91
118167,15.48
202981,13.96
273301,14.91
114255,14.91
149476,14.91
202103,14.91
148749,15.48
198955,14.91
234763,14.73
134325,14.91
170737,14.91
240926,14.91
113961,15.13
26022,14.96
269741,14.96
40882,14.91
216774,14.91
290987,15.48
124003,15.48
222810,14.91
122774,14.91
135756,14.91
245138,14.91
230553,15.48
223994,14.91
127177,14.91
16485,14.91
164210,14.91
266067,15.48
777,14.96
129930,15.48
244793,14.91
180452,15.48
90096,15.12
6175,15.48
80535,15.48
11426,15.48
230954,15.48
167465,15.48
87202,15.48
81576,14.91
197993,14.91
220526,14.91
189146,14.91
273536,14.91
136619,15.48
86571,15.48
7522,15.48
10970,15.48
247854,14.91
161981,14.91
65650,14.91
8331,15.48
101939,14.91
49577,14.91
70399,14.91
116948,14.96
257101,15.05
149739,14.91
235903,15.48
275420,14.91
264348,14.91
30817,14.91
212011,14.91
238399,14.91
251593,14.91
175365,14.91
160971,14.91
190597,14.98
179145,14.91
272066,14.91
101734,14.91
124911,14.91
35503,14.91
118006,15.48
137995,14.98
296192,15.48
7795,14.91
218689,14.91
210296,14.91
61206,14.91
120260,13.96
250135,15.48
192995,15.48
189410,14.91
133366,15.48
92226,14.91
69692,14.91
142787,14.91
243124,15.48
88535,14.91
121657,15.48
280184,15.48
203562,14.91
22128,14.91
232622,15.05
74472,15.48
169168,15.48
107131,14.91
268469,15.13
98200,15.48
3,14.91
65049,14.91
81976,14.91
110147,15.48
252747,14.91
69256,14.91
56443,14.91
157187,14.91
237300,15.48
242100,14.91
109859,14.91
204823,14.91
75026,14.91
249851,14.91
211054,14.91
148678,14.91
11614,13.96
108225,15.48
24343,14.91
256486,15.05
171572,14.91
60097,15.48
201711,14.91
236180,14.91
27274,15.48
152316,15.48
104276,14.91
186094,14.91
86419,15.48
113625,14.91
272052,15.48
250622,14.91
152425,15.48
145036,14.91
138838,14.91
191749,15.05
220501,14.96
146986,14.91
139226,14.91
229509,15.48
267013,14.91
200787,14.91
164102,14.91
150664,13.96
55420,14.91
227266,15.48
134372,13.96
172000,14.91
33997,15.48
230600,15.48
4933,15.48
72818,14.91
98156,15.48
180505,14.91
96904,14.91
106449,14.91
709,14.91
135953,14.91
122125,15.48
152521,15.48
129103,14.91
88758,14.91
275812,14.91
79543,14.96
20245,14.91
262485,15.48
252788,14.91
276904,14.91
248762,14.91
227465,14.91
159734,14.91
255734,14.91
180881,14.91
186128,14.91
277330,15.48
246391,14.91
244189,14.91
131349,14.91
52758,14.91
3301,15.05
4490,14.91
143753,14.91
249461,14.91
38023,14.91
143639,14.91
203266,15.48
49523,15.48
125925,15.05
100373,15.48
163258,14.91
59360,14.91
126173,14.91
210652,14.91
297054,14.91
144900,14.91
118767,15.48
195076,15.48
60774,14.91
288121,14.98
190876,15.48
246085,14.91
142772,14.91
34945,15.48
58722,13.96
6707,15.48
172452,15.48
275652,15.48
126809,15.13
221034,14.91
79616,14.91
67712,14.91
58398,14.91
129091,14.91
227657,14.91
100623,14.91
190224,15.05
294630,14.91
26162,14.91
96105,14.96
91637,14.91
95534,14.91
2516,14.91
88323,15.48
37852,14.91
176954,15.48
281403,15.48
129360,15.48
168380,14.91
147155,14.91
181674,14.91
240094,14.98
36982,15.48
18067,14.91
22006,14.91
277280,14.91
207116,14.91
163617,14.91
121295,14.91
17018,14.91
143046,14.91
240511,14.91
279478,14.91
286004,14.91
253979,14.91
114172,14.91
186347,15.48
291145,14.91
83436,15.05
1228,14.91
23326,14.91
163166,15.48
78915,14.91
72842,14.91
874,14.91
35471,13.96
274995,14.91
120211,15.48
77904,15.48
105827,14.91
199162,14.91
15757,14.91
228719,14.91
10263,15.48
69607,14.91
224740,14.91
153439,14.91
8823,14.91
121151,15.48
46863,14.98
141555,14.91
211490,14.91
116163,14.91
36185,14.91
242999,14.91
47164,14.91
178309,14.98
212464,14.91
281642,15.12
177643,14.91
95303,14.91
48440,14.91
225709,14.91
235601,15.48
50221,15.48
122007,15.05
195859,14.91
80429,14.91
234460,14.91
210390,14.91
234235,14.91
251062,14.91
74208,15.48
104382,15.48
271710,14.91
117231,13.96
47085,15.05
253039,15.13
145996,14.91
188204,14.91
268530,14.91
163731,14.91
245432,14.91
136618,14.91
100660,14.91
203381,15.05
202920,15.48
69078,14.91
208597,14.91
77070,15.48
184105,15.48
28464,14.91
231050,14.91
83999,14.91
256618,14.91
72313,14.91
108432,14.91
153226,14.91
78874,15.13
201868,14.91
281540,14.91
81704,14.91
121507,14.91
226860,14.91
227794,15.48
130168,14.91
742,14.91
98579,15.48
130954,15.05
114244,14.91
157153,15.48
261818,14.91
288550,14.91
266720,14.91
266955,14.91
143899,14.91
56762,13.96
243002,14.91
204039,14.91
45411,14.91
278307,14.91
199849,15.48
202746,14.91
113712,15.48
81621,14.91
127884,14.91
151869,14.91
89899,15.13
14815,14.91
241697,14.91
195821,14.91
12460,15.48
56072,15.48
84706,14.91
202873,14.91
228806,14.91
176440,15.13
146759,14.91
282228,15.05
291224,14.91
207823,14.91
35429,14.91
86077,14.91
193568,13.96
143328,14.91
281910,14.91
259375,14.68
27106,14.91
271753,14.91
198753,15.48
16928,14.91
114661,14.91
10490,14.91
283920,14.91
9829,14.91
257367,14.91
3499,14.98
272780,15.05
206492,14.91
287890,14.91
196974,14.91
257853,14.91
106401,13.96
46155,14.91
198294,14.91
67811,13.96
127975,15.05
298213,15.48
277456,14.91
237518,14.91
93065,14.91
52987,14.91
93734,14.91
76236,15.48
251765,14.91
59804,14.91
24999,14.91
164005,13.96
200049,14.68
94113,14.91
49503,14.91
32497,14.91
62827,14.91
3295,15.48
140616,13.96
126766,15.05
199959,14.91
76273,14.91
137902,14.91
36882,14.68
15142,14.91
86285,14.91
188814,14.91
58679,14.91
263410,14.91
275412,15.13
102534,15.48
141068,14.91
227921,15.48
245960,15.48
200270,15.48
62931,14.91
165343,14.91
172219,14.91
143171,14.91
122200,15.48
167336,15.48
58710,15.48
31156,14.91
272566,14.91
110413,14.91
22635,14.91
289647,15.48
38932,14.91
257018,14.91
33258,14.91
227784,14.91
200508,14.91
210319,14.91
39140,15.05
13050,14.91
55972,14.91
129852,14.91
130851,14.91
233956,15.48
74407,14.91
151263,14.91
218184,15.48
137284,14.91
55432,14.91
226491,13.96
39634,14.91
33293,15.05
159093,15.13
89814,14.91
266159,14.91
258597,15.48
280861,14.91
19680,15.48
298476,15.48
203854,15.05
90790,15.48
120805,15.48
114776,15.48
10469,14.98
215824,14.91
202396,14.91
37628,14.91
97156,14.96
23603,14.96
266078,15.48
80919,14.91
147342,14.91
8799,15.48
121277,15.48
75874,15.13
275103,14.91
100748,15.13
24872,14.91
198141,14.91
77144,14.91
230356,14.91
96095,14.91
132719,13.96
87155,14.91
224373,14.91
54023,15.48
162051,14.91
250603,14.91
136352,14.91
235746,14.91
249689,14.91
271352,14.91
240987,15.48
123723,14.91
14226,15.48
92431,15.48
102180,14.91
150475,14.91
243756,15.48
78654,13.96
41174,14.91
38433,14.91
12099,15.05
274278,14.91
242375,15.48
262303,15.13
241929,15.48
138933,15.48
164725,14.91
260101,14.91
228371,14.91
17663,14.91
80467,15.48
188605,14.91
107813,15.48
210443,14.91
280883,14.91
4757,14.91
130719,14.91
40004,14.91
6627,14.91
44465,14.96
64564,14.91
137057,14.91
76895,15.05
61721,15.48
145072,14.91
110657,14.91
98689,14.91
129297,14.91
232215,15.48
62964,14.91
296623,15.48
242119,15.48
84347,15.48
57766,14.91
94696,14.91
139336,14.91
129319,14.91
233972,15.48
297011,14.91
80365,14.91
289885,14.91
265301,15.05
58584,15.05
281068,15.48
234946,14.91
126406,15.48
174119,14.91
7706,15.48
96955,15.48
18555,14.91
246946,13.96
266223,14.91
192764,15.05
105621,14.91
177391,15.13
247386,15.48
153924,14.91
247374,14.91
271907,14.91
56457,13.96
21114,14.91
270683,14.83
240636,14.91
77728,15.05
283363,15.13
195699,14.91
106406,13.96
138014,14.91
158155,13.96
11192,14.91
214314,14.91
91377,14.91
256717,14.91
87539,14.91
242984,14.91
42881,14.91
92323,14.91
196383,14.91
135856,15.48
205674,14.91
35748,14.91
197672,14.91
208422,15.48
147210,14.91
285187,15.13
96289,14.91
254489,14.91
162424,14.98
228428,15.48
12396,15.48
229003,14.91
50561,14.91
148638,14.91
149965,15.48
46451,15.48
185419,13.96
32343,14.91
35417,13.96
231351,14.91
181875,14.91
240602,13.96
219629,14.91
176310,15.48
132224,15.12
250215,14.96
42875,15.48
133043,14.91
210143,15.48
115660,14.91
88469,14.91
200906,13.96
56570,14.91
228671,15.48
110174,14.91
23272,15.48
116644,15.48
50193,14.91
144308,14.91
6293,15.48
102388,13.96
39854,14.91
29571,14.91
193635,15.48
41808,15.48
20970,14.91
75238,14.91
204638,14.91
224794,14.91
43120,15.48
253114,15.48
143322,14.91
280577,14.91
241676,14.91
122318,14.91
241514,15.48
264290,14.91
241000,15.48
265661,15.48
272039,14.91
116828,14.91
98430,14.91
138652,14.91
223453,15.48
160233,14.91
51230,15.48
33263,15.13
126565,15.48
76075,14.91
202883,15.48
88545,14.91
132523,14.91
211780,14.91
121007,15.48
35959,14.91
216213,15.48
4593,14.91
138425,15.13
146627,14.91
161678,15.05
63441,14.91
16269,15.48
51495,14.91
211557,14.91
47624,13.96
108588,14.91
2932,14.91
10779,14.91
175641,14.91
135594,14.91
203493,14.91
59287,14.91
159145,15.48
41675,15.48
30957,14.75
33804,15.05
208952,14.91
298746,14.91
195562,14.91
215305,14.91
86355,14.91
157248,15.48
248893,14.91
206563,15.48
96325,14.91
294544,14.91
137720,15.05
73596,14.91
235001,14.91
96472,14.91
64663,15.48
85994,14.91
293066,14.91
136837,15.48
150421,15.48
268017,14.91
155947,14.91
155794,15.05
195232,14.91
237767,14.91
43180,14.96
106922,15.48
236805,14.91
17779,14.91
117128,14.91
262592,14.96
133477,14.91
218043,14.96
52608,14.91
24496,15.48
288728,14.91
201809,14.96
298248,14.91
143406,15.48
187346,14.91
236316,15.48
139246,14.91
176789,15.48
185126,15.48
147424,14.91
238223,14.91
229175,15.48
236630,14.91
252309,15.13
281536,15.48
79841,13.96
167156,14.91
100178,14.91
20555,14.91
259374,15.48
287240,14.91
188246,14.91
316,13.96
93998,14.91
250575,14.91
243080,14.91
262031,15.48
69622,14.91
95906,15.48
266552,15.48
247982,14.91
287727,15.48
25980,14.91
51470,14.91
88485,14.91
184310,14.91
36494,14.91
89707,15.48
74177,14.91
74771,14.91
299167,15.48
266048,15.48
72369,14.91
137278,14.91
267059,13.96
228212,15.48
36933,15.48
7798,15.05
189160,14.91
79705,14.91
189582,14.91
744,14.91
74013,15.48
256768,14.91
893,15.05
169963,14.91
287010,14.91
200858,14.91
162831,14.91
36049,14.96
73468,14.91
295998,15.48
100831,15.48
154769,14.91
207946,14.91
293584,14.91
205090,14.91
213167,14.91
227364,15.12
277276,14.98
98380,14.91
298651,14.91
216258,14.91
281221,14.91
152497,15.48
221817,15.48
296837,14.91
283320,15.48
261151,14.91
264923,14.91
193200,15.48
285323,15.05
91543,14.96
64292,14.91
194546,14.91
37428,14.98
239666,14.91
1144,14.91
20553,14.91
235678,14.91
240959,14.91
87392,13.96
116931,14.91
293613,15.48
267363,13.96
109296,14.91
249294,14.91
29490,14.91
47557,14.91
191955,15.05
292161,14.91
235454,15.48
172929,14.91
35433,14.91
106216,14.91
158219,15.12
69089,15.48
215317,14.91
87395,14.91
108405,14.91
294500,15.13
83319,14.91
12526,15.16
207311,14.91
167408,15.48
24335,14.91
232449,14.91
13239,15.48
128814,14.91
292731,14.91
177751,15.12
246226,15.48
160995,14.91
28425,14.91
147172,14.91
73191,14.91
233846,14.91
194960,13.96
105349,14.91
164087,15.48
136391,14.91
194647,14.91
104813,15.48
252456,14.91
245834,14.91
70123,14.91
50114,15.48
99562,15.48
170602,15.13
45751,15.48
38341,14.91
281804,15.48
211350,15.48
174048,15.48
132710,15.48
155842,14.91
1830,14.91
214639,14.91
151364,14.91
105402,14.91
176053,15.48
195864,14.91
266326,15.48
268105,13.96
2404,14.91
128082,13.96
128075,15.48
276514,14.91
247871,15.48
98325,14.91
32644,14.91
181855,13.96
258289,14.96
210309,15.05
104775,15.13
65329,15.48
3144,14.91
294655,15.48
49893,13.96
219042,15.48
48750,14.91
107018,15.48
115727,14.91
112682,14.91
229691,15.48
212658,15.48
99217,15.48
127866,15.48
152038,15.48
132448,14.91
54811,15.48
32576,15.48
117680,14.91
76320,14.91
97864,14.91
55526,14.91
189924,15.48
18974,14.91
73833,14.91
182864,14.91
66550,14.91
98210,14.91
174945,14.91
222844,15.48
278951,15.48
121123,14.91
50970,14.91
167388,14.91
261823,14.91
31691,14.91
284505,14.91
17624,14.91
67179,14.91
185222,14.91
89549,15.05
62748,14.91
40932,14.91
123713,15.48
14683,14.91
169794,13.96
226197,14.91
51013,14.91
175866,15.16
120140,14.91
134777,14.91
47230,15.48
298390,14.91
187516,14.91
169744,14.91
184200,15.48
207557,14.91
160799,14.91
128560,15.48
258421,15.48
90547,14.91
185324,13.96
66464,14.91
133615,15.05
159718,15.13
18641,14.91
244426,15.48
34806,14.91
146898,14.91
284234,14.83
245704,15.48
188852,13.96
186526,14.91
154909,14.91
150724,14.91
23569,15.48
280620,15.48
256187,14.91
296309,13.96
208749,15.48
189925,13.96
13744,15.48
199256,14.91
39025,14.91
252634,14.91
150014,15.48
54317,15.12
29327,14.91
172069,15.13
33259,14.96
127397,14.91
214820,15.48
26324,15.05
270174,14.91
58360,14.91
107916,14.91
159759,14.91
118507,14.91
283488,15.05
9095,14.91
243419,13.96
295233,14.91
223962,15.48
67389,14.91
298002,14.91
214660,13.96
226530,15.48
159870,14.91
124689,15.13
176510,14.91
281056,15.48
286709,14.91
279517,14.91
94213,14.91
72057,14.91
265307,15.48
97099,14.91
133530,14.91
66541,14.91
168802,15.48
70816,14.91
68057,15.48
105742,14.96
133578,15.48
199388,15.48
119996,14.91
40718,14.91
293732,14.91
186729,15.48
279192,14.91
155911,14.91
59515,15.48
9149,14.91
98828,14.91
6162,15.48
171976,14.91
278320,14.91
40116,15.48
200746,14.91
275254,14.91
65541,14.91
248678,14.91
73475,15.48
237477,14.91
58573,14.91
49258,14.91
172333,15.48
279909,14.91
122235,14.91
12363,14.68
69630,15.05
61355,14.91
90356,15.48
177574,15.48
98028,14.91
151773,14.91
276425,13.96
209491,14.91
107742,14.91
7926,14.91
107627,15.48
110035,14.91
129146,14.91
6229,13.96
95059,14.91
193121,15.05
12031,14.91
164138,15.48
73791,15.48
298845,14.91
151978,15.48
65574,14.91
145593,14.91
285368,14.91
251513,14.91
138201,14.91
147597,14.91
120640,15.16
186065,14.91
110286,14.91
26527,15.05
125391,15.48
292973,14.91
215437,14.91
14668,15.13
21857,15.48
283538,15.16
93410,13.96
41719,14.91
247950,15.48
265260,14.91
17592,14.91
32551,14.91
155227,14.91
261577,15.48
158655,13.96
151318,15.48
133599,15.48
228616,15.48
62966,15.48
272779,15.05
177874,15.13
824,14.91
244199,14.91
143001,14.91
119629,14.91
92402,14.91
132883,14.91
204709,14.91
241384,15.48
201815,14.91
26594,15.48
117789,13.96
189421,14.91
38721,14.91
20942,14.91
1665,14.91
212238,14.91
188017,14.91
13121,15.48
214310,15.12
241132,14.98
141442,14.91
35098,15.48
63527,14.91
125609,14.91
226157,15.48
217612,14.91
185371,14.91
157647,15.48
39554,14.91
65272,15.48
173426,14.91
194622,15.48
292434,13.96
138963,15.48
129850,14.91
73098,14.91
222403,14.91
229866,15.05
40959,14.91
206204,15.05
20483,15.48
282216,15.48
143978,14.91
165642,15.48
101868,15.48
127983,14.91
137665,14.91
209581,15.48
228125,14.91
198868,15.05
272991,15.48
7124,15.48
199332,15.48
36176,14.91
108416,14.91
74706,14.91
127415,15.48
205168,14.91
282875,14.96
182251,14.91
102410,14.75
250248,14.91
158284,15.48
24350,15.48
40825,14.91
136846,15.05
230551,15.48
152861,15.48
180792,14.91
2606,14.91
270070,15.05
80742,14.91
47464,14.91
55678,14.91
71351,14.91
58034,14.91
185152,14.91
42632,15.48
199000,14.91
194230,15.48
16554,14.91
1673,14.91
45573,15.48
175557,15.12
137013,14.91
137319,15.48
70573,14.91
47329,14.91
11150,15.48
166351,14.91
171209,14.91
227167,14.91
226811,14.91
94409,14.91
208415,14.91
114840,14.91
98770,15.48
203647,14.91
63075,14.91
206502,13.96
272807,15.48
167960,14.91
46238,14.91
264211,14.91
234219,15.48
25815,15.12
223316,14.91
265599,13.96
115227,14.91
141711,15.48
41983,14.91
87328,15.05
31638,14.91
101064,14.91
254779,14.91
140779,15.48
51770,15.48
269749,14.91
47294,14.91
282120,15.48
245599,15.48
3278,14.96
263332,15.05
15726,14.91
221144,14.91
4641,14.96
105560,14.91
152349,15.48
197443,15.12
83515,13.96
287143,15.48
186840,14.91
120273,14.91
118672,14.91
145600,14.91
218589,15.13
13227,15.48
4178,14.91
72277,14.91
117262,14.91
156661,15.48
235573,14.91
89068,14.91
84485,15.48
229757,14.91
66364,14.91
256239,14.91
14338,15.48
54762,14.91
229933,15.48
95923,14.91
54065,14.91
51720,13.96
115840,15.48
269895,14.91
123653,14.91
120628,14.91
22378,15.48
35356,14.91
179122,14.91
27309,15.13
170354,14.91
108972,14.91
46583,15.48
164673,14.91
150119,14.91
253968,14.91
149695,14.91
189269,15.48
111324,13.96
196284,14.91
156016,15.48
181162,14.96
1354,14.91
119812,15.48
296415,14.91
229131,14.91
49218,15.48
224102,14.91
294589,15.48
142478,14.91
95176,15.48
276669,14.91
120518,13.96
20313,14.91
65814,15.05
247640,14.91
25242,14.91
238444,14.91
251081,15.48
115012,14.91
113863,15.48
179870,14.91
169817,14.91
87218,14.91
280692,15.48
26598,14.91
176002,14.91
72092,14.91
108562,14.91
238492,14.91
294200,14.91
56818,15.05
45584,14.91
39745,13.96
209613,15.48
50470,14.91
284235,14.91
45634,15.48
162721,14.91
258315,15.48
280659,15.48
273270,14.91
270540,15.48
287939,14.91
199346,14.91
47176,14.91
237964,14.91
163917,14.91
281559,14.91
287126,13.96
263903,14.91
83942,14.96
280323,14.98
92639,15.48
155167,13.96
7940,14.91
299235,15.48
36589,14.96
78794,14.91
167111,14.91
208228,14.91
6706,14.91
279294,14.91
290128,14.91
180700,15.05
84484,15.48
143061,14.91
120727,14.91
274992,13.96
44269,14.91
119897,14.91
199826,15.48
134183,14.91
62194,15.48
99746,15.48
296876,14.91
251665,14.91
242719,14.91
244701,13.96
149786,14.91
93015,14.91
251654,14.91
42617,14.91
164467,14.91
178060,15.48
31840,14.91
96403,14.91
218108,15.48
244271,14.91
8501,15.48
28721,15.48
203654,14.91
69722,14.91
156212,14.91
44687,15.48
248915,14.91
13712,14.91
134506,15.48
40675,14.91
146064,14.91
133075,14.91
21752,15.48
179628,14.91
229522,15.48
35274,14.91
115626,15.48
35725,14.91
274075,14.91
188346,14.91
280186,14.91
67775,14.96
204733,15.48
126758,15.48
265499,15.12
289583,15.48
94382,14.91
5620,14.91
104842,14.91
270029,14.91
234269,15.48
32829,14.96
2946,14.91
82880,15.48
186064,14.83
37931,14.91
22153,14.91
296235,15.48
252643,14.91
34796,14.91
36661,15.48
51816,14.91
97095,14.91
85347,15.48
272005,15.48
13762,14.91
239640,15.48
209424,13.96
117261,14.91
14049,14.91
271740,15.48
17163,14.91
232057,14.91
215130,15.13
205391,14.91
173313,15.05
67513,14.91
47168,15.48
185428,14.91
261812,14.91
150556,13.96
296157,14.91
151149,14.91
239352,15.48
99123,14.91
124438,14.91
200814,14.91
298067,15.48
145480,15.48
61002,14.91
44534,14.91
133584,14.91
99684,14.91
145834,13.96
232853,14.91
215283,14.91
65245,15.48
127803,14.91
104709,15.48
19307,14.91
81415,14.91
32216,14.91
150605,14.91
255471,14.91
263135,15.48
146921,14.91
125193,15.48
159058,15.48
165497,14.91
188780,14.96
212523,14.91
96087,15.05
86339,14.91
65582,14.91
48376,14.91
45146,14.91
247832,14.91
109682,15.48
275318,15.48
184890,14.91
47703,15.48
92455,14.91
257083,14.91
156634,14.91
199877,14.91
184439,13.96
262112,15.48
112634,15.48
260843,13.96
162099,14.91
7218,14.91
43706,14.91
249651,14.91
225627,15.48
61761,14.91
103609,14.91
284773,13.96
67746,15.48
22546,14.91
43877,14.91
201114,14.91
284217,15.05
66676,14.91
40992,15.12
52114,14.91
31750,14.91
110038,14.98
196768,14.91
95628,14.91
119517,14.91
42924,15.48
93862,15.12
67778,15.48
39704,14.91
176952,15.48
289270,13.96
32022,15.48
133189,14.91
184446,15.48
227214,15.48
76683,14.91
295296,15.48
44591,14.91
93107,14.91
195476,14.91
50178,14.91
172398,14.91
271207,14.91
98122,15.48
136732,14.91
112465,14.91
62701,15.12
213833,15.48
126692,14.91
237094,14.91
25918,15.48
201371,15.48
246182,14.91
255242,15.05
122063,14.91
128430,14.91
38934,14.91
198661,14.91
215820,15.48
290530,14.91
52224,15.48
9668,15.48
157267,14.91
108173,15.48
264433,14.91
255868,15.05
224199,14.91
114970,14.91
102640,15.13
286382,15.05
122257,15.48
141389,15.13
210551,14.91
160755,15.48
184512,14.91
13048,15.48
82337,15.05
201603,14.91
213974,14.91
51734,14.91
182727,14.91
102968,14.91
216067,15.48
146562,14.91
156592,14.91
177179,14.91
287199,15.48
99816,15.48
270021,14.91
278597,13.96
232757,14.91
229999,14.91
119334,15.05
205013,14.91
170342,14.91
36643,14.91
197119,15.48
26401,14.91
56040,15.48
194928,13.96
143679,14.91
67568,14.91
4111,13.96
187939,14.91
19079,14.91
235121,14.91
132514,14.91
5184,14.91
108495,14.91
65021,15.48
271571,14.91
160890,14.91
14313,14.91
120445,14.91
176915,15.05
122175,14.91
28212,13.96
78125,14.91
183343,14.91
141754,14.91
36813,15.48
121192,15.48
191,15.48
155741,14.91
192264,14.91
24978,13.96
158460,14.91
81998,15.12
49369,14.91
241318,14.91
71905,15.48
166318,15.48
122614,14.91
209698,14.91
37311,14.91
245763,14.91
223712,14.91
199602,14.96
263164,15.48
88090,14.91
49940,13.96
131302,14.91
161729,15.48
298135,14.91
299391,14.91
124944,14.91
77119,14.91
106321,14.91
259680,14.91
182802,15.48
100542,15.48
149794,14.91
105198,14.91
142861,14.91
171742,14.91
87089,15.48
31072,14.91
283700,14.91
286165,15.13
115667,14.91
287093,15.05
115894,14.91
6749,14.91
232975,14.91
132123,14.91
50517,14.91
76354,14.83
127765,15.48
175435,14.91
22649,14.91
91560,15.13
117146,14.91
150474,14.91
106632,14.91
269004,15.48
276648,15.48
124408,14.91
254106,15.48
292091,15.48
214600,14.91
178185,14.91
171110,14.91
161118,15.48
87546,14.91
23794,14.91
256123,14.91
32488,14.91
227279,15.48
45888,14.91
173540,14.91
118185,14.91
92027,14.91
290482,14.91
85009,14.91
166512,14.91
96497,14.91
269938,13.96
56592,15.48
133351,14.91
185279,14.91
163049,14.91
145902,14.91
15990,14.91
195896,14.91
135752,14.98
228101,14.91
10736,14.91
173031,14.91
80616,14.91
12230,14.91
123785,14.91
158806,14.75
132810,14.96
101819,15.48
141948,14.91
174216,15.48
75354,15.13
252390,14.96
190380,15.48
79815,14.91
262750,14.91
281222,14.91
161240,14.91
5897,15.05
140614,15.48
35513,14.91
42609,15.48
289575,14.91
176646,14.91
228928,14.91
226426,15.48
282626,14.91
272454,14.91
184166,14.96
164220,15.48
155696,14.91
262751,14.91
288498,15.48
2819,15.48
79193,14.91
68553,14.91
156525,14.91
236258,14.91
22957,14.91
153426,14.91
22238,14.91
101360,14.91
175655,14.91
283953,14.91
162133,14.98
265696,14.91
276475,15.48
73138,14.91
81595,14.91
286011,15.48
165860,14.91
91485,15.48
6024,14.91
118531,14.91
233681,14.91
129653,14.91
33493,15.13
114489,14.91
141797,14.91
143592,14.91
292195,14.91
179405,15.48
36734,14.91
178532,14.91
159812,14.96
192352,15.48
176186,14.91
208509,14.91
217881,15.48
84718,15.48
274713,15.48
75546,13.96
194874,14.91
143619,14.91
123077,14.91
224019,14.91
140521,14.91
173623,14.91
101044,13.96
49205,15.12
86551,14.91
120795,15.48
134255,14.91
6670,15.48
269552,14.91
4191,13.96
108038,15.48
196711,14.91
13934,13.96
4024,15.48
265887,14.91
138650,14.91
16394,14.91
58350,14.91
267313,14.91
110865,14.91
1580,14.91
258706,14.98
112191,15.48
183640,14.91
122075,14.91
180989,14.91
187638,14.91
238025,14.91
62529,14.91
230571,14.91
229677,15.48
53735,14.91
291488,14.91
116114,14.91
245624,14.91
189116,14.91
51010,15.05
217067,14.91
132517,14.91
68708,15.48
151961,14.91
45008,14.91
216372,14.91
95317,15.12
229562,14.96
91172,15.48
244523,14.91
133833,14.91
268672,14.91
75902,15.48
161885,14.91
83944,14.91
288411,13.96
177149,14.91
289273,15.48
192462,15.48
214196,15.48
200917,14.91
55765,14.91
26487,14.91
207183,14.91
216445,14.91
135213,15.48
288789,14.91
267436,14.91
282970,14.91
192133,14.91
77244,15.12
239547,14.91
78958,14.91
114208,14.91
106222,14.91
299028,14.91
176620,14.98
235397,15.48
204850,15.48
115903,15.48
101997,15.05
63317,15.48
100996,14.91
124629,15.48
23651,14.91
229036,14.91
108292,14.91
70670,15.48
50980,14.91
168087,14.91
81517,14.91
13191,15.48
189382,13.96
227975,14.91
185749,15.48
25126,15.48
259618,14.91
127516,14.91
205421,14.91
96593,15.48
104258,14.91
223139,14.91
11904,14.91
37786,14.91
62006,14.91
59818,14.91
253323,14.91
131710,15.48
265359,14.91
156761,14.91
236069,14.91
106999,15.48
258871,14.91
193070,14.91
73293,15.48
80251,14.91
187862,15.48
208647,14.91
233429,14.91
235505,13.96
239843,14.91
134334,14.91
257644,14.91
144415,15.13
84696,14.91
156068,15.48
53315,14.91
59012,14.91
155259,14.91
211895,15.48
133748,15.05
95876,14.91
250723,14.91
76792,14.91
267915,15.48
41496,14.91
130258,14.91
121598,13.96
9884,14.83
84157,14.91
284318,14.91
68445,14.91
292913,14.91
42069,14.91
94193,15.48
162275,15.48
269435,14.91
286210,13.96
190154,14.91
130368,13.96
54410,14.91
211512,14.91
204724,15.48
98124,15.13
291767,15.48
23987,14.91
22185,14.91
89755,15.13
188569,14.91
112266,15.48
38991,14.91
84658,14.91
48182,14.91
114354,15.48
155580,14.91
131752,15.48
21463,13.96
183942,15.48
22522,15.48
139436,14.91
164100,15.12
95150,15.48
46346,14.91
71176,14.91
30047,14.91
217640,14.91
37062,14.91
97867,15.48
14732,14.91
131907,14.91
112565,14.91
16779,14.91
117892,14.91
120702,13.96
228444,14.91
288082,14.91
210201,14.91
36513,15.48
241070,14.91
283070,14.91
219608,15.48
61598,14.91
227707,15.13
85753,14.91
23101,14.91
47685,14.91
260377,14.91
116084,14.91
176401,14.91
231393,13.96
61122,14.91
176412,13.96
123544,15.48
169799,14.91
144064,14.91
23180,14.91
205942,14.91
127409,14.91
4879,14.91
34091,14.91
70128,14.91
174788,14.91
282736,14.91
72732,14.91
11712,14.91
80626,15.48
135479,15.48
110698,15.48
200585,15.48
242306,13.96
256893,15.13
203978,14.91
243666,14.96
156053,14.91
186349,14.91
21992,14.91
233302,14.91
14921,15.48
44457,15.48
209214,14.91
101550,14.91
298230,14.91
182358,15.48
101670,13.96
21218,14.91
267796,14.91
116478,14.91
250243,15.48
229055,14.91
45164,15.48
154279,14.91
260485,14.98
140529,14.68
119549,14.91
97370,14.91
193398,14.91
245458,14.91
174435,15.48
127527,14.91
150101,14.91
73455,14.91
208760,14.91
93853,15.05
72326,14.91
206835,14.91
54456,15.13
152928,14.91
209012,13.96
145401,14.91
107314,14.91
97023,15.48
109211,15.48
291366,14.91
48608,14.91
243107,14.91
17698,14.91
50425,14.91
53318,14.91
65418,14.91
184253,14.91
102340,14.91
229488,14.91
253311,15.13
184349,14.91
31907,14.91
114333,14.91
15807,14.91
163335,14.91
36709,14.91
227344,14.91
7012,15.05
219468,15.48
221342,14.91
54073,14.91
104670,14.96
215367,13.96
200985,14.91
55933,13.96
14573,14.91
196147,14.91
294049,14.75
207377,14.91
275571,15.48
145561,14.91
226872,14.91
9803,14.91
89356,15.48
156964,15.48
102353,14.91
129913,15.48
14591,15.48
147301,14.91
235199,15.48
164326,14.91
174082,14.91
119242,14.91
174387,14.91
82713,14.91
129385,14.68
277531,14.91
47054,14.91
161010,15.48
18805,14.91
54433,15.48
262480,15.48
64169,14.91
257311,14.91
257166,15.48
136348,13.96
220705,14.91
242971,15.48
247173,15.13
121066,15.48
189033,15.48
234098,14.91
135993,14.91
157423,15.48
169352,14.91
265704,14.91
119670,14.91
17513,14.91
1458,14.91
31634,13.96
77266,14.91
64090,15.48
222737,15.48
182589,14.91
178275,14.91
132590,13.96
183389,14.91
153712,14.91
99940,14.96
93940,14.91
168973,14.91
290892,14.91
82306,14.91
169278,14.91
14906,15.48
217809,15.48
3422,14.91
196205,14.91
32192,14.91
53657,14.91
14576,14.91
200121,15.48
229026,14.91
102132,14.91
170710,15.48
295469,14.91
108895,15.48
257741,15.13
77489,14.91
115419,14.91
254417,13.96
197221,14.91
58625,15.05
17317,14.91
171415,15.48
96969,15.48
259172,15.48
53852,15.48
14883,14.91
64570,14.98
84222,14.91
271711,14.91
150837,14.91
268742,14.91
6094,14.91
288710,14.91
168059,14.91
21033,14.91
99157,15.13
46484,15.48
148488,15.05
73629,14.91
67239,15.48
17657,15.48
279394,13.96
196767,14.91
71237,14.91
168717,14.91
37521,14.91
232388,14.91
66705,14.91
30144,14.91
228842,15.48
249721,14.91
254783,14.91
179168,15.12
264461,14.91
4674,14.91
202292,13.96
179991,14.91
263832,14.91
191415,13.96
210158,14.91
61296,14.91
249561,15.48
2247,14.91
60370,14.91
235618,14.91
174562,14.91
24333,14.91
6398,15.48
209058,15.48
201196,14.91
206447,13.96
158511,15.48
287008,15.48
274784,14.96
79511,14.91
263837,14.91
295368,15.05
139201,14.91
298258,14.91
259175,14.91
191622,15.48
35193,14.91
196743,14.91
216835,14.91
62162,15.48
133270,14.91
176850,14.91
82687,15.48
82968,14.91
228505,14.91
215292,14.91
34994,15.13
255299,15.48
5998,14.75
297942,14.91
39422,14.91
135380,14.91
6765,14.91
249232,14.91
141764,14.91
61989,14.91
254687,14.91
66726,15.48
30060,14.91
33197,14.91
152724,14.91
215500,14.91
135403,14.91
284805,15.48
98805,14.91
232087,15.48
173209,14.91
57919,14.91
194274,15.48
263411,15.48
196137,14.91
70284,14.91
205483,14.91
47007,14.96
222430,14.91
19043,14.91
289889,14.91
296425,14.91
220852,14.91
251685,14.91
108063,14.91
129859,14.91
278560,15.13
41711,15.48
204330,14.91
138400,15.13
189641,14.91
297359,15.48
35125,15.13
177326,15.48
159636,15.48
63911,15.48
75115,14.91
162685,15.48
133339,14.91
123289,14.91
23954,14.91
96384,15.48
215727,14.91
248362,14.91
87657,14.91
133571,14.91
259449,15.13
263036,14.91
182041,14.91
106419,14.91
185096,15.48
45065,14.91
99740,15.48
259187,15.12
62494,14.91
147025,14.91
38190,14.91
182956,14.91
283580,15.48
247873,15.48
107744,15.48
291378,14.91
68526,14.91
269518,14.91
119947,13.96
63144,15.48
273430,15.48
198109,14.91
279009,14.91
188385,15.48
218024,15.48
297021,14.91
221006,15.48
106529,15.12
167181,15.05
250419,14.91
295599,14.91
116100,15.48
32813,15.13
287914,14.91
34528,15.48
231929,15.48
278717,14.91
262085,15.48
167494,14.91
244347,14.91
51241,14.91
230162,14.91
183817,15.05
150568,15.48
156133,15.48
18532,14.91
263897,14.91
257621,15.48
201348,14.91
196595,14.91
273092,14.91
81291,14.91
43797,14.91
279955,14.91
149108,14.91
204281,14.91
202282,15.48
89006,15.48
192776,14.91
97782,15.48
185897,15.05
32739,13.96
278825,14.91
133035,14.91
167142,14.91
249913,14.91
225689,14.91
206925,14.91
21471,14.91
160565,15.48
234188,15.48
199095,14.91
252526,14.91
227111,14.91
281589,15.48
177823,14.91
169010,15.48
151049,15.12
22196,15.48
107998,14.91
258818,14.91
80194,15.48
107997,15.48
254211,15.48
67558,14.91
38891,14.91
270547,15.48
48927,14.91
273626,14.91
197736,14.91
249372,14.91
101160,14.91
254677,14.91
198722,14.91
43912,15.48
164821,15.48
220185,14.91
59875,14.91
132943,15.48
90768,14.91
263127,14.96
215058,15.48
249313,14.91
279224,15.48
85473,15.48
44171,15.48
128397,14.91
210265,14.91
47803,13.96
199528,14.91
185365,14.91
140013,14.91
268610,14.91
171256,14.91
107883,14.91
46400,14.91
146399,14.91
59841,14.91
6651,14.91
96549,13.96
202348,14.91
283117,13.96
138483,15.48
149817,14.91
279701,14.91
109350,15.48
274303,14.91
193790,14.91
52465,14.91
69209,14.91
277543,14.91
107119,15.05
96579,15.48
275788,15.48
95296,14.91
214939,15.48
86510,14.91
21055,14.91
287912,14.91
205802,15.48
197426,15.48
51639,15.48
19702,14.91
141590,14.91
145161,14.91
185809,14.98
199568,14.91
98803,14.91
106991,14.91
291188,14.91
105059,15.48
155190,14.91
288335,15.48
288967,15.13
228692,14.91
65407,14.91
280257,14.91
35406,14.91
13193,15.48
287278,14.91
104704,15.48
91799,15.48
198206,14.91
211555,14.91
92360,14.91
55767,13.96
255011,13.96
107986,14.91
120940,14.91
157174,15.48
12715,14.91
289099,14.91
245557,13.96
99820,15.05
104871,14.91
117464,14.91
25179,14.91
207355,15.48
184913,15.05
151041,14.91
288617,14.91
148030,15.48
61057,14.91
37709,14.91
188401,14.91
169131,15.05
139207,14.91
290902,14.91
185136,14.91
207406,14.91
129341,14.91
40190,15.48
170509,14.91
12088,15.48
69440,15.48
283203,13.96
76019,14.91
53829,13.96
84842,14.91
279307,14.91
213773,14.91
126030,14.91
19222,14.91
188335,14.91
260334,14.91
289036,14.91
252818,14.91
153697,14.91
126687,15.48
201098,13.96
222095,14.91
157452,15.48
820,14.91
220227,14.91
107216,14.91
189392,14.91
290488,14.91
287587,14.91
75844,15.48
193712,14.91
167546,15.48
218640,15.48
107550,14.91
57381,15.48
190088,15.48
136682,14.91
292733,14.91
142469,14.91
110891,14.91
218614,14.91
192051,14.91
13907,14.91
136482,14.91
209430,15.48
53660,14.91
143192,13.96
165322,14.91
102845,14.91
76386,15.48
79557,15.48
255867,14.91
45767,14.91
208545,14.91
294650,14.91
7036,15.05
109138,15.48
270787,15.12
267075,14.91
70559,15.48
61733,14.91
170398,14.91
56015,14.96
263758,15.48
36859,15.48
162043,15.48
90476,15.48
25112,14.91
59047,14.91
189994,14.91
68248,15.48
70121,13.96
12524,14.91
10495,14.91
166361,14.91
273944,14.75
134207,15.48
280736,13.96
34634,14.91
36618,14.75
34245,15.48
262642,14.91
57945,14.91
16898,14.91
138465,14.91
26112,14.91
4936,15.48
213791,14.91
130058,14.91
161816,15.48
57540,14.91
61874,14.91
161216,15.05
288146,15.13
63679,14.91
190806,14.91
269567,14.91
225436,14.91
236685,14.91
231325,14.91
244202,14.91
296458,14.91
182772,14.91
196394,14.91
106217,14.91
272247,15.48
53416,14.91
18263,14.91
85927,15.13
137994,14.91
275898,13.96
69029,14.91
206365,15.05
2742,14.91
3261,15.48
76142,14.91
62099,14.91
70251,15.48
30331,14.91
115033,15.48
171676,14.91
274714,14.96
195109,14.91
163239,14.91
199241,14.91
271180,14.91
211032,14.96
64225,15.48
47086,15.48
15785,14.91
171951,15.12
114730,13.96
52536,13.96
231855,14.91
153921,15.05
240771,14.91
115866,14.91
259775,14.91
56086,13.96
40470,14.96
82107,13.96
229881,15.13
172659,15.48
183187,14.91
204987,14.91
101037,14.91
32663,14.91
90289,14.91
204496,14.91
274040,15.48
40536,14.91
299213,15.48
47346,13.96
44605,15.12
20324,14.91
143267,14.91
84559,14.91
182301,14.91
94653,14.96
57948,15.48
53006,14.91
109336,15.48
51183,13.96
215010,14.91
281,15.48
52399,15.12
227723,14.91
185479,14.91
275238,14.91
32699,14.91
122853,14.91
230080,14.91
45786,14.91
35324,15.13
289393,14.91
287675,15.48
202896,15.48
145021,14.91
291834,14.91
14590,14.91
38919,14.91
73374,13.96
213101,15.48
125375,14.91
213689,14.91
10053,15.48
197438,14.91
275901,14.91
25157,14.91
206233,14.91
39199,14.91
137243,15.48
274200,15.48
73789,15.48
150307,14.91
109597,14.91
268715,14.91
3570,15.48
72789,15.48
53042,14.91
123129,14.91
11823,15.48
130671,14.91
101989,14.91
202227,14.91
93849,15.05
229527,14.91
143117,15.48
74607,14.91
285327,15.05
250628,14.91
240337,14.91
269239,14.91
158043,14.91
241729,15.05
100977,14.91
294129,13.96
71941,14.91
127598,14.91
54725,14.91
18151,14.91
89959,15.12
263202,14.91
133118,14.91
294454,14.91
133078,15.48
242835,14.91
5596,14.91
136232,14.91
214681,14.91
167126,14.91
251405,15.05
285963,14.91
251538,15.13
20438,15.05
135718,15.05
5898,14.91
42520,14.91
168305,14.91
171718,14.91
88579,14.91
42199,14.91
169394,14.91
122633,14.91
37372,14.91
180290,14.98
59118,14.91
23308,15.48
295229,15.48
49693,14.91
176274,15.48
107499,14.91
286800,14.91
123434,14.91
29447,14.91
142426,14.91
113770,15.48
275038,14.68
262854,14.91
14500,15.48
246235,15.48
35755,15.48
291648,14.91
110223,13.96
122677,15.48
105412,15.48
63889,14.91
160639,14.91
266548,14.91
280863,14.96
115204,14.91
134926,15.48
37658,15.16
286065,14.98
49313,15.48
51739,15.48
283113,13.96
243368,15.48
2877,14.91
106054,14.91
224977,14.91
141561,15.48
292859,14.91
15556,14.91
104622,15.48
293756,14.91
271533,14.91
121001,15.48
155090,14.91
12447,15.48
182647,14.91
286622,15.48
21864,14.91
194032,14.91
243587,14.91
274022,14.91
28819,14.91
15702,14.91
130453,14.91
288426,13.96
112064,14.91
139076,14.91
263391,14.91
178224,14.91
240607,14.91
88139,15.05
95581,14.91
199180,14.91
67395,15.48
6666,14.91
174809,14.91
54777,15.13
237279,15.48
171452,14.91
244356,15.48
108227,14.91
8772,15.12
210,15.48
90022,14.91
223560,14.91
134707,14.91
264740,15.13
276943,14.91
97195,14.91
69524,14.91
202264,14.91
232439,14.91
131650,15.48
120792,15.48
225671,14.91
212805,14.91
106033,14.91
214327,14.91
99999,14.98
142232,14.91
146069,14.91
51904,14.91
181037,14.91
210199,14.91
252343,14.91
188668,15.48
284528,15.48
75606,15.48
221527,14.91
130713,14.91
149252,14.91
111587,15.48
293114,14.91
18709,15.13
115949,15.48
276315,14.91
188094,15.48
201289,14.91
132964,14.91
266998,14.91
250829,14.91
288674,14.91
83383,14.91
19430,14.91
265685,15.48
60124,15.48
287379,15.48
185212,14.91
52711,14.91
52357,14.91
156811,15.48
247729,14.91
223911,15.05
75841,14.96
54636,14.91
122955,14.91
135833,15.48
223842,15.48
40623,13.96
231706,13.96
117510,14.91
139586,15.48
235241,15.48
193566,14.91
51063,14.91
169867,14.91
36266,15.48
200698,15.48
167427,14.91
95568,15.48
101035,15.48
69766,14.91
119206,14.91
61839,15.48
45656,15.05
293209,14.91
76192,14.91
193149,14.91
277688,14.91
140763,15.48
264337,14.91
133166,13.96
284880,15.13
216338,15.13
25851,14.98
253822,15.48
279214,14.91
37550,14.91
180600,14.91
157862,14.91
25709,14.96
67250,14.91
87109,14.91
194901,14.91
159182,14.91
26660,13.96
36951,14.91
271581,14.91
105214,15.13
276621,14.91
203409,14.91
55245,15.48
245632,14.91
44501,15.48
26800,13.96
155175,14.96
124837,14.91
107844,14.98
225561,14.68
287892,15.09
256351,15.48
286206,14.91
92207,14.91
136111,14.91
27808,14.91
48494,14.91
15012,13.96
231891,14.91
177553,15.48
100505,13.96
163839,14.91
106278,14.91
29414,14.91
298001,15.48
155236,15.13
249869,15.48
107993,15.48
122462,14.91
112386,14.91
211627,15.48
95019,14.91
205804,14.91
25648,14.91
68021,14.91
144099,14.91
104677,15.48
148264,14.91
174282,15.48
214307,15.05
259176,15.48
179185,14.91
112536,14.91
238219,14.91
282940,14.91
200916,13.96
140851,14.91
48004,14.91
222754,14.91
103203,15.48
3517,14.96
58429,14.91
285932,14.91
289951,14.91
244678,14.91
45000,14.91
44749,14.91
75754,14.91
232917,14.56
128251,15.48
43177,14.91
52517,15.48
292555,15.48
219752,14.91
149295,14.91
269728,14.91
285435,14.91
29824,15.48
160092,14.91
219030,13.96
95753,14.91
231208,14.91
281759,15.48
122375,15.48
283394,15.48
25752,15.48
97697,15.48
217869,14.91
297633,14.96
290426,13.96
261648,14.91
264582,14.91
107778,14.91
248890,14.91
120157,14.91
185177,15.48
93969,14.91
130922,14.91
130314,15.48
216120,14.91
278327,14.91
296423,14.91
148512,14.91
26966,14.91
240893,14.91
131445,14.91
129661,14.91
81670,14.91
232024,14.91
158910,14.91
33338,14.91
60409,14.91
185458,15.13
184303,14.91
214090,14.91
291409,14.91
18447,14.91
147607,14.91
274433,14.91
239467,15.13
14540,14.91
59715,14.91
124441,14.91
274774,14.91
102694,15.48
292116,13.96
290278,14.96
187824,14.91
277147,15.13
109370,14.91
85535,14.91
154238,15.05
263954,14.91
116302,14.91
21078,14.91
22394,15.48
52339,15.48
78103,14.91
239538,14.91
227000,14.91
67459,14.91
254826,14.91
147752,14.91
35496,14.91
220575,14.91
207658,15.48
125696,14.91
128637,15.48
81599,14.91
245811,14.91
248996,14.91
136556,14.91
277079,15.05
157516,15.48
35115,15.05
199559,15.48
129916,14.91
213701,14.91
291309,15.48
246933,14.91
243655,15.05
11643,14.91
176923,15.05
264650,14.91
134766,15.12
48190,13.96
47231,15.48
283894,14.91
71582,15.48
289556,14.91
246318,14.91
93711,14.91
79307,14.91
111160,13.96
9701,14.91
97670,15.48
200948,13.96
86808,14.91
64338,13.96
241685,14.91
262517,14.91
187426,14.91
297958,13.96
137108,14.91
102335,14.91
66974,14.91
203061,14.91
50494,14.91
54277,14.91
97169,15.13
169199,14.91
132020,14.91
194663,15.48
31044,14.91
53730,14.91
103494,15.48
101623,14.91
174744,14.91
25984,14.91
278410,15.13
62836,14.91
186802,14.91
156916,13.96
274889,13.96
100722,14.91
221338,15.48
177484,13.96
110273,14.91
219726,15.48
38460,14.91
103831,14.91
261751,14.91
296211,15.48
140056,14.91
288175,14.91
232693,14.91
282299,13.96
258807,15.48
66819,14.91
121053,14.91
229855,14.91
288103,15.05
46000,14.91
138440,15.48
238449,14.91
166971,14.91
46370,15.48
134576,14.91
172249,15.12
13804,15.05
117487,14.91
88336,14.91
184827,14.91
118550,13.96
3023,14.91
172965,14.91
196950,14.91
157485,15.13
150855,14.91
185369,14.91
297759,14.91
124983,14.91
277956,14.91
159433,14.91
69371,14.91
67674,14.91
200563,15.05
26493,14.91
266578,14.91
251836,14.91
174399,15.48
139395,14.91
196329,14.91
293056,14.91
214188,15.48
14205,15.48
161500,14.91
291150,14.91
200988,14.91
238099,14.91
71119,14.91
123015,14.91
106679,14.91
62983,15.48
184511,14.91
54388,14.91
217005,14.91
184282,14.96
101736,14.91
149677,14.91
296177,14.91
279984,15.48
15805,15.48
227388,15.48
250029,14.91
294303,14.91
209960,14.91
71014,15.48
161578,14.91
165162,14.98
74612,15.48
263343,14.91
151998,15.48
200139,15.48
78178,14.91
201546,15.48
224791,15.48
39466,14.91
207637,15.48
32159,14.91
36826,15.48
128625,14.91
263656,14.91
235945,15.48
145948,14.91
288311,14.91
69018,14.91
223095,15.48
116237,14.91
281250,15.48
216268,14.91
276260,15.48
299066,14.91
274466,14.91
20462,14.91
85688,15.05
241522,15.48
85185,14.91
98318,14.91
136787,14.91
111839,13.96
107224,14.91
57533,14.91
117047,13.96
108780,14.91
177410,15.48
123560,14.91
117012,15.48
207040,14.91
138657,14.91
119461,15.48
158898,14.91
194248,14.91
294747,14.91
287918,14.91
213008,14.91
28730,14.91
279896,15.48
105554,14.91
33244,15.05
130480,14.91
224232,14.91
204863,14.91
225220,14.91
37967,14.91
93800,15.48
40963,14.91
214040,14.91
214383,15.48
191135,14.91
233496,15.48
34532,15.05
140914,14.91
247283,14.91
25251,14.91
13371,14.91
232434,14.91
136356,13.96
99440,15.48
56918,14.91
226159,15.48
53449,15.48
194141,15.12
33669,14.96
176437,15.48
190874,14.91
193438,15.48
183782,14.91
206191,14.91
129520,14.91
292534,15.13
268162,14.91
228714,14.91
240293,15.48
176625,14.91
37731,14.91
281745,14.91
199726,14.91
274643,15.12
1390,14.91
59103,15.48
182742,14.91
82598,15.48
40442,14.91
282586,15.13
36421,14.91
32207,14.91
297476,15.48
158596,14.91
207343,15.48
33111,14.91
225117,15.48
114324,14.91
296579,14.91
215993,15.48
277340,14.91
234553,14.91
20833,14.91
155164,14.91
279983,14.91
225981,15.48
252604,15.48
89921,14.91
293183,14.68
126540,14.91
183685,15.48
127690,14.91
208093,15.48
194270,15.48
121155,14.91
204105,15.48
81603,14.91
235887,14.91
200291,15.48
111872,15.48
196269,14.91
110631,14.91
282869,15.48
32573,14.91
76908,14.91
146359,15.48
243279,14.91
126505,14.91
196327,14.91
128242,14.98
160714,15.48
255478,14.91
42153,14.91
190472,14.91
102510,15.48
218646,14.91
225964,14.91
191632,14.91
287922,14.91
289700,14.91
134039,15.13
276205,15.13
204608,14.68
105037,14.91
208536,15.48
298478,14.91
55643,14.91
57231,15.48
223452,14.91
175591,15.48
238278,14.91
195421,14.91
282791,14.91
129001,15.48
192315,15.48
28560,14.91
135036,15.48
20717,14.91
50949,14.91
131725,15.13
183658,14.91
147526,14.91
53211,14.91
214379,14.91
129742,15.05
65212,14.91
264327,15.05
264143,14.91
187108,14.91
13275,15.48
66746,14.91
187214,14.91
195584,14.91
86002,14.91
80289,14.91
274028,14.91
74914,15.48
28668,15.48
223969,15.48
145112,14.91
261507,15.05
218944,14.91
84606,15.48
10678,14.91
133836,14.91
252696,15.48
27659,14.91
122956,14.91
191680,14.91
213644,14.91
228645,15.48
37616,14.91
294377,15.16
127392,14.91
31068,14.91
10590,15.48
123227,14.91
146541,14.91
48040,15.48
58991,15.48
253787,14.91
250009,15.48
266850,15.48
124371,14.91
242219,14.91
120789,14.96
64180,14.91
156141,14.91
69698,15.48
163812,14.91
252666,14.91
227873,15.48
261364,14.91
221241,14.91
271341,14.91
274103,14.91
55451,14.91
80167,14.91
229495,14.91
228355,14.91
143519,14.91
232888,14.91
297168,14.91
185687,14.91
19899,14.91
246359,14.91
252,14.91
107572,14.91
93629,14.91
172752,15.13
51891,14.91
111235,14.91
68969,15.48
270323,14.91
10316,13.96
75457,14.91
189688,15.13
123623,14.91
63050,14.91
140059,14.91
296342,14.91
105592,14.91
144152,14.91
146963,14.91
103105,14.91
169825,15.48
251847,15.05
146940,14.91
17838,14.91
127689,14.91
244899,15.48
84621,15.05
236653,14.91
120597,15.48
189804,14.91
289698,14.91
46176,15.13
119491,15.48
128477,14.91
64153,13.96
143885,14.91
52217,15.48
37975,14.91
24141,14.91
243667,14.91
242396,14.91
139212,15.48
94859,14.73
88705,15.13
224964,14.91
10027,15.48
226648,14.91
287948,14.91
125379,14.91
110845,14.91
113832,14.91
57759,14.91
84367,14.91
270444,14.91
78573,13.96
111661,14.91
99697,15.48
292792,14.91
207756,13.96
82668,14.91
98514,13.96
90282,14.91
105162,14.91
41514,14.98
184981,15.12
58288,14.91
78042,14.91
142243,14.91
278873,14.91
27403,14.91
272260,15.05
121156,14.91
267512,14.91
258633,14.91
45067,14.91
252104,14.91
248388,14.91
179606,14.91
102490,15.48
249032,14.91
76627,14.91
211433,14.91
111050,15.48
95988,14.91
199144,15.48
227675,14.91
22660,14.91
284563,14.96
207380,15.05
172092,14.91
239529,15.48
56890,15.48
286827,14.91
174554,14.91
131489,14.91
272087,14.91
222902,14.91
60427,14.91
205321,13.96
188696,14.91
77760,14.91
159999,15.48
98539,14.91
71909,13.96
76382,15.48
86304,14.91
39609,14.91
142569,14.91
287057,14.91
123203,14.91
87811,14.91
233535,15.48
157238,15.13
155704,14.91
121477,14.91
195097,14.91
99384,15.48
94943,15.48
240005,13.96
37889,14.91
136342,14.91
36127,13.96
264099,15.48
28152,14.91
61021,14.96
47033,15.48
14124,13.96
52935,14.91
80562,14.91
201535,14.91
144376,14.91
273418,14.91
123072,14.91
269235,15.48
251168,14.96
74916,14.91
199522,14.91
245468,14.91
291286,14.91
60750,14.91
21103,14.91
154982,14.91
183433,15.48
293264,14.91
107551,15.48
46293,14.91
168267,14.91
152737,14.91
221901,14.91
165872,15.48
172767,14.91
20789,14.91
156709,15.48
87685,14.91
242304,14.91
54005,15.48
48679,14.91
160806,13.96
99661,15.48
196809,14.91
52366,14.91
164254,14.91
216201,15.48
168281,15.48
74978,14.91
25871,15.16
127013,15.12
92533,15.48
73325,13.96
199921,14.91
65529,15.48
221169,14.91
160520,14.91
278127,14.83
154857,15.13
225078,14.91
19812,14.91
25769,14.91
129264,14.91
82365,14.91
187299,14.91
84549,15.48
106432,14.91
296164,15.48
198927,14.91
111553,15.48
32098,14.91
170636,14.91
170766,14.91
146970,14.91
33889,14.91
34509,14.91
52929,15.05
247348,13.96
223500,15.48
159311,15.12
57500,14.91
116330,14.91
168908,14.91
243252,14.91
274964,14.91
262144,15.48
134234,14.91
286371,15.48
80385,15.48
87350,14.91
64976,15.48
39500,14.91
167376,15.48
150157,15.48
67054,14.91
215984,14.91
230262,14.91
107453,15.48
205522,14.91
177634,14.91
68485,14.91
63701,14.91
126627,15.48
10871,14.91
62172,14.91
187119,14.91
12555,14.91
259870,14.91
141912,14.91
270519,14.91
156127,14.75
178132,15.48
120089,14.91
802,14.91
161498,15.48
127601,14.91
17868,15.48
114901,14.91
177376,14.91
281820,15.05
68656,14.91
162137,14.91
253228,14.91
62720,14.91
292460,15.48
216931,14.91
111272,14.91
260040,14.91
162869,14.91
185394,14.91
144971,14.91
105512,14.91
44728,15.48
227701,15.48
90092,14.91
41733,15.48
140625,15.48
200953,14.96
58638,14.91
10569,14.91
90942,15.48
131385,15.48
108373,14.91
223299,15.48
266363,14.91
274167,14.91
245364,14.91
36192,13.96
162840,13.96
80136,13.96
27670,14.91
205640,13.96
104404,14.91
92009,14.91
242976,14.91
232173,15.48
106819,14.91
234145,15.05
58715,14.91
223988,14.91
186162,14.91
107723,14.91
231231,14.91
167677,14.91
99995,14.91
116902,15.48
243150,14.91
18101,14.91
2456,14.91
125444,14.91
241447,15.48
138350,15.48
179957,14.91
61455,15.48
137963,14.91
215994,15.48
32396,14.91
188765,13.96
51757,14.91
253262,14.98
68063,14.91
23776,14.91
217905,14.91
192472,15.48
122500,15.48
217373,15.12
155907,14.91
81737,13.96
191951,15.48
175127,14.83
218708,14.91
75003,14.91
44295,14.91
102274,14.83
43996,15.48
130770,14.91
109511,15.48
270698,15.05
92175,14.91
60525,15.48
292559,14.91
247749,14.91
36391,14.91
92429,14.91
215896,15.48
174640,15.48
288665,14.91
10034,14.91
92938,15.05
1868,14.91
129713,15.48
220503,15.13
132985,14.91
281749,15.48
280338,14.91
245866,14.91
293392,13.96
204524,14.91
46266,15.48
105000,14.91
214074,14.91
45126,15.12
59180,14.91
148309,14.91
140191,14.91
238238,14.91
127364,14.91
255932,14.91
173891,14.91
240691,14.91
26954,14.91
246157,14.91
26850,15.48
5150,14.91
79838,14.91
40263,15.48
49300,14.98
5933,14.91
121274,14.91
192781,14.91
27831,15.48
249413,15.48
163182,14.91
285244,14.91
212097,14.91
235879,14.91
282186,14.91
75980,14.91
146333,14.91
183822,15.48
230552,15.48
245126,15.48
142427,14.91
39964,15.12
105645,14.91
32511,13.96
54505,14.91
104000,15.48
6405,15.05
267636,14.91
290425,14.91
206310,14.91
48363,14.91
242935,13.96
261600,14.91
143013,15.13
262437,13.96
223706,14.91
267730,14.91
48291,14.91
189170,14.91
275577,14.91
108662,14.91
55525,15.48
226410,14.91
99791,14.96
195475,14.91
244833,13.96
131354,15.48
83700,13.96
104632,14.91
98512,14.91
114492,15.05
279820,14.91
231247,14.91
123806,14.91
251620,14.91
77405,15.48
171554,14.96
99164,14.91
203825,15.48
132166,15.13
181500,15.48
296335,14.91
248277,15.48
207807,15.05
138141,15.05
5787,15.48
197992,14.96
202051,14.91
298394,14.91
290782,14.91
6685,15.13
201300,15.48
185073,13.96
94448,15.05
226483,14.91
22976,14.91
87526,13.96
134026,13.96
54625,14.91
33530,15.48
109753,15.48
117577,14.91
286560,15.13
18770,14.91
78129,14.91
275122,13.96
158232,14.91
203498,14.91
146704,14.91
79320,15.48
119919,15.48
66228,14.91
262658,14.91
33888,14.91
26073,15.13
66465,14.91
34322,15.48
206241,14.91
61911,14.91
219038,14.91
38780,15.13
255897,13.96
25425,14.91
48371,14.91
117879,14.91
42184,14.91
265152,13.96
84349,15.48
229794,14.91
259009,14.91
158195,14.91
113703,13.96
289347,14.91
246211,14.91
150350,14.91
181052,14.91
113876,15.48
176367,14.91
43378,15.48
113530,14.91
214647,14.91
239260,14.91
230754,14.91
225143,13.96
124252,14.91
205199,13.96
79471,14.91
178206,15.48
60991,14.91
60088,15.48
163078,14.91
3229,14.91
296529,14.91
126348,15.48
79741,14.91
182129,14.91
228762,14.91
159928,14.91
12296,15.48
142468,14.91
48712,14.91
209086,14.91
80466,14.91
151304,14.91
200686,13.96
102815,14.91
25190,14.91
99598,15.48
64219,14.91
231057,14.91
78959,14.91
160140,15.48
189190,14.91
183611,15.48
298810,15.48
222103,13.96
161453,14.91
54649,14.91
270281,15.48
223971,15.48
61091,13.96
75201,14.91
225274,14.91
287376,14.96
266117,14.91
151347,15.48
282170,14.91
15492,15.48
180844,14.91
36268,14.91
226915,14.91
144194,13.96
87322,14.91
118707,14.91
72529,14.91
245185,14.91
234879,14.91
134548,15.48
227027,14.91
99788,14.91
12368,13.96
139026,14.91
256885,15.48
195795,14.91
198363,14.91
229719,13.96
128580,14.96
63490,15.48
135853,14.91
77112,14.91
70653,14.91
215115,15.48
150977,14.91
21473,14.91
286239,14.91
160332,14.91
126222,14.91
23746,14.91
267941,13.96
194015,14.68
115396,14.91
252766,14.91
171685,14.91
221074,14.91
24412,14.91
239972,15.48
89971,14.91
178172,15.48
67559,14.91
206602,14.91
95279,14.91
213984,14.91
225577,14.91
273099,14.91
230670,14.91
52115,15.48
40231,15.05
283863,14.91
90107,15.48
59074,15.48
164343,15.48
227738,14.91
287262,15.05
282067,13.96
7552,14.91
223207,15.48
33124,15.48
67232,14.91
209042,14.91
160327,14.91
137740,15.48
217398,14.91
122943,14.91
263281,14.91
203364,14.91
185232,14.96
145626,14.91
71416,14.91
242429,15.48
281835,15.48
230520,14.91
73253,14.91
127420,15.48
118034,15.48
293540,14.91
255479,14.91
21574,14.91
101933,14.91
120509,14.91
162324,14.91
31945,14.91
264488,14.91
229442,15.48
118680,14.91
40758,14.91
104025,15.48
275100,15.48
253303,14.91
5885,15.48
62685,14.91
72037,14.91
187746,14.91
243063,14.91
155290,14.91
48743,14.91
139735,14.91
79054,14.91
69013,14.91
297249,15.48
13280,15.13
54134,14.91
185877,14.91
54732,14.91
103374,15.48
270313,14.75
89716,15.48
291234,14.91
273549,14.91
74161,14.91
262397,14.91
7205,14.91
288002,13.96
175976,14.91
80471,14.91
177578,15.05
163676,13.96
149797,14.91
259887,14.91
153880,15.48
205946,14.91
192628,14.91
80390,14.91
7039,13.96
138824,14.91
58225,14.91
13940,14.91
154490,14.91
72921,15.48
229916,15.48
134591,15.48
261088,14.91
235171,15.48
245638,14.91
237564,14.91
89028,15.48
137532,15.48
71394,14.91
228846,13.96
117708,14.91
49236,14.91
64744,15.48
142984,14.91
112289,14.91
757,14.91
49371,14.91
248154,15.48
129830,14.91
15292,15.48
181872,14.91
251761,13.96
255241,14.96
257420,14.96
282789,14.98
139083,14.91
282889,14.98
63129,14.91
43831,15.12
65530,15.48
295974,14.91
220977,14.91
27483,15.48
231967,15.48
258714,15.48
107920,15.48
286003,14.91
292746,14.91
120850,14.91
123749,14.91
227293,13.96
160721,15.13
38189,14.91
215576,14.91
269248,15.48
292557,14.91
29576,15.48
77522,14.91
290664,14.91
24468,14.91
40412,15.12
142727,14.91
207086,14.91
186379,15.13
157476,15.48
123149,14.91
158355,14.91
127485,14.91
148289,14.91
146926,14.91
124319,14.91
293323,14.91
226869,15.05
225339,13.96
52208,14.91
156062,15.48
7868,14.91
275825,14.91
243827,14.91
53579,15.05
283939,14.91
57868,14.91
185906,13.96
278822,14.91
235625,15.48
249242,14.91
74527,14.91
31552,13.96
260449,14.91
277328,14.91
67466,15.48
6694,13.96
159973,13.96
272003,15.48
257480,14.91
15004,14.91
284300,15.05
250129,15.48
156238,15.48
156126,13.96
192856,14.83
146972,14.91
221602,14.91
127114,14.91
214339,14.91
118118,14.91
110699,14.91
104685,14.91
278581,13.96
129532,14.91
55,15.48
152887,13.96
152382,15.48
277782,14.91
72670,14.91
194862,15.05
65077,14.91
159007,14.91
125935,15.05
291490,14.91
33822,14.91
57349,14.91
211575,14.91
49856,14.91
207499,14.91
61085,14.91
72461,14.91
14536,15.48
25263,15.48
88808,15.48
114807,14.91
38254,14.91
288711,14.91
73140,14.91
205635,15.13
216515,14.91
51440,14.91
131227,13.96
184232,15.48
163761,14.91
201822,15.48
70257,14.91
281198,14.91
295407,14.91
235177,15.48
86820,14.91
174118,14.91
65670,14.91
82773,14.96
151038,14.98
205525,14.91
293744,14.91
108902,15.48
10548,15.05
207689,14.91
287680,14.91
91442,13.96
193952,15.48
221742,14.91
191253,14.91
277565,14.91
180291,15.48
263457,14.91
140886,14.91
272634,14.91
268104,14.91
203360,13.96
2180,14.91
172098,15.13
191273,15.48
139228,14.91
239825,14.91
182152,15.05
207551,14.91
31801,14.96
159884,15.48
37676,14.91
12582,14.91
175311,14.91
193638,15.48
208986,14.91
127131,15.48
42527,15.13
136045,14.91
297821,14.91
169291,14.91
137657,14.91
188959,15.05
296286,13.96
127072,14.91
133799,14.96
96340,14.91
41680,15.48
263905,14.91
52207,15.48
97151,15.48
261158,14.91
185281,14.91
199481,14.91
292527,14.91
133821,14.91
142419,14.91
72562,14.96
120581,15.48
53440,14.91
197755,14.91
86638,14.91
30512,14.91
123003,14.91
8842,14.91
60125,14.91
2961,15.48
116456,14.91
111338,13.96
166064,14.91
69355,14.91
284045,14.91
274322,15.48
59688,14.91
280416,14.91
187383,14.91
297953,15.48
134716,15.05
71518,14.96
264608,14.91
101325,14.91
45486,14.91
204186,14.91
276447,14.96
242299,15.48
53869,14.91
88398,14.91
38308,15.13
18473,14.91
22951,15.48
73316,13.96
150587,14.91
268310,14.91
281763,15.48
179626,14.91
154159,15.13
157150,15.48
34265,14.91
211110,14.91
57453,14.96
221287,15.48
131547,14.91
51391,13.96
221106,14.91
125796,14.91
214952,15.48
187924,14.91
291858,14.96
85060,15.48
259781,14.91
43809,14.91
284303,15.13
96322,14.91
55506,15.48
235279,14.91
133267,14.91
139423,14.91
21839,14.91
28645,15.13
140768,15.05
226771,15.48
71128,15.48
194849,15.48
123512,14.91
96641,14.96
25159,14.91
50526,14.91
199365,14.91
29568,15.48
31960,14.91
266761,14.98
202022,15.48
96854,14.91
224095,15.48
285046,15.05
176592,14.91
162846,14.91
228626,14.91
183060,15.48
166505,15.48
108938,15.48
158948,15.48
19704,14.91
21090,14.91
298403,15.48
78837,14.91
58612,14.91
192536,14.91
135368,14.91
284239,14.91
99110,14.91
70834,14.91
238805,14.91
298076,14.91
84447,15.48
223838,14.91
184841,14.91
290233,14.91
183876,15.48
80079,14.91
199561,14.91
252203,14.91
9708,15.48
239134,14.91
34477,14.91
44911,13.96
177309,15.48
247740,14.91
20991,14.91
178682,14.91
279546,15.48
290923,14.91
170633,14.91
236690,15.12
181388,14.91
83936,15.48
83284,13.96
294636,14.91
249659,15.05
155594,14.91
121420,14.91
7189,14.91
198086,14.91
143178,14.91
5408,14.91
103022,13.96
249875,14.91
55091,14.91
143856,14.91
290082,14.91
255348,14.91
259193,14.91
284402,14.91
24008,15.48
120217,15.13
168607,14.91
140944,15.48
86415,14.91
6955,14.91
119365,15.48
88611,15.48
192199,15.48
71127,15.48
25970,14.91
277346,14.91
30379,14.91
264689,14.91
142618,14.91
158993,15.48
90852,14.91
156682,15.48
182696,14.91
165023,15.48
169409,14.91
214360,15.48
233580,15.48
151722,15.48
289302,14.91
92200,14.91
182392,14.91
293354,14.91
288940,15.48
173255,14.91
281840,14.91
133835,15.48
160916,15.48
128136,14.91
284876,14.91
269216,13.96
449,14.91
100411,15.05
48172,15.48
195836,14.91
47264,14.91
182398,14.91
281812,15.05
73761,15.48
101890,14.91
28905,13.96
165551,15.13
174302,15.48
122508,15.48
200320,14.91
55580,14.91
116853,14.91
24282,14.91
59120,14.91
57320,15.48
244496,13.96
178618,14.91
29162,14.91
242215,14.91
79923,14.91
195815,14.91
5026,14.91
85260,14.91
12624,14.91
265068,15.13
215270,14.91
56262,15.48
58250,15.48
294863,14.91
276396,15.48
81383,14.91
267369,15.05
48818,14.91
292317,14.91
36953,14.91
159229,14.91
85367,15.48
164363,15.48
4354,14.91
140130,14.91
289404,14.91
100646,14.91
116757,14.91
22358,14.96
119520,15.48
84916,14.91
218197,14.91
1556,14.91
80421,14.91
141505,14.91
50525,14.91
151864,14.91
76414,14.91
108230,15.48
298470,14.91
219713,14.91
80455,14.91
20558,15.48
258335,15.48
49453,15.05
297552,14.91
240779,14.91
195255,14.91
258601,15.05
185720,14.91
26344,14.68
121728,14.91
26142,14.91
119267,15.48
224878,14.91
157056,15.48
274306,15.48
293210,14.91
187503,14.96
123864,14.91
33736,15.48
206059,14.91
124405,14.91
86912,15.48
153728,14.91
210990,15.48
174662,14.91
294759,14.91
45744,14.91
177340,14.98
190894,14.91
207217,14.91
203710,15.48
34104,14.91
235326,15.48
97142,15.48
63361,14.91
131178,14.91
194698,15.09
247752,15.48
298283,14.91
169195,14.91
183347,14.91
76589,14.91
240380,14.91
53031,14.91
198891,15.48
280003,14.91
45994,14.91
168956,15.48
184925,14.91
30551,15.48
131722,14.91
95281,14.91
49581,15.48
74940,14.91
149549,14.91
90719,14.91
218275,14.91
242793,14.91
153314,14.91
186726,14.91
66795,14.91
123314,14.91
159355,14.91
4707,15.48
253996,14.91
110567,14.91
130172,15.48
56911,14.91
79988,14.91
103193,14.91
207599,14.91
192335,14.91
157107,15.05
280311,14.91
134549,15.48
21653,15.13
112038,14.91
143834,14.91
249948,15.48
109895,14.91
289851,14.91
70156,15.48
277296,15.48
153224,15.48
51805,14.91
58267,15.48
256753,14.91
73608,14.91
137295,14.91
2386,14.91
177741,14.91
287436,14.91
66415,15.48
260276,15.48
113588,14.91
258926,14.91
227661,14.91
231869,13.96
123281,14.91
181209,14.91
83194,14.91
102236,14.91
273106,15.48
115870,15.05
2851,14.83
64846,14.91
217537,14.91
125317,15.48
158894,15.48
59002,14.91
294572,14.91
261260,15.05
247308,15.48
81341,14.91
53626,15.48
106115,14.91
151244,15.48
35504,14.91
212102,14.91
186752,14.91
225719,13.96
293206,13.96
59015,14.91
234240,14.91
147101,14.91
284911,15.48
131909,14.91
135125,15.05
31059,15.48
64112,14.91
248204,14.91
198997,15.48
18461,14.91
244726,14.91
235857,14.91
179667,13.96
107854,14.91
32453,14.91
176178,15.05
58760,15.48
59971,15.05
78576,14.91
91903,14.91
273823,14.91
122396,14.91
32903,15.12
252848,14.91
89072,14.91
85023,14.91
60387,14.91
97965,14.91
298474,14.91
202566,14.91
225477,14.91
241088,15.48
61307,14.91
126266,14.91
41046,15.48
150806,14.91
230109,15.05
62680,14.91
193994,15.05
299296,14.91
52164,14.91
82232,13.96
74833,15.48
171221,14.91
155230,14.91
132467,15.48
135916,14.91
73216,15.48
161916,15.48
58763,14.91
211843,14.91
189124,14.91
12373,14.91
233875,15.48
66589,14.91
282649,14.91
61248,14.91
294706,14.91
251846,14.96
263284,14.91
115579,15.48
206978,15.05
78536,14.91
115344,15.05
214808,14.91
145775,14.91
41967,14.91
112505,14.91
248747,14.91
11605,14.91
170561,14.91
146753,14.91
281715,15.48
68762,14.91
193236,15.48
152881,14.91
166289,14.91
251121,15.48
82223,13.96
272237,14.91
252382,15.48
11188,15.48
203704,15.48
294130,14.91
298187,15.48
226866,14.91
233750,14.91
268359,14.91
58246,14.91
198468,14.91
123543,13.96
156967,15.48
185315,14.96
160183,14.91
76711,15.48
177411,15.13
154063,14.91
118207,14.91
88799,15.48
124132,14.91
138438,15.48
122690,14.91
287345,14.91
853,14.91
46720,14.91
34372,13.96
204629,14.91
41330,14.91
56643,15.48
55431,14.91
157511,15.13
163625,14.91
298291,14.91
290805,14.91
66756,14.91
262984,14.91
153299,14.91
193802,14.91
65167,15.48
66096,14.91
41744,15.48
262557,14.91
57086,15.48
256846,15.48
167006,15.48
12293,14.91
117157,13.96
285109,14.91
48463,14.91
90596,14.91
46826,14.91
211486,14.91
160326,14.91
200333,14.91
196157,14.91
291070,14.91
225412,14.91
233512,14.91
214498,13.96
101830,14.91
188708,14.91
174303,14.91
292695,14.91
2378,14.91
277008,15.05
111879,14.91
125221,14.91
230654,14.91
68713,14.91
254612,14.91
258770,15.48
245908,14.91
196304,14.91
237063,14.91
206825,14.91
99335,15.05
143283,14.91
39366,15.48
118271,14.91
284000,14.91
238865,14.91
32914,14.91
25777,14.91
91794,14.91
259877,14.91
176281,14.91
161098,15.48
196962,14.91
263569,14.91
23099,15.05
220088,14.91
269391,14.91
150577,13.96
82907,13.96
214593,14.91
95399,14.98
260109,14.91
15399,14.91
250467,14.91
166149,15.13
183932,15.05
135939,14.91
127915,15.48
120778,15.05
226752,15.48
154834,15.48
122004,14.91
143201,14.91
223750,14.91
282110,14.91
115963,14.91
278582,14.91
114332,15.48
151355,14.91
219209,15.48
53572,15.48
61229,15.48
178426,15.48
232901,15.48
88289,14.91
42264,14.91
267891,14.96
1121,14.91
27017,13.96
113403,14.91
290862,14.91
81905,14.91
90938,15.48
83462,15.48
74322,15.48
77168,14.91
41279,14.91
87118,14.91
153434,15.48
265821,14.91
32710,14.91
83434,15.05
49515,15.13
149601,14.91
219423,14.91
102163,15.48
144154,13.96
268058,15.48
112545,13.96
22209,13.96
165786,14.91
125671,14.91
68929,14.91
235515,14.91
13809,14.91
223399,13.96
94013,14.91
225886,14.91
140387,14.91
4496,14.91
267125,14.91
250193,15.48
74113,15.48
24651,15.48
93983,14.91
228455,14.91
236027,15.48
251334,15.48
184819,15.13
99502,14.91
17831,15.48
291433,14.91
133889,14.91
164056,14.96
280828,14.91
216914,15.48
234015,14.91
7545,15.05
19304,14.91
129950,14.91
241686,14.91
91511,14.91
51650,15.05
157592,14.91
232698,14.91
70480,14.91
244402,14.91
149124,14.91
239878,14.91
172576,15.48
118848,15.48
148718,14.91
195523,14.91
73651,14.91
139377,14.96
31242,15.48
131326,15.48
129309,15.05
268811,14.91
65920,13.96
298967,14.91
44542,14.91
626,14.91
25892,15.05
129372,15.48
140099,14.91
146329,15.48
152868,15.05
183446,14.91
291478,13.96
146461,14.91
58940,14.91
274148,15.05
241441,15.48
17052,15.48
194063,14.96
191946,15.48
66147,14.91
31254,15.48
33029,15.13
144114,14.91
39008,14.96
61460,14.91
153607,15.13
43365,14.91
187349,14.91
207155,14.91
2313,14.91
28843,14.91
4836,13.96
85137,14.91
163594,14.91
12872,14.91
210152,14.91
240156,15.48
84837,15.13
44325,14.91
73797,15.48
170440,14.91
224627,14.91
128209,15.13
144912,14.91
115858,15.48
237142,14.91
266000,14.91
247953,14.91
112944,14.91
14058,15.48
1161,14.91
127910,14.91
96941,14.91
13824,14.91
214227,14.91
149842,14.91
46328,14.91
229302,14.91
207464,15.05
31783,15.05
41401,15.48
152780,13.96
293095,15.48
263807,14.91
198940,15.48
62947,15.48
148301,15.48
243377,14.91
149948,15.48
171631,14.91
64759,14.91
99672,15.48
231732,14.91
44871,15.12
172796,14.91
48011,14.91
266128,14.91
49547,14.91
138376,15.05
53390,15.13
2732,14.91
106853,14.91
11881,15.48
90069,14.91
51219,14.91
75743,15.48
289612,14.91
280594,14.91
180692,15.48
14181,14.91
166643,14.91
117866,14.91
284438,15.05
78329,15.13
138017,14.91
249118,14.91
73331,15.48
98923,15.48
254370,15.05
152562,15.48
243645,15.05
170318,14.91
12265,15.48
214258,14.91
271410,14.91
142996,14.91
37479,14.91
133847,14.91
3274,14.91
68775,14.91
154069,15.48
163548,14.91
15550,14.91
37683,14.91
217044,15.48
9981,14.91
24960,14.91
45242,14.91
248266,15.48
219757,15.48
109405,15.48
170910,14.91
242816,14.91
220051,14.91
147479,14.91
106028,14.91
187193,14.91
122203,15.05
296119,14.91
187762,15.48
54500,14.91
279002,14.91
206539,15.48
163542,14.91
128207,15.48
207043,14.91
134487,14.91
121674,15.48
45973,14.91
42079,14.91
170382,14.91
48879,14.96
18249,14.91
77246,15.48
201048,14.98
136782,13.96
131399,14.91
278172,14.91
58111,14.91
138015,15.13
29596,14.91
69824,14.91
167448,13.96
159080,15.48
51873,14.91
140052,14.91
280365,14.91
133310,15.48
268347,15.48
119448,15.48
31058,15.48
199025,14.91
264910,14.91
278199,14.91
136321,14.91
238146,14.91
38620,14.91
248916,14.91
79140,14.96
257987,15.48
79115,15.48
197381,15.05
142610,14.91
71389,14.91
138173,15.05
204539,15.48
105170,14.91
67926,14.91
7125,14.91
299170,14.91
199925,14.91
183528,14.91
29432,14.91
278217,14.91
252447,14.91
182029,14.91
154908,15.48
78831,15.05
108388,14.91
76409,15.48
232435,14.91
160511,14.91
186386,14.91
232171,14.91
112585,15.48
215424,14.91
109371,13.96
38864,14.91
155495,14.91
188330,14.91
182499,15.48
74698,14.91
103622,15.48
17694,14.91
176618,14.91
7934,15.48
40418,14.91
11069,14.91
37104,13.96
129141,14.91
197766,15.13
31984,14.91
61245,14.91
144841,14.91
49898,13.96
253696,15.05
143845,14.91
236410,13.96
252256,14.91
213197,15.48
109010,14.91
202151,14.91
261237,15.48
47267,15.48
265352,14.98
85714,14.91
199327,14.91
291268,14.91
168649,14.91
288460,14.91
228638,14.91
198648,14.91
67964,15.48
102598,14.73
173446,15.48
124694,14.91
150142,14.91
207290,14.91
23175,15.48
44031,15.48
70435,14.91
96276,14.91
148230,14.91
278764,13.96
76591,15.48
115604,15.05
269944,14.91
96919,14.91
213628,14.91
133852,14.91
219604,15.48
134690,14.91
40844,15.48
128635,14.96
298184,14.91
271274,14.91
160606,14.91
46102,15.48
118867,14.91
25836,15.13
247097,14.91
17510,14.91
151625,14.91
105449,15.48
241845,14.91
237455,15.48
288666,14.91
19696,14.91
124738,15.48
10684,14.91
288694,14.91
156043,14.91
207735,13.96
235930,14.91
65299,15.48
100014,15.13
18660,13.96
142260,14.91
7165,14.91
69908,14.91
52173,14.91
192980,15.05
196184,14.91
151154,14.91
209378,14.91
288361,14.91
44817,14.91
213287,14.91
197870,13.96
230920,14.91
72216,14.91
107321,14.91
236780,14.91
148507,14.91
241082,15.48
202226,14.91
272674,14.91
291584,14.91
67798,14.91
253622,14.91
468,14.91
154787,14.91
131894,13.96
182049,15.48
187546,14.91
83859,15.05
154819,14.91
280390,14.91
87518,15.48
147617,14.91
81375,14.91
164452,14.91
36332,14.91
245606,14.91
247338,14.91
109884,14.91
2311,14.91
126944,14.91
41586,15.48
102393,15.05
64081,14.91
17644,15.48
46394,15.48
86024,14.98
191203,14.91
5925,13.96
262902,13.96
296584,14.91
48532,14.98
69200,14.91
18061,14.91
181223,14.68
248722,15.48
10203,14.91
217608,14.91
207966,14.91
145583,14.91
290953,15.48
45001,14.91
202326,15.48
230712,15.48
156337,15.05
153563,13.96
236505,14.91
105418,15.48
103369,15.48
241552,14.91
52687,14.91
147668,14.91
215146,14.91
208442,14.91
159631,14.91
251462,14.91
69090,14.91
145358,14.96
109450,14.91
241306,14.91
33147,15.13
265189,15.48
223685,14.91
152034,15.48
238144,14.91
178947,15.48
166016,14.91
263452,15.48
285270,15.05
264214,14.91
288098,14.91
190222,15.05
294766,14.91
41112,15.48
214045,14.91
44952,14.91
65719,13.96
227543,15.48
147426,14.91
124829,14.91
57072,15.48
172504,13.96
106761,15.05
28029,14.91
50286,14.91
68767,13.96
40165,15.48
116453,15.48
239129,14.91
167760,13.96
174214,15.48
259734,15.12
21325,14.91
263109,14.98
143525,15.48
124095,13.96
89239,14.91
59442,14.91
35933,14.91
11001,15.05
147457,15.13
266234,14.91
9007,14.91
8148,14.91
142962,14.91
119550,14.91
289005,14.91
119339,14.91
153317,15.05
43984,15.48
147348,14.91
48445,14.91
224643,14.91
215063,13.96
254711,14.91
84268,14.91
24633,14.91
284677,15.05
256362,15.48
102959,15.48
2970,14.91
190277,14.91
162124,15.05
41210,14.91
21105,14.91
22939,15.05
93060,14.91
103671,15.48
30538,15.48
286124,15.48
139644,14.91
865,14.91
138629,15.13
22192,14.91
122974,14.91
33511,15.48
292267,14.91
174701,14.91
269699,14.91
258050,14.91
273325,14.91
129631,14.91
19214,14.91
131063,15.05
280713,15.48
290076,14.91
42792,14.91
126975,14.91
182737,14.91
142457,14.91
118039,14.96
33342,15.48
279030,15.48
150802,15.48
294133,14.91
296133,14.91
211467,14.91
37477,14.91
242441,14.91
235644,14.91
69804,15.05
2645,14.91
105272,14.91
190002,14.91
48910,14.91
86259,14.91
124119,14.91
275344,14.91
179020,14.91
272249,14.91
158722,14.91
234045,14.91
238757,14.91
87891,14.91
156288,15.48
38960,14.91
293061,13.96
271446,14.91
154262,14.91
32082,14.91
128753,14.91
73424,13.96
128348,15.48
239794,14.91
292476,14.91
80325,14.91
140511,15.48
133500,15.48
77328,15.48
288346,14.91
107013,15.48
41013,15.12
225246,14.91
173855,15.48
189820,14.91
54074,14.91
172161,15.48
220381,15.48
165670,15.05
286374,14.91
126765,14.91
124337,14.91
144850,15.12
191518,14.91
115490,14.91
258254,14.91
92086,14.91
230264,15.48
55004,15.48
30782,13.96
298951,13.96
67422,14.91
288523,15.48
183604,15.05
246966,14.91
264587,14.91
245057,15.48
65621,14.91
53611,13.96
99642,14.91
176180,14.91
25374,14.91
144373,14.91
37178,15.48
201256,14.91
207408,14.91
230522,14.91
70871,14.91
102438,14.91
30998,14.91
4950,14.91
89273,14.91
19322,14.91
289365,14.91
290478,14.91
60406,14.91
192215,14.91
80936,14.91
40679,15.48
271724,15.48
183452,15.12
133359,15.48
216097,15.48
75165,15.48
270963,14.91
236874,14.91
187668,14.91
163184,14.91
98883,14.91
18189,14.91
7393,14.91
155870,14.91
248068,15.48
85532,15.48
132538,15.48
148788,14.91
1751,14.91
48491,14.91
219664,14.91
191726,14.91
270869,14.91
24943,14.91
274090,14.91
115638,14.91
52024,14.91
15455,13.96
19243,15.12
185937,14.91
173579,15.48
20842,14.91
273551,14.91
160086,14.91
89224,14.91
148290,14.91
97688,15.48
232241,14.91
95332,14.91
5118,14.91
43398,15.48
189800,15.48
145073,14.91
80702,14.91
163949,15.48
30165,14.91
126462,15.48
94629,15.48
189918,14.91
55357,15.48
69514,13.96
236345,14.91
221623,14.91
74108,15.48
147629,15.05
229148,14.56
206554,15.48
192237,14.98
27157,15.48
173323,14.91
33692,14.91
290257,14.91
68371,14.91
292870,14.91
104326,14.91
289874,14.91
75380,14.91
191556,14.91
29517,14.91
66593,15.48
200195,15.05
106778,13.96
148730,14.91
42421,14.91
162945,14.91
154287,14.91
137753,15.48
122998,14.91
244827,15.48
274195,15.48
178030,14.91
157279,14.91
125168,14.91
168360,14.91
203973,14.91
113521,14.91
184916,14.91
90959,14.91
189005,14.91
83040,15.48
87529,14.91
115785,15.48
121463,14.91
26508,14.91
273854,14.91
164426,14.91
148168,15.05
151603,15.48
42150,14.91
280204,14.91
221331,14.91
91589,15.16
265490,14.91
87166,14.91
215731,13.96
106405,14.91
100306,15.05
111444,15.48
122619,15.48
198413,14.91
182697,14.91
237084,15.48
33718,15.48
237716,14.91
50341,14.91
179060,15.13
133608,14.91
195996,14.91
169100,14.91
268398,14.91
141861,14.91
104112,14.91
174850,14.91
253,14.91
260003,14.91
297237,14.91
196347,14.91
186599,14.91
106788,15.05
261763,14.91
144011,14.91
286537,15.48
140341,13.96
229818,14.91
278497,14.91
54315,14.91
111281,14.91
255985,14.91
127372,14.91
266151,14.91
97424,14.91
110111,15.48
175983,15.48
129183,15.12
193,15.48
22558,13.96
93032,14.91
148370,14.91
267371,15.48
219230,14.91
122712,14.91
248928,14.91
118953,15.48
250423,14.91
40745,15.48
31928,14.91
215108,15.48
38542,14.91
231078,14.91
259455,14.91
139456,14.91
169802,14.91
281332,14.91
79376,15.48
198540,14.91
65841,13.96
680,15.48
54438,14.91
258235,14.91
2493,14.91
175837,15.48
194242,15.48
283818,15.48
70940,14.91
39653,14.91
199517,13.96
119127,14.91
108710,15.48
237916,14.91
187942,14.91
51573,14.91
267423,14.91
236831,14.91
47377,14.91
266018,14.91
84115,14.91
203549,14.91
174764,14.91
190737,14.91
60011,14.91
293468,14.91
174346,14.91
142498,14.91
13960,14.91
214014,14.91
97892,15.48
79855,14.91
102511,14.91
214374,14.91
151826,14.91
142061,14.91
236857,14.91
152914,14.91
107897,14.91
78970,14.91
138295,15.48
107227,14.91
197562,14.91
76401,15.48
118130,14.91
14364,15.48
124127,15.48
48808,14.91
281760,15.48
88502,14.91
120167,15.05
148880,14.91
26206,14.91
39996,13.96
131198,14.91
61333,15.48
117436,15.48
22664,14.91
122354,14.91
37129,14.91
265078,15.13
54715,15.48
116624,14.91
265571,14.91
185109,14.91
244963,14.91
166726,15.48
275276,14.91
287267,14.91
136794,14.91
105038,15.48
234681,15.48
113874,14.91
85941,15.05
4706,14.91
204816,14.91
235349,15.48
30769,14.91
222907,15.48
129893,15.48
246214,14.91
136641,15.13
163552,15.48
139513,14.91
90611,14.91
288245,14.91
120585,15.48
48661,15.12
292938,14.91
17742,15.12
6169,15.48
73732,13.96
157849,15.48
18465,14.91
138409,15.05
204369,14.91
207503,14.91
189833,13.96
264002,14.91
108651,15.48
89419,14.91
247947,14.91
221236,15.48
35799,15.48
285867,14.91
266749,14.98
87437,14.91
161191,14.91
37296,14.91
210900,15.48
120486,14.91
185764,14.91
1265,15.48
53716,14.91
83122,15.05
63854,14.91
84296,14.91
85313,15.48
115913,15.48
223569,14.68
287303,14.91
234222,14.91
1937,14.91
142299,14.91
241935,15.48
258663,14.98
249157,15.48
69062,14.91
189482,15.48
44176,14.91
74142,15.48
87169,14.91
155005,14.91
239906,14.91
1712,14.91
233892,14.91
82862,14.91
287799,15.48
49740,14.91
100692,15.48
218355,14.91
216447,15.48
40729,14.91
291503,14.91
279774,14.91
122278,14.91
82314,14.91
32927,14.91
261009,14.91
131996,14.91
139213,14.91
251117,15.48
60570,14.91
165359,14.91
248062,14.91
123139,14.91
124688,15.48
45680,15.48
175688,14.91
234991,14.91
212824,15.48
229809,14.91
78408,14.91
76523,14.91
232502,14.91
268801,15.05
73912,14.91
106109,15.48
94464,15.48
194556,15.05
142753,14.91
55498,14.91
35517,14.91
65639,14.91
80154,15.48
198973,14.91
240517,14.91
98714,14.91
37987,14.91
27353,14.91
218078,15.48
160984,14.91
20403,15.48
174366,14.91
6871,15.48
61845,14.96
121538,15.48
205771,13.96
125856,14.96
225139,13.96
223102,14.91
214510,14.91
295457,14.91
293655,14.91
202579,14.91
47042,15.48
268447,14.91
278708,14.91
233218,14.91
42818,15.13
278928,14.91
61303,14.91
115153,15.13
63460,14.91
1196,15.48
93409,14.91
66881,14.91
238394,14.91
5065,14.91
82389,15.12
287598,14.91
10839,14.91
231666,14.91
79502,14.91
12143,15.48
283324,14.91
240597,15.48
57011,14.91
8297,13.96
250866,14.91
166194,14.91
129619,14.91
145910,14.91
115000,14.91
227272,14.96
35875,15.12
266734,14.91
207469,14.91
273322,15.48
272253,15.48
257289,14.91
65408,14.91
262273,14.91
34282,14.91
195595,14.91
4262,14.91
69149,15.48
51699,14.96
269300,15.48
232861,15.05
269524,14.91
274506,15.05
107502,14.91
246084,14.91
258792,15.05
206621,14.91
138062,13.96
129396,13.96
192132,14.91
189062,15.48
100714,14.91
270103,14.91
4580,14.91
293146,14.91
119249,15.48
115744,14.91
236943,13.96
83282,14.91
65975,14.91
267895,14.91
160608,14.91
65043,15.48
268626,14.91
58593,14.91
243323,14.91
9716,14.98
63382,15.13
237699,15.48
103092,14.91
249878,15.48
99912,14.91
19398,14.91
284735,15.48
211333,14.91
282548,14.91
12504,14.91
82742,13.96
209210,14.91
30445,14.91
179329,14.91
952,14.91
154091,14.91
180807,14.91
16384,14.91
285930,14.91
226573,15.48
193303,13.96
171842,14.91
209068,14.91
144685,15.05
3004,14.91
75611,14.98
193331,14.91
262707,15.05
190054,14.91
74349,14.91
246065,14.91
155382,15.48
118594,14.91
123824,14.91
96892,15.05
62512,15.05
175777,14.91
169120,15.48
12326,14.91
12629,14.91
2135,14.91
293229,14.91
91574,14.91
190151,14.91
214416,14.91
10541,14.91
287290,14.91
127630,15.48
158400,14.91
93656,13.96
223081,14.91
114987,14.91
51521,14.91
243456,14.91
70359,15.05
56246,14.68
248281,15.48
130674,14.91
73310,14.91
30011,15.48
26746,14.91
198662,14.91
11822,15.48
210667,15.05
299399,14.91
180688,15.13
23839,14.91
106173,15.48
67012,14.91
251687,15.48
88688,14.91
271574,15.05
1780,14.91
17221,14.91
179592,14.91
169136,15.05
190178,14.91
2398,14.91
187253,14.91
102857,15.48
281428,14.91
194067,14.91
230985,14.91
21220,13.96
29504,15.48
110007,13.96
17922,14.91
151810,14.91
102474,14.91
91501,14.91
125766,14.91
231229,14.91
2360,14.91
220129,14.91
91113,14.91
4382,14.91
121244,15.48
115670,14.91
78449,14.91
240637,14.91
122931,13.96
82771,14.91
24650,15.48
228431,14.83
212496,14.91
45727,14.91
124979,14.91
247056,14.91
288198,15.48
221596,15.48
248555,14.91
105387,14.91
168545,14.91
125104,15.48
172368,15.05
232721,14.91
202148,14.91
140690,14.91
262809,14.91
104372,14.91
180151,14.91
148754,14.91
131478,14.91
198140,15.48
159744,15.48
263850,15.48
21264,15.48
118824,14.91
2299,14.91
285020,15.48
279385,14.91
204480,14.91
164630,14.91
172364,15.48
229740,14.91
240710,14.91
129252,14.91
172859,14.91
127167,15.48
105543,14.91
143509,14.91
69292,14.91
187403,14.91
23765,14.91
119758,14.91
89182,13.96
287856,15.48
12769,14.91
80576,14.91
23986,14.91
56151,14.91
12637,14.91
183117,14.91
214747,14.91
21552,14.91
291088,15.48
68075,15.48
82785,14.91
86013,14.91
206273,14.91
221286,15.48
290735,14.91
167417,14.91
245113,15.48
113222,14.91
35918,15.48
218750,14.91
142013,14.91
206015,14.91
188538,15.12
121765,15.48
96924,14.91
44380,14.91
99582,15.48
3545,15.48
108999,14.91
229270,14.91
97730,14.91
246233,14.91
282851,14.83
21810,15.05
15421,14.91
3611,15.48
80392,14.91
100712,15.48
70809,14.91
168937,15.48
20110,14.91
259266,15.48
144911,14.91
105353,14.91
34157,13.96
60913,14.91
72574,14.91
253013,14.96
170041,14.91
175735,15.13
249579,15.48
252757,14.91
215744,14.91
158245,14.91
88988,14.96
270342,14.91
107283,15.48
250333,15.48
185677,14.91
21863,15.48
294508,14.91
280124,15.48
112486,14.91
142790,14.91
26449,14.91
97889,14.91
114748,14.91
128892,15.48
140156,13.96
64842,14.91
148376,14.91
21612,14.91
242664,14.91
117599,14.91
171894,13.96
3502,14.91
12449,15.48
258003,14.91
44113,15.48
175681,15.05
183405,15.12
16645,14.91
168433,14.91
151262,15.05
156112,14.91
270781,14.91
237109,14.91
53436,15.05
274646,14.91
125971,14.91
76087,14.91
163340,14.91
130065,15.48
296398,14.91
205194,14.91
266530,13.96
34801,15.09
160365,14.83
120302,14.91
273209,15.13
65071,15.48
21945,15.13
50621,14.91
62487,15.05
15918,14.91
98047,15.13
211700,14.91
134524,14.91
7490,15.05
122967,14.91
227804,14.91
37969,14.91
8642,14.91
19448,14.91
234216,14.91
26878,14.91
133276,14.91
69570,14.91
279597,14.91
177002,14.91
184163,14.91
219072,15.48
215641,15.48
143582,14.91
234343,15.48
146811,14.91
270477,14.91
148099,15.48
77693,15.48
120137,14.91
120284,14.91
210045,14.98
229872,15.48
129881,15.13
221497,14.91
79067,14.91
213813,14.91
11239,14.91
213171,14.91
86746,15.48
154688,14.91
6894,14.91
181931,14.91
199906,14.91
56562,14.91
180096,14.91
297207,14.91
274461,14.91
186965,14.91
59812,14.91
287603,14.91
56066,13.96
144329,14.91
134252,14.91
99112,15.48
192839,13.96
133834,15.13
85926,14.91
33599,15.13
49725,15.48
112598,14.91
288268,14.91
287671,14.91
183417,14.91
139555,13.96
119566,14.91
203694,14.91
294521,14.91
214454,14.91
59636,14.91
121879,14.91
191859,15.48
188476,14.91
271256,14.91
134750,14.91
196863,15.48
264755,15.12
248398,13.96
135884,14.91
188563,14.91
9241,15.48
19573,14.91
43840,14.91
95609,14.91
96237,14.91
57633,15.48
240799,15.48
58203,14.91
104628,13.96
61946,15.48
195536,14.91
95792,15.48
267629,14.91
244866,14.91
91625,14.91
206845,13.96
233488,14.91
267996,14.91
198034,14.91
220276,14.91
196524,14.91
106391,13.96
151415,14.91
244648,15.05
179674,14.91
34887,14.91
218625,14.91
265531,14.91
249057,14.91
291467,13.96
9532,15.48
115340,15.48
193996,14.91
27705,14.91
281118,14.91
264243,15.48
32542,15.05
232250,13.96
135202,15.48
255872,14.91
82616,15.12
181150,15.48
221597,15.48
91868,13.96
201389,14.91
181504,14.91
235584,15.13
205899,14.91
76193,14.91
163112,14.91
17620,14.91
203337,14.91
83738,14.91
76359,14.96
161800,15.16
217526,14.91
16577,15.48
228401,13.96
225503,14.91
264881,14.91
265396,14.91
129305,15.48
230841,15.48
276288,15.48
266715,14.91
235258,15.48
7708,14.91
198006,14.91
19325,14.91
248327,13.96
15665,14.91
151309,15.48
108964,13.96
182849,14.91
143286,14.91
9375,14.91
101705,13.96
136825,14.91
294223,14.91
268953,15.48
18138,14.91
58194,14.91
226049,15.48
63891,15.48
61281,14.91
118820,14.91
165246,14.91
291942,14.91
38628,14.91
129891,14.91
2114,14.91
180843,14.91
223613,14.91
151334,14.91
228930,14.91
35185,14.91
203544,14.91
278219,14.91
246475,14.91
184050,13.96
196538,14.91
264295,14.91
192871,15.48
24130,14.91
141146,14.91
167135,15.48
32731,14.91
195639,14.91
258268,15.05
69352,15.48
78635,15.48
189412,15.48
96801,14.91
161840,14.91
100078,14.91
19131,14.91
256013,15.48
35329,14.91
177883,14.91
122678,15.48
42926,15.48
283247,14.91
203116,14.91
135117,14.91
144920,14.91
223284,15.48
286738,14.91
55690,14.96
176973,14.91
110057,14.91
4924,14.91
112874,15.48
102619,14.91
227980,14.91
69583,15.48
124615,15.05
85217,15.48
228628,14.91
30800,14.91
150775,14.91
150124,14.91
106617,14.91
31320,14.91
194476,14.91
15519,15.48
225251,14.91
50269,14.91
105226,14.91
207988,14.91
51842,15.05
195484,14.91
111944,14.91
199,15.13
277975,14.91
259093,15.12
148722,14.91
238728,15.05
90809,15.48
71252,14.91
182194,14.91
83005,15.48
128265,14.91
270551,14.91
174586,15.48
136919,15.48
146176,14.91
146976,14.91
253629,15.48
161869,15.12
227900,15.48
239694,14.91
41086,14.91
227037,14.91
183579,14.91
82066,14.91
166911,14.91
135589,14.91
42831,14.91
201061,14.91
232547,14.91
266478,15.48
525,13.96
84102,14.91
76058,14.91
60076,14.91
57902,13.96
25849,14.91
99879,14.91
54883,15.48
158288,14.91
64864,15.48
193912,14.91
48228,15.48
80734,14.98
144498,14.91
169811,14.91
23225,14.91
235181,15.48
3421,14.98
49259,14.91
183144,15.48
268033,14.91
111340,14.91
59855,14.91
121228,14.91
199043,14.91
34239,14.91
140349,14.91
134601,15.48
270498,14.91
267282,14.91
288726,14.91
282415,15.13
251705,15.13
57818,15.48
232660,14.91
245454,15.48
52458,14.91
168960,15.13
143574,14.91
16973,14.91
39914,14.91
4219,14.91
180433,15.48
60769,14.91
151902,15.48
213472,15.48
100688,14.91
61942,14.91
166070,15.05
261097,14.91
15129,14.91
246263,14.91
206001,15.48
126972,15.05
170171,14.91
165665,14.91
211833,15.48
21687,14.91
267094,14.91
175448,14.91
255561,14.91
9408,14.91
33050,15.48
150794,14.91
257860,13.96
275428,14.91
233684,15.13
127095,14.91
94821,14.91
95507,14.91
285207,14.91
111504,14.91
216080,14.91
198406,14.91
281960,15.48
247718,15.48
86035,14.91
214558,15.48
205368,14.83
117331,15.48
168141,14.91
10506,14.91
298516,15.48
183131,14.91
255570,14.91
154747,14.91
17584,14.91
17292,14.91
276238,14.96
117977,14.98
127216,14.91
23606,15.48
136042,14.91
126753,14.91
160151,15.48
253182,14.91
228784,15.48
276282,15.05
262418,15.48
5712,15.48
154561,14.96
296718,15.48
272846,15.48
9113,14.91
141722,14.91
131410,15.05
249852,14.91
278561,14.91
229764,14.91
242255,14.98
142720,14.91
204253,14.91
222662,14.91
21868,14.91
134780,14.91
141602,14.91
257198,15.48
172559,14.91
195181,14.91
81648,14.91
109977,14.91
150378,14.91
83962,14.91
102143,14.91
20047,14.91
184287,14.91
190722,15.05
52139,15.48
162539,14.91
158825,14.91
70930,15.48
135898,15.05
27015,14.91
142697,14.91
126463,14.91
259980,15.48
49109,15.09
49533,14.91
31938,14.91
136223,14.91
45662,15.12
291181,14.91
68228,15.48
271803,14.91
2703,14.91
243641,14.91
176065,14.91
14979,14.91
232782,13.96
34189,14.91
252749,15.48
186961,14.91
64736,14.91
294002,15.48
56079,14.91
132362,13.96
69608,14.91
80231,14.91
140207,13.96
279048,14.91
64444,14.91
171876,15.48
132931,14.91
216331,14.91
78148,14.91
216441,14.91
175076,15.48
166920,14.91
269451,14.91
187678,15.48
66335,14.91
251039,15.48
274819,15.48
27646,15.48
20540,15.48
245374,14.91
115528,14.91
273149,14.91
218805,14.91
279047,14.91
165519,14.96
202448,14.91
151949,15.48
64774,14.91
82460,15.48
330,15.05
248611,15.48
140496,14.91
289649,14.91
279640,14.91
43625,14.91
185803,14.91
56155,14.91
139266,15.48
85194,14.91
278329,14.91
215212,14.91
299121,14.91
72128,14.91
239402,15.13
64119,15.48
25037,14.91
163175,14.91
149578,15.48
46792,14.91
105604,14.91
238791,14.83
87956,14.91
208188,14.91
193325,15.48
154357,14.91
138616,14.91
209341,14.91
285518,14.91
296460,14.91
8069,14.91
116879,14.91
193468,13.96
68288,15.12
144222,15.48
268087,14.91
126107,13.96
169550,14.91
243196,15.48
37886,14.91
287975,14.91
154117,15.05
27527,14.91
188486,14.91
264192,15.48
175386,15.05
70118,14.91
163649,14.91
117815,14.91
162606,15.13
34170,15.48
204554,14.91
32873,14.91
49247,15.48
85652,15.48
135157,14.91
52560,14.91
253700,14.91
40052,14.91
25846,14.91
259397,14.91
212423,14.91
150216,15.48
129474,14.91
200237,15.48
80682,15.13
76128,15.48
21018,14.91
111495,14.91
123321,14.91
259936,15.48
75761,14.91
64362,14.91
264341,15.48
37160,15.48
25015,14.91
178457,14.91
267189,14.91
286435,14.91
190384,15.48
87967,14.91
242464,14.91
149716,14.91
133912,15.48
262886,14.91
126854,13.96
231534,14.91
203356,15.48
145901,14.91
121581,14.91
277338,14.91
81651,14.91
173131,14.91
114976,15.12
289297,14.91
65342,14.91
187215,13.96
155165,14.96
45652,14.91
196535,14.91
11000,15.05
124638,14.91
105411,14.91
235770,14.91
182027,14.91
5872,14.91
103723,14.91
168290,14.91
175270,14.91
123490,14.91
233790,14.91
86291,14.91
270605,15.48
278832,14.91
59340,15.48
6988,15.48
21783,15.48
96715,15.48
228204,14.91
161585,14.91
155482,14.91
187642,14.96
271643,14.91
161285,14.91
154309,14.91
95883,14.91
167986,14.91
151570,14.91
225958,14.91
275509,14.91
234791,14.91
54158,14.91
139457,14.91
157618,15.48
13593,14.91
119388,15.48
87698,14.91
13090,14.91
162076,14.91
271727,14.91
268219,15.48
147866,14.91
264357,15.48
27041,14.91
184416,14.91
151752,14.91
157527,15.48
87108,14.91
155954,15.48
139318,13.96
294418,14.91
96460,15.48
200167,14.91
247379,14.91
19983,14.91
160227,14.91
216136,14.91
31436,14.91
246110,14.91
34485,14.91
2123,14.91
170984,14.91
124942,15.13
201136,14.91
194001,15.05
161157,14.91
292835,14.91
170264,14.91
200196,14.91
225721,13.96
295041,14.91
160263,14.91
96157,14.96
113906,15.05
109301,14.91
23969,14.91
35322,14.91
113790,15.48
292781,15.48
234194,15.48
179703,14.91
38032,14.91
297347,14.91
51000,14.91
110176,14.91
173254,14.91
209291,14.91
135197,15.48
216222,13.96
217015,15.48
214088,14.91
74644,14.91
238049,15.05
249531,15.48
99177,15.48
147481,14.96
29868,14.91
73619,13.96
21589,14.91
166751,14.91
270010,15.05
35385,13.96
192944,14.91
116848,14.91
115143,14.98
189511,14.91
38908,14.91
216609,14.91
187834,15.48
290991,14.91
182776,14.91
41325,14.91
102381,15.12
158206,14.91
139925,14.91
237088,14.91
86034,14.91
4123,14.91
199631,14.91
293437,15.48
83342,14.91
172157,14.91
104410,14.91
236858,15.48
291185,13.96
263734,15.48
96175,15.48
95561,15.12
51453,13.96
207340,15.48
44418,14.91
131860,13.96
41662,15.48
279267,14.91
198569,14.91
41097,15.48
259634,15.05
258839,15.12
93763,15.48
72221,15.48
68675,14.91
81775,14.91
260375,14.91
70833,14.91
278688,14.91
188810,14.91
203876,14.91
54246,14.91
280922,14.91
193822,14.91
233514,14.91
277814,14.91
116014,14.91
20585,15.12
280366,14.91
124747,15.48
217603,13.96
106460,14.91
199248,15.05
90537,14.91
297117,15.48
205318,15.48
148960,14.91
109205,15.48
121766,15.13
297863,15.48
89866,14.91
101249,14.91
180545,14.91
266964,15.48
120608,13.96
15575,14.91
48408,14.91
13094,14.91
7116,14.91
236360,14.91
220486,14.91
273545,15.48
20882,14.91
280527,14.91
83411,14.91
196045,14.91
38689,14.91
39110,15.05
124753,14.91
95084,15.13
170294,14.91
208685,14.91
169350,14.91
32729,13.96
23529,15.48
186673,14.91
215429,14.91
194443,14.91
120797,15.13
104749,14.91
92944,14.91
139449,14.91
168855,14.91
206689,14.91
283914,14.91
7858,15.48
69755,14.91
147201,14.91
16346,14.91
3607,15.48
5531,14.91
101267,14.91
137234,15.48
134147,14.91
72983,15.48
130959,15.48
73828,15.13
198711,14.91
124296,14.91
185781,14.91
65635,15.48
10249,15.48
42644,14.91
5157,14.91
56306,14.91
180004,13.96
16910,14.91
263882,15.48
192378,14.91
32721,14.91
221762,14.91
196780,14.91
215222,14.91
119275,15.05
13928,15.05
179455,14.91
204075,14.91
168057,14.91
100444,14.91
96937,14.91
228469,13.96
289833,13.96
297613,14.91
162139,15.48
194149,15.11
5025,14.91
98097,15.48
109111,14.91
257943,14.91
238489,14.91
178293,14.91
156733,15.48
189477,14.91
122020,14.91
85680,15.48
48601,14.91
31103,14.91
54712,15.48
68902,14.91
142062,14.91
88345,14.91
295794,14.91
74721,14.91
64408,15.48
28197,14.91
85739,15.48
115258,14.91
188055,14.91
66394,14.91
166511,14.91
246903,14.91
63321,14.91
264609,15.48
290291,14.91
164683,15.05
105842,14.91
124129,14.91
32045,14.91
136236,14.91
11207,15.05
105841,14.91
248892,14.91
164535,14.91
253812,15.48
168289,14.91
107832,14.91
299439,14.91
211932,13.96
81206,15.13
183154,15.48
219111,14.91
213319,14.91
156227,14.91
194296,14.91
89405,14.91
10429,15.12
19976,14.91
15926,15.05
200651,14.91
201471,14.91
145042,14.91
115252,14.91
160041,15.48
263397,15.48
13019,15.48
122234,15.48
36807,15.48
82205,14.91
166848,14.91
153475,15.05
39273,14.91
66523,14.91
120012,14.91
260223,15.48
7778,14.91
147890,14.91
138216,15.05
62149,14.1
172379,14.91
56001,14.91
280977,15.48
204708,15.48
80057,15.48
44729,14.91
131984,14.91
72416,14.91
283879,14.91
28546,15.48
152433,15.48
88996,15.48
199729,14.91
195894,14.91
47778,14.91
281881,14.91
69083,15.48
258353,15.48
10907,15.48
86662,14.91
154681,14.91
146803,14.91
19285,14.91
197662,14.91
58874,14.91
129078,13.96
85247,14.91
183265,15.48
172737,14.91
152845,14.91
172378,14.91
188006,14.91
242127,15.48
269582,14.91
17388,14.91
81739,14.91
52937,14.91
39645,14.91
184888,14.91
79103,14.91
228933,14.91
114878,14.91
255974,14.91
216392,15.48
70996,14.91
115846,14.91
176033,14.91
124820,14.91
190605,15.12
284075,14.91
254967,15.13
228333,14.91
296083,14.91
35498,14.91
272232,14.91
197998,14.91
25207,14.98
234765,14.91
279952,14.91
271432,15.13
267082,15.48
244132,14.91
25029,14.91
110385,13.96
89588,14.91
70662,14.91
185700,14.91
194025,14.91
95990,14.91
167966,14.91
201085,14.91
239584,15.48
93279,15.48
39047,15.12
76640,14.91
7556,15.05
30470,14.91
155315,14.91
245417,14.91
270990,14.91
178343,14.91
134735,14.91
197807,14.91
123385,13.96
62403,14.91
36243,15.48
294337,14.91
60228,15.48
209077,14.91
84551,14.91
219059,14.91
240234,14.91
48842,14.91
20447,14.91
240117,14.91
135500,14.91
32743,13.96
104669,13.96
54551,14.91
134964,14.91
184364,14.91
136964,14.91
56339,15.05
1788,14.91
1162,14.91
166842,14.91
197861,14.91
73817,14.91
173341,14.91
278921,15.48
113822,15.13
116026,14.91
256668,14.91
245266,14.91
252470,15.05
182514,14.91
245207,15.05
167051,15.13
237369,15.48
128282,14.91
66658,14.91
107795,15.48
256495,15.05
250368,15.48
57536,14.91
268721,14.91
261246,14.91
241912,14.91
205918,14.91
180905,14.91
135063,15.48
283506,14.91
114340,14.91
232167,14.91
195207,14.91
264944,15.05
125450,15.13
274183,14.91
202377,14.91
136151,15.13
64137,14.91
7626,14.91
282766,15.48
125007,14.91
293919,15.48
165602,15.05
12266,14.91
287941,14.91
200053,14.91
94121,15.13
3824,14.91
148836,15.05
206140,14.91
27385,15.12
70255,14.91
164687,14.91
12197,15.48
227370,14.91
208043,14.91
73537,15.13
130923,14.91
78566,15.48
189886,15.48
120216,14.91
180485,15.48
286489,15.48
261549,14.98
276197,14.96
183866,15.48
291668,15.48
168528,14.91
36553,14.91
152640,15.05
222075,14.91
238307,14.91
2243,14.91
43261,14.91
214423,13.96
233664,14.91
164105,14.91
275393,15.48
183883,15.13
216497,14.91
217668,13.96
36023,13.96
296401,14.91
16542,14.91
233289,15.13
283327,14.91
208420,14.91
197212,14.91
219040,15.48
144991,14.91
238460,15.48
138865,14.91
69912,14.91
297623,14.91
201663,14.91
220407,14.91
271734,15.05
14855,13.96
57360,14.91
233108,15.05
17713,15.12
277182,14.91
76910,14.96
41715,14.91
75395,14.91
128940,15.48
81606,14.91
115061,13.96
127658,14.91
252371,14.91
96819,14.91
164809,14.91
261335,14.91
172705,14.96
133446,14.91
248466,14.91
241849,14.91
50655,15.48
35701,14.91
88544,13.96
187960,15.48
63476,15.48
48098,14.91
34663,14.91
56919,13.96
60164,15.48
255492,14.91
66596,14.91
85144,15.48
291000,14.91
69705,15.48
63996,14.91
68178,14.91
50574,14.91
173736,14.91
211949,14.91
104336,14.91
104060,14.91
148999,14.91
271245,14.91
58540,14.91
28636,15.48
2358,14.91
210036,14.91
102365,14.91
211882,14.91
139614,15.48
286843,14.91
229667,15.48
130748,14.91
88842,14.91
79056,14.91
143109,14.91
193920,15.48
148511,14.91
181244,14.91
67682,14.91
261826,14.91
297072,14.91
156544,13.96
98675,14.98
214065,14.91
254382,15.48
109375,15.48
61933,15.48
138034,14.91
35505,14.91
257255,14.91
251337,14.91
122952,14.91
52868,14.91
128086,15.48
40853,14.91
139020,14.91
235278,14.91
189072,15.13
18176,14.91
266820,14.91
3172,14.91
79089,14.91
127386,14.96
101892,15.48
126579,14.91
183626,15.48
229749,14.91
170338,14.91
156311,14.91
229971,14.91
164873,14.91
54346,14.91
148442,14.91
207814,15.48
57107,14.91
132803,14.91
248442,14.91
40334,14.91
280318,15.48
187790,14.91
100634,14.91
292585,15.48
222992,14.91
284136,15.48
6301,14.91
210287,14.91
12661,14.91
253494,14.91
85224,13.96
13958,14.91
132352,14.96
5322,14.91
21440,14.91
230686,14.91
22831,15.05
52220,15.48
11604,14.91
266389,14.91
172176,15.48
68418,14.91
67514,14.91
247949,15.48
229907,15.48
53644,14.91
279834,14.91
17026,14.91
214363,14.91
147398,14.91
299204,14.91
144235,14.91
243393,15.48
128763,15.48
239465,14.91
104530,15.48
187333,14.91
200134,14.91
232868,14.91
282852,14.91
26136,14.91
189184,14.91
125358,14.91
290887,14.91
49317,15.48
110663,14.91
249417,14.91
85773,15.48
146851,14.96
162291,14.91
133524,14.91
176860,14.91
24654,15.48
148134,15.05
280643,15.48
104877,15.05
231720,15.48
104281,14.91
99392,14.91
276732,15.48
117280,14.91
24197,14.98
285000,15.48
274326,14.91
169161,15.48
202774,14.91
16050,15.48
151629,15.05
170428,15.48
44891,14.91
245734,15.48
59981,14.91
268338,15.48
286528,14.91
89598,14.91
204993,13.96
135156,15.48
232967,15.48
33499,14.91
223808,14.91
128118,14.91
134146,14.91
22219,14.91
165713,14.91
200997,15.48
207708,14.91
190388,14.91
170975,14.91
21804,14.91
140308,14.91
145716,14.91
174753,14.91
283314,14.91
214949,14.91
62328,14.91
244386,13.96
252274,14.91
83197,15.13
257824,15.48
171174,14.91
47034,14.91
207915,15.48
96178,14.91
270814,15.48
166641,15.48
149546,14.91
28871,14.91
71470,14.91
27114,13.96
221753,14.91
194246,15.48
202707,14.91
273426,14.91
18659,13.96
265657,13.96
73965,14.91
53383,14.91
278156,14.91
71982,14.91
190252,14.91
208383,14.91
6886,13.96
152557,14.91
241030,15.48
274621,14.91
207859,14.91
294276,14.91
218808,14.91
296326,13.96
68878,14.91
236181,14.91
155519,14.91
293598,14.91
288037,14.91
155997,14.91
266971,14.91
56106,15.48
69562,14.91
274549,14.91
144633,14.91
61552,14.91
53919,14.91
78150,14.91
179,14.91
213125,14.91
257713,14.91
48604,14.91
227475,14.91
119623,15.13
203044,14.91
19564,14.91
230839,14.91
133886,15.05
216494,14.91
279906,14.91
117021,15.48
43722,14.91
57060,15.48
69350,14.91
211265,14.91
14485,14.91
144089,14.91
178399,14.91
251322,15.48
92332,14.91
158010,14.91
107743,14.91
78239,15.48
30598,15.48
152832,13.96
298839,14.91
174651,14.91
248105,15.12
249026,14.91
184154,14.91
226247,14.91
289301,14.91
31644,14.91
5559,14.91
127490,14.91
9450,15.05
38817,14.91
274202,14.91
99228,15.48
121512,14.91
107811,14.91
228297,14.91
4126,14.91
165324,14.91
8285,14.91
234252,15.48
297989,15.48
87423,13.96
297489,15.48
209666,14.91
291078,15.05
142053,14.91
174600,14.91
19793,14.91
30122,14.91
53453,14.91
189622,15.48
277904,14.91
268663,14.91
254580,15.48
126864,15.48
263089,14.91
86262,15.48
85488,15.48
11570,14.91
61337,14.91
182412,15.48
259142,15.12
91882,14.91
69383,13.96
59361,14.91
218390,14.91
155288,14.91
109436,14.91
88656,13.96
42887,15.12
149145,14.91
17110,13.96
260036,14.91
72192,14.91
100935,14.91
257168,15.48
228296,14.91
140682,14.91
157754,14.91
249892,14.91
17266,14.91
87608,14.91
270441,14.91
37779,14.91
289897,14.91
3937,14.91
14700,14.91
150784,15.48
234524,14.91
235512,14.91
226480,15.48
60205,14.91
147108,13.96
61523,13.96
95345,14.91
127718,14.91
71339,15.05
158102,14.91
133971,14.98
106389,14.91
106411,14.91
298327,14.91
228210,14.91
233063,14.91
14320,14.91
143628,14.91
19329,14.91
294846,14.91
237724,13.96
276907,15.12
131051,14.91
19441,14.91
31570,14.91
194275,14.91
56987,14.91
177339,14.91
224678,15.48
93684,15.13
288286,15.48
15814,14.91
153066,14.91
47270,15.48
265276,14.91
29090,14.91
106042,14.91
216867,14.91
128873,15.48
236834,14.91
49001,14.75
59538,14.91
47237,14.91
118539,14.91
64500,14.91
150826,15.48
141674,15.48
75133,14.91
194826,15.48
91050,13.96
174660,15.48
135903,14.91
48165,14.91
246025,14.91
210233,14.91
260033,15.48
102303,14.91
134450,14.91
221298,14.91
260760,15.48
285704,14.91
71383,14.91
294208,14.91
131554,15.48
53048,15.48
206325,14.91
189542,13.96
113185,15.48
253820,14.91
163159,15.12
9792,14.91
202839,14.91
194678,15.48
95396,14.91
277797,14.91
62316,15.48
104584,14.91
217041,15.48
224427,15.48
65648,14.91
138379,15.05
144214,15.48
113847,14.91
131546,14.91
57263,15.48
65654,14.91
279383,14.91
45880,14.96
283575,14.91
24131,14.91
273986,14.91
70206,14.91
247928,15.48
32765,14.96
9344,14.91
46694,14.96
273152,15.05
237491,14.91
134584,14.91
164431,14.91
115538,14.91
226181,15.48
96868,15.48
127017,14.91
95165,15.48
157288,14.91
163290,15.05
268297,14.91
61751,14.91
72167,14.91
20502,14.68
136599,15.48
30536,14.91
288024,14.91
16534,14.91
209522,13.96
296288,14.91
203411,15.48
65813,14.91
246883,15.48
245888,14.91
212221,15.48
44492,15.48
139357,14.91
284096,14.91
148762,14.91
191156,15.48
140787,14.91
69973,14.91
7609,14.91
84271,14.91
192243,14.91
264180,14.91
247384,14.91
164250,14.91
248387,14.91
91233,14.91
143669,14.91
75869,14.91
154407,14.91
278178,14.91
247282,14.91
194030,14.91
8795,14.91
263751,14.91
6746,14.91
136010,13.96
155627,15.48
202020,14.91
269957,15.48
7615,14.91
166917,15.48
275402,15.48
9412,14.91
215039,14.91
293587,14.91
91983,14.91
5517,14.91
68978,15.48
245612,15.48
130192,15.48
65885,14.91
116488,15.48
234185,14.91
216517,14.91
294342,14.91
28232,14.91
209643,14.91
296471,14.91
36850,14.91
179133,14.91
34954,15.48
232711,14.91
183431,15.48
291069,14.91
71479,14.91
62706,15.13
229197,13.96
292313,14.91
79489,15.48
296044,14.91
247023,15.48
179439,15.13
139757,14.91
149590,14.91
225617,14.91
61955,14.91
168164,15.48
272799,14.91
42667,15.48
84652,15.48
81996,14.91
162425,14.91
141793,15.48
294836,13.96
289603,13.96
299435,14.91
216979,15.48
143126,15.48
213782,14.91
201510,14.91
179179,15.48
239175,15.48
27172,15.05
116638,14.91
210298,14.91
12309,15.48
57041,14.91
213599,13.96
118877,14.91
150632,15.48
247670,14.91
142976,15.48
288181,14.91
206033,14.91
132711,14.91
141109,14.91
72124,15.48
227933,14.91
243910,14.91
162988,14.91
157155,15.05
259448,14.91
271886,14.91
79242,15.13
111973,14.91
46726,14.91
253299,14.91
295197,14.96
94509,14.91
207331,13.96
162711,14.91
165739,14.91
157479,15.48
216827,14.91
174552,14.91
259217,15.48
61016,14.96
204813,15.48
36302,14.91
246480,14.91
227166,14.91
149713,14.91
72500,14.91
46103,14.91
191906,15.48
200119,14.91
7930,14.91
48365,14.91
227271,14.91
23022,14.91
232838,14.91
57749,14.91
282909,15.48
259335,14.96
274132,15.13
197373,14.91
2522,14.91
210966,13.96
279559,14.91
207170,15.48
120644,14.91
2079,14.91
273428,14.96
242430,14.91
274189,15.05
154711,15.13
226877,14.91
240688,14.91
75270,14.91
230873,14.91
80581,14.91
286338,15.05
34645,14.91
88715,15.48
276846,14.91
123729,14.91
240122,15.48
44928,13.96
138934,15.48
127350,15.48
94807,14.91
116600,15.48
104207,14.91
114089,14.91
255634,14.91
37443,15.48
185510,13.96
163269,15.48
86897,15.48
77306,15.13
142819,14.91
257361,15.48
17274,15.48
164559,14.91
194885,14.75
265827,14.91
287264,14.91
82236,14.91
37770,14.91
36502,13.96
33782,15.48
96321,14.91
230660,15.48
261553,14.91
19530,14.91
162233,15.48
71778,15.48
32826,14.91
241436,14.91
188005,15.48
139346,14.91
137000,15.48
115487,14.91
148401,14.91
175952,14.91
200321,14.91
243959,14.91
204743,14.91
119822,14.91
143467,13.96
53517,15.05
20353,14.91
208604,14.91
270456,14.91
267303,15.05
288812,15.48
136928,15.13
42486,14.91
160736,15.48
34051,14.91
148372,14.91
85917,14.91
27357,14.91
189900,15.48
214448,14.91
76127,14.91
103170,14.91
40221,14.91
61210,15.13
232422,14.91
97674,14.91
176988,14.91
195259,14.91
1469,14.91
120487,14.91
225378,14.91
58733,14.91
171694,15.48
160269,13.96
56334,15.05
242792,14.91
270077,14.91
10914,14.91
262490,15.05
294711,14.91
170740,15.13
63901,15.48
129758,14.91
89288,14.91
15120,14.91
161291,14.91
35184,14.91
266324,15.48
52790,15.48
262342,14.96
95895,13.96
87239,14.91
119802,14.91
30274,14.91
4973,14.91
226991,14.91
174009,14.91
22517,15.48
237487,14.91
228925,14.91
95130,14.91
22101,15.05
215446,13.96
128833,15.12
166057,14.91
97471,15.48
291728,14.91
292922,14.91
152805,15.48
246515,14.91
171602,15.48
83651,14.91
102781,15.48
82193,15.12
78822,14.91
192570,15.48
228120,14.91
179808,14.91
61056,14.91
6010,15.48
168272,14.91
143515,14.91
105588,14.91
121414,14.91
296082,14.91
209463,14.91
69473,14.91
129398,14.91
23840,14.91
57080,15.13
203849,15.48
128880,14.91
180791,14.91
19724,14.91
8439,14.91
205630,14.91
35304,14.91
56442,14.91
81550,14.91
268298,14.91
71186,15.13
170299,14.91
201967,15.13
253616,13.96
229259,14.91
117763,14.91
130503,14.91
17726,14.91
112783,14.91
102735,14.91
241672,14.91
219224,15.48
8730,14.91
139221,14.91
48789,14.91
149246,15.48
273550,15.05
184142,14.91
19287,14.91
75470,15.48
164887,14.91
33376,14.91
86163,14.91
121977,14.91
131786,14.91
205649,15.13
95993,15.48
3960,14.91
204695,13.96
54249,14.91
90541,14.91
134456,14.91
238781,14.91
267740,14.91
181682,15.05
255743,15.48
228889,14.91
56365,14.91
21377,14.91
158684,14.91
297268,14.91
223267,15.48
181604,15.48
953,14.91
18666,14.91
148449,14.91
268981,14.91
10873,14.91
290688,15.48
80111,13.96
88643,14.91
278308,14.91
251734,14.91
233450,15.48
117003,14.91
35029,14.91
16988,15.48
104540,15.13
286856,14.91
176366,14.91
61705,14.91
143219,14.91
161556,15.13
277121,15.48
171214,15.05
50611,15.48
147058,14.91
248128,15.05
42595,14.83
11142,15.13
195656,14.91
117109,14.91
250762,15.05
259000,14.91
184459,14.91
20693,14.91
140311,15.48
114028,14.91
231035,14.91
162411,14.91
213972,14.91
249196,14.91
114538,15.05
201745,14.91
199492,14.91
260119,14.91
118403,14.91
153207,15.48
235287,15.48
196297,14.91
184988,14.91
78710,14.91
47465,14.91
93390,14.91
21791,14.91
39756,15.48
44808,14.91
256479,15.05
22666,13.96
278510,14.91
233292,14.91
187144,14.91
52259,14.91
132226,14.91
115347,14.91
224769,14.91
36462,14.91
23922,14.91
286828,14.91
283219,14.91
135083,15.48
214752,14.91
74237,14.91
286879,14.91
294282,14.91
180916,15.12
201006,14.91
48575,14.91
153532,13.96
230090,14.91
144422,14.91
68027,14.91
199117,14.91
274642,14.91
227438,15.48
254060,14.91
207930,14.91
137014,14.91
50844,14.91
229733,15.48
228459,14.91
96370,14.91
102516,15.48
129176,14.91
217283,14.91
38777,14.91
93685,13.96
180996,14.91
11843,14.91
289154,15.13
213450,14.91
290335,15.13
15922,15.05
149163,15.48
114303,14.91
15576,14.91
19064,14.91
266703,14.91
5643,14.91
190179,15.48
275847,14.91
292164,14.91
250813,15.48
115934,15.05
186562,14.91
14624,14.91
227191,14.91
107730,14.91
84056,15.48
42410,14.91
7410,14.91
181820,14.91
82780,14.91
233821,14.91
32382,14.91
179607,15.48
75458,14.91
102817,14.91
171472,14.91
229075,14.91
74662,14.91
271104,15.05
96220,14.91
282378,14.91
127108,14.91
283993,15.48
285662,15.48
245354,14.91
152671,15.48
63283,14.91
258848,14.91
170969,14.91
264455,14.91
191771,13.96
132259,14.96
143759,14.91
53977,14.91
9962,14.91
233685,14.91
216627,14.91
183709,14.91
5728,15.48
88110,14.96
87075,15.48
18279,14.91
21818,13.96
66206,14.91
197032,14.91
133666,14.91
135445,15.48
202819,14.91
70209,14.91
222294,13.96
2824,14.91
71790,14.91
199971,15.48
107956,15.13
65242,14.91
229129,14.91
104335,14.91
221531,14.91
12884,15.12
31208,14.96
106204,14.91
139982,14.91
47008,15.48
246990,15.48
213054,14.91
175872,14.91
294933,15.48
17906,14.91
251853,15.13
102032,14.91
213235,14.91
160679,14.91
227109,14.91
139404,14.91
168555,14.91
149048,14.91
170855,14.91
254655,15.48
48328,14.91
258454,14.91
245742,14.91
117289,15.48
67211,13.96
147995,14.91
198571,14.91
212572,13.96
43961,14.91
38038,14.91
276759,14.91
93298,14.91
48433,14.91
287917,14.91
193765,14.91
111603,14.91
275390,15.48
71236,14.91
292506,15.13
195866,14.91
220699,14.91
44436,14.91
198733,14.91
226314,15.48
276326,14.91
72977,15.13
249684,14.91
71950,14.91
294255,14.91
15809,14.91
173565,13.96
206669,15.48
33790,15.12
197100,15.48
76582,14.91
127389,14.91
84034,15.05
125959,14.91
36937,14.91
105462,15.48
150177,14.91
97719,15.48
103111,14.91
76335,14.91
168399,13.96
27478,14.96
167688,14.91
100218,14.91
126070,15.13
226045,14.91
88077,14.91
244275,13.96
110335,14.91
191741,14.91
20295,14.91
144403,15.48
143042,13.96
101453,14.91
244050,15.48
263869,14.91
277733,14.91
240712,14.91
279951,14.91
172371,15.48
217325,14.91
202310,15.48
225974,15.48
104078,14.91
265265,15.48
134389,14.91
191524,14.91
268173,15.48
100797,15.13
225954,15.12
201840,14.91
137825,14.91
15843,14.91
225230,15.48
205298,15.48
107614,15.05
159048,15.48
159683,14.98
194046,14.91
3944,14.91
262213,14.91
167977,14.91
115567,14.91
111508,14.91
113494,14.91
119015,15.48
144964,14.91
12488,14.91
91629,14.91
237888,14.91
7126,15.48
47339,14.91
1978,14.91
266853,14.91
207192,14.91
266395,14.91
244038,14.91
190708,15.48
265947,14.91
8877,14.91
285818,14.91
260756,15.13
146314,15.48
2924,14.91
225031,14.91
7269,15.48
12841,14.91
3047,14.91
129556,14.91
33648,14.91
57065,13.96
182794,14.98
196324,14.91
191600,14.91
311,14.1
276296,15.48
230594,15.48
155372,15.05
267032,13.96
193355,15.48
227423,14.91
278230,14.91
162995,15.48
82429,15.48
232506,14.91
231158,14.91
259594,14.91
18304,14.91
273409,14.91
44333,14.91
299186,14.91
216303,13.96
164141,14.91
15387,14.91
187226,14.91
59185,14.91
269649,14.91
62562,15.48
247402,15.48
64805,14.91
125103,15.48
153194,15.48
98526,14.91
88592,13.96
230340,14.91
292502,14.91
26338,14.91
170901,14.91
12610,15.48
10551,14.91
156368,14.91
163246,14.91
265666,14.91
222119,14.91
179277,14.91
209454,15.12
65246,15.48
267950,15.48
258341,14.91
272391,14.91
245055,14.91
161572,14.91
57280,14.91
218748,15.48
216644,14.91
11667,14.91
76800,13.96
219260,14.91
62458,15.48
2677,14.91
262381,14.91
260406,14.91
70117,14.91
115096,14.91
78757,14.91
5912,14.91
24456,15.48
294517,14.91
273942,14.91
242819,14.91
13393,14.91
190422,14.91
101436,14.91
112189,13.96
12340,14.91
5020,14.91
109310,14.91
121762,14.91
180500,14.91
182293,15.12
210410,14.91
296072,14.91
170300,14.91
63293,14.91
46494,14.91
84881,14.91
179829,15.05
113912,15.48
201880,15.05
95679,14.91
223357,14.91
298179,15.48
2197,14.91
279116,13.96
152882,14.91
79245,15.13
215843,14.91
13589,14.91
119456,14.91
224722,14.91
238400,15.48
285365,14.91
66291,13.96
209853,14.91
117008,14.91
170587,14.98
30051,13.96
287209,15.48
18887,14.91
123561,14.91
228341,14.91
136134,15.12
88944,15.48
225866,14.91
40255,14.91
202784,15.48
25370,14.91
37120,14.91
152696,14.91
188049,14.91
165130,13.96
138374,15.12
189291,15.48
119928,14.91
65824,14.91
99905,14.96
133462,14.91
49000,13.96
283713,14.91
162837,14.91
75086,14.91
277355,15.05
122937,14.91
297682,15.48
117030,15.48
173902,14.91
25208,14.91
210073,14.91
109745,14.91
276157,15.48
123582,14.91
264419,14.91
283087,13.96
95573,15.48
258679,14.91
266171,14.91
280674,15.48
243238,14.91
200322,14.91
8304,14.91
104518,14.91
77644,14.91
278213,14.91
284585,15.12
152078,15.48
249381,13.96
268026,13.96
299029,14.83
209348,14.91
252793,14.98
192216,14.96
57973,14.91
292283,15.48
124758,15.48
5734,14.91
907,15.48
144675,14.91
204784,14.91
115551,14.91
25456,15.48
106134,14.91
296713,15.48
296944,14.91
243836,14.91
5587,14.91
133260,14.91
22742,15.48
92389,14.91
127553,15.13
51945,15.48
42175,14.91
298155,14.91
2565,14.91
30974,14.91
262552,15.05
265096,14.96
168202,13.96
79256,15.48
267042,14.91
6261,14.91
294935,15.13
65667,14.91
147875,14.91
23328,15.48
286940,14.91
253859,15.48
119887,14.91
217270,14.91
290983,15.48
249621,14.91
50287,13.96
174731,14.91
127284,14.91
252571,14.91
214832,15.09
254414,15.48
201496,14.91
76157,15.48
137464,15.48
183069,14.91
39866,14.91
159617,15.48
77323,14.96
269064,15.48
49131,15.48
217388,15.48
80635,15.48
115811,15.48
79426,14.91
76904,14.91
122900,15.13
118561,14.91
262850,15.48
45435,14.91
47514,15.48
23649,14.91
276094,15.05
267430,13.96
271401,14.91
248072,14.91
272307,14.91
47337,14.91
61947,15.48
115539,14.91
166291,15.12
173428,14.91
12082,15.48
25160,14.91
70959,14.91
165579,14.91
174285,15.48
14721,14.91
275973,15.48
69333,14.91
254413,15.05
268707,14.91
13673,14.91
107144,14.91
152384,15.48
28187,14.96
113227,14.91
68520,14.91
42661,14.91
228863,15.48
243884,14.91
27535,15.05
19226,14.91
139852,14.91
298525,14.91
155718,14.91
246858,14.91
217260,13.96
221284,14.91
258951,15.12
13852,14.91
85559,14.91
185647,15.05
243895,15.48
123674,14.91
18715,14.91
50060,15.48
48038,15.48
53607,14.91
209881,15.48
218710,14.91
122918,13.96
283008,14.91
237543,15.48
226189,15.48
195655,14.91
268725,14.91
200535,15.05
53937,14.91
198133,14.91
225048,14.91
246352,14.91
12252,15.48
250641,14.91
61048,14.91
251441,15.48
165037,14.91
296968,14.91
108391,14.91
140489,14.98
15923,13.96
46595,15.48
100907,14.91
18333,14.91
105061,14.91
280606,14.91
173491,14.91
187792,14.91
237645,14.96
142537,14.91
252686,14.91
52397,14.96
116145,14.91
88722,14.91
98251,14.91
11557,14.91
227756,14.91
810,15.48
64157,14.68
256710,14.91
192170,14.91
62829,14.91
65392,14.91
194558,14.91
293728,15.48
214083,14.91
207259,14.91
128976,14.91
93701,13.96
170743,14.96
126789,14.91
240961,14.91
230442,15.05
119560,14.91
62934,15.48
41318,14.91
206482,14.91
237535,15.48
113558,15.48
6223,13.96
7380,14.91
208511,14.91
260166,14.91
142558,14.91
7199,14.98
20929,14.91
152613,15.12
209268,14.91
236908,15.48
55813,14.91
210850,14.91
213504,14.91
79387,14.91
97286,14.91
192279,15.48
79091,14.91
39809,15.48
252241,14.91
99184,14.91
203098,15.48
90125,14.91
253155,15.48
184672,15.48
139647,14.91
232673,14.91
45547,15.48
86952,14.91
46280,15.48
272229,14.91
153650,14.91
160167,15.48
167060,14.91
96445,14.91
269261,15.48
64728,14.91
98760,14.91
117826,14.91
298616,15.48
145329,14.91
125100,13.96
287976,14.91
175974,15.48
36327,14.91
118112,14.91
212607,14.91
1479,15.48
270900,14.91
124974,13.96
228263,15.13
162852,14.91
157573,15.13
1259,15.05
20279,14.91
81596,14.91
10268,14.91
89557,14.91
36547,14.91
184313,15.48
290899,15.48
188404,15.48
180546,14.91
255808,14.91
100656,15.48
102243,14.91
226653,15.48
122648,14.91
246474,15.48
259380,14.91
30216,15.48
40549,14.91
67016,14.91
202724,14.91
136632,14.91
149141,14.91
121251,14.91
265652,15.48
243200,15.48
177919,14.91
294526,15.48
146261,14.91
287350,15.05
138553,15.05
15731,14.91
73662,14.91
163859,14.96
204518,14.91
96151,15.48
232246,14.91
84396,14.91
253817,14.91
284263,14.91
297687,14.91
299292,14.91
266621,15.05
161114,14.91
174011,14.91
170543,14.91
132039,14.91
233445,14.91
5806,14.91
87887,14.91
279492,14.91
292988,15.48
169090,15.05
55240,15.48
223943,15.48
240985,15.48
92518,15.48
110775,14.91
165400,15.48
112501,14.91
278007,14.91
284842,14.91
3134,14.91
207114,15.48
97438,14.91
191084,14.91
277288,14.91
162223,14.91
238452,14.91
177798,14.91
131975,15.48
32687,14.91
281792,13.96
3854,14.91
92665,14.91
219524,14.91
66440,14.91
191248,15.48
288458,14.91
14023,14.91
215724,14.91
5288,14.91
135371,14.91
125122,14.91
113190,14.91
127511,15.48
17998,14.91
37335,14.91
118790,15.48
179316,13.96
122093,14.91
294880,14.91
281826,14.91
214247,13.96
110048,14.91
259691,14.91
140109,14.91
11660,13.96
154272,14.91
12450,14.91
86182,14.91
53082,15.48
43987,15.48
68744,14.91
194805,13.96
107162,14.91
23616,14.91
107839,14.91
183486,14.91
128438,14.91
31645,15.05
231490,14.91
115943,14.91
48721,14.91
233156,15.48
120677,14.91
140953,14.91
65772,14.91
41050,14.91
111969,15.48
52186,15.48
177480,15.48
68210,15.48
49761,14.91
13474,15.48
233987,14.91
41789,14.91
107962,15.13
163739,15.48
234666,15.48
244231,15.48
296103,15.13
232800,15.48
242969,14.91
207903,14.91
264271,14.91
260095,14.91
78185,14.91
54709,13.96
217152,14.91
276654,15.13
239658,14.91
198066,14.91
228955,14.91
27119,14.91
43719,14.91
220938,15.48
172595,14.91
137142,15.48
199383,14.91
28579,15.05
139524,14.91
113444,14.91
65420,14.91
290582,14.91
280725,15.48
219783,14.91
98327,14.91
298404,14.91
287218,14.91
839,14.91
71709,14.91
145913,14.91
209375,14.91
181222,15.48
214584,15.48
172840,15.05
200775,14.91
116018,14.91
17030,15.48
1822,14.91
285375,15.48
4935,14.91
98470,14.91
56757,14.91
96737,14.91
184609,14.91
43475,15.48
139661,14.91
68972,14.91
242798,15.48
6141,14.91
172224,14.91
26881,14.91
290829,14.91
295580,15.48
166556,14.91
157602,15.48
69736,14.91
28103,15.48
157710,14.91
84849,15.48
165445,14.91
101066,14.91
168572,14.91
15970,14.91
281051,15.48
122627,14.91
199995,14.91
9513,14.91
186374,14.91
129904,14.91
13316,15.48
284749,14.91
10732,14.91
214180,15.48
76111,14.91
211869,14.91
73926,14.91
53396,15.48
86550,14.91
36659,15.05
27624,14.91
120376,15.05
218974,14.91
161597,14.91
141379,14.91
219047,14.91
102123,15.48
168604,14.91
237331,14.91
103901,14.91
219157,14.91
167423,14.91
109729,14.91
181049,14.91
121945,13.96
276132,14.91
55862,15.48
191980,15.05
200464,14.91
149702,14.91
280672,15.48
148271,14.91
131306,15.48
43387,15.48
25743,14.91
200067,13.96
213365,14.91
108731,14.91
172726,14.91
50832,15.48
187368,14.91
122088,14.91
288948,14.91
199321,15.12
219483,14.91
264948,14.91
117372,14.91
74904,14.91
70362,14.91
215964,14.91
88125,14.91
86792,15.48
174621,15.13
179288,14.91
260714,15.05
71539,15.48
299227,14.83
38352,14.91
138946,15.48
87719,15.12
37382,15.48
182288,14.96
107823,14.91
81637,14.91
109103,14.91
286194,14.91
186882,14.96
251074,15.05
67735,14.91
292277,14.91
142505,14.91
87909,13.96
268760,15.48
89040,14.91
162318,13.96
117636,14.91
182540,13.96
264776,14.91
128918,14.91
82541,15.13
229987,14.91
17738,14.91
252545,14.91
225487,14.91
267463,15.48
93752,14.91
152159,15.48
30108,14.91
215914,14.91
204368,14.91
28205,14.91
139205,14.91
42171,14.91
158664,15.48
191049,14.91
276483,14.91
160842,14.91
145814,14.91
108459,14.91
164352,14.91
240372,15.48
278269,15.48
179733,14.91
64961,14.91
168046,14.91
152344,15.48
273589,15.48
128901,15.48
263802,15.13
289718,13.96
148006,14.91
268380,14.91
76900,15.05
143386,13.96
127675,14.91
87226,14.91
141582,14.91
49675,15.48
242553,14.91
202600,14.91
31263,14.91
62503,14.91
247449,14.91
43902,14.91
104444,14.91
1568,14.91
282621,15.48
223571,14.91
157827,14.91
257645,14.91
266251,14.91
171563,13.96
174063,15.48
295824,14.91
206655,14.91
127425,15.13
244557,15.48
149902,14.91
201340,15.48
17907,14.91
84207,15.48
231266,15.48
246652,14.91
17682,14.91
287395,15.48
287651,15.48
285751,14.91
243706,14.91
197182,14.91
3732,14.91
114454,14.91
251735,14.91
2610,14.91
220106,13.96
159000,14.91
159469,14.91
133389,14.91
46898,14.91
94726,14.91
276031,14.98
178903,14.91
150789,14.96
66443,14.91
18454,14.91
92325,14.91
114835,13.96
7206,14.91
132992,14.91
37672,15.12
50331,14.91
55027,14.91
112416,14.96
121793,15.48
124918,15.05
256247,13.96
21683,14.91
254828,14.91
239203,14.91
212239,14.91
246199,15.48
260452,14.91
184798,14.91
177669,15.48
70109,14.91
245860,15.48
214856,15.48
200031,14.91
134824,15.05
204357,14.91
12996,15.48
237358,15.48
213977,14.91
141777,13.96
41463,14.91
26998,15.48
76763,14.91
290269,14.91
205429,14.91
285750,14.91
143779,14.91
164322,14.91
117629,15.13
13561,14.91
10087,14.91
73626,14.91
110836,14.91
52391,15.48
146375,14.91
237165,14.91
278521,14.91
175845,15.48
243718,15.48
296481,14.91
292134,14.91
214294,15.48
230963,15.48
287469,14.91
86863,14.91
202023,14.91
230791,14.91
165462,14.91
164979,14.91
136879,14.91
52098,15.48
58866,15.48
205143,14.91
56012,15.48
72048,14.91
11715,15.48
43449,15.13
150389,15.48
284325,14.96
115225,15.05
121603,14.91
157051,14.91
40697,13.96
43578,14.91
229725,15.48
75741,14.91
87560,14.91
277994,14.91
117452,14.91
196463,14.91
187677,14.91
86565,15.48
244854,13.96
268056,14.91
171837,15.48
57572,15.05
103674,15.48
14969,14.91
106972,14.91
133220,14.91
86173,14.91
92542,15.05
102786,15.48
294451,15.13
185407,14.91
158977,14.91
297854,14.91
208360,14.91
202408,15.48
178282,15.48
135514,14.91
172445,15.48
297972,14.91
5092,14.91
286847,14.91
115329,14.91
39411,14.91
280368,14.91
272235,14.91
15853,14.91
36221,15.48
218765,14.98
194113,14.91
68471,14.91
80488,14.91
100052,14.91
155599,14.91
135357,15.48
99283,15.48
275421,14.91
194599,14.96
234291,14.91
283039,14.98
33114,14.91
194690,14.91
1955,14.91
30301,14.91
139260,14.91
223552,14.68
152709,13.96
77747,15.48
38035,14.91
248101,14.91
90999,15.48
12691,14.91
41780,15.13
151249,14.91
85790,13.96
9064,14.91
177303,14.91
21125,14.91
195075,15.13
266453,14.91
146734,14.91
231717,15.48
60304,14.91
211275,15.48
82850,15.48
99568,14.91
257129,15.48
173955,14.91
235966,14.91
107768,14.91
209573,14.91
280391,14.91
222198,15.48
227547,15.48
292330,14.91
168330,13.96
261626,14.91
122866,14.91
190626,15.48
179557,14.98
297856,15.13
25880,15.48
147895,14.91
212399,15.13
222593,14.91
293661,15.05
276655,14.91
13132,15.48
281936,14.91
292872,14.91
59733,14.91
185603,14.91
109584,15.48
204677,14.91
186053,14.91
198147,15.48
240989,15.48
221809,14.91
225548,14.91
205754,15.48
81827,15.48
158051,14.91
183341,14.91
13828,14.91
264206,14.91
199586,15.48
74619,14.91
73213,13.96
41958,15.05
108601,14.91
231537,14.91
272800,14.91
268028,14.91
67741,14.83
258272,14.96
152202,14.91
79775,14.91
122397,14.91
246089,14.68
97460,15.48
249138,15.13
109956,14.91
65676,14.91
212546,15.48
125875,14.91
27467,14.91
219198,15.48
242640,15.05
296646,15.48
106441,14.91
53897,14.91
6321,14.91
89830,15.48
165393,14.91
41329,14.91
16812,15.48
72151,14.91
149584,14.91
29616,14.91
78040,15.05
31883,14.91
24497,14.91
21091,15.12
274705,15.48
289295,14.91
102459,14.91
178771,14.91
241905,14.91
27699,15.48
48461,14.91
170045,14.91
62227,15.05
260002,15.48
93207,14.91
117814,14.91
78570,15.05
25885,15.48
115547,14.91
268228,15.48
101157,14.91
146497,14.91
183416,15.48
128994,14.91
46561,14.91
274363,14.91
270865,14.91
137230,14.91
242297,14.91
125745,14.91
146600,14.91
62012,14.83
205725,14.91
178579,14.91
167965,14.91
264232,14.91
260858,14.91
52086,14.91
142492,14.91
124465,14.91
287891,14.91
86602,14.91
253471,15.48
152527,14.91
244655,15.48
271555,14.91
259768,14.91
112796,14.91
12849,13.96
103903,14.91
198595,14.91
274686,14.91
17093,14.91
243550,14.91
77695,15.48
14158,14.91
182311,15.48
187004,15.48
94586,15.48
1925,14.91
279193,14.91
201010,14.91
135398,14.91
225664,15.13
202558,14.91
235776,14.91
38697,14.91
25729,14.91
188920,15.05
123343,14.91
274491,14.91
19092,14.91
266681,14.91
173483,14.91
32359,14.91
165598,14.91
202549,14.91
8763,14.96
185970,14.96
281568,15.48
185304,14.91
7710,15.48
278078,14.91
31417,13.96
203369,14.91
9198,14.91
140143,14.91
19758,14.91
290367,13.96
272231,14.91
121160,15.13
281630,15.48
184504,15.48
230197,15.48
215244,14.91
221359,15.48
281786,15.05
99609,15.48
124364,14.91
187784,14.91
157132,15.13
170452,14.91
288210,13.96
276530,15.13
142794,14.91
14195,15.48
26432,15.48
150549,14.91
277912,14.91
2774,14.91
223126,14.91
64120,14.91
208305,15.48
185554,14.91
5218,14.91
215586,14.91
265038,14.91
187190,14.91
221310,14.91
94091,14.91
182599,15.48
66709,14.91
185359,14.91
297752,14.91
278827,14.91
81464,14.91
145659,14.91
87033,14.91
144486,15.12
74796,14.91
161634,15.05
124707,14.91
280120,14.91
36398,14.91
32172,14.91
298931,14.91
186260,14.98
99703,14.91
53410,14.91
123464,15.48
67091,14.91
83941,14.91
279099,13.96
58897,14.91
24441,14.91
90839,14.91
59053,14.91
286442,15.48
209470,14.91
286957,14.91
85568,14.91
132199,14.91
56555,13.96
17681,15.48
51146,14.91
159111,14.91
21515,14.91
52032,14.91
294702,14.91
190503,14.91
26769,15.05
6434,15.48
155148,15.48
47281,15.48
270972,14.91
65954,14.91
85556,14.91
61513,15.13
278209,14.91
45050,14.91
157312,14.91
154410,13.96
8717,15.48
161547,14.91
9486,14.91
134466,15.48
14697,14.98
234384,15.48
51958,14.91
96827,15.48
197437,14.91
41103,14.91
270315,14.91
231800,14.91
147136,14.91
19164,14.91
252454,15.05
197398,14.91
104317,15.12
92994,15.48
170849,14.91
263270,14.91
282519,14.96
1333,14.91
279484,14.91
237659,14.91
81609,14.91
20204,14.91
181086,13.96
147825,14.91
193997,14.91
55465,14.91
60943,14.91
113304,14.91
227724,14.91
188969,14.91
103551,14.91
286809,14.91
69374,14.91
72910,14.91
90237,14.91
137808,14.91
198563,14.91
62991,15.05
65455,15.48
18674,15.48
170369,14.91
197885,14.91
130920,15.48
3554,15.48
70815,14.91
938,15.48
226878,13.96
274554,14.91
198496,14.91
181819,14.91
258773,14.91
252195,13.96
51804,14.91
264907,14.98
297952,15.13
64503,14.91
146526,14.91
240188,15.48
156464,15.48
23338,14.91
285519,15.13
73319,13.96
5773,14.91
35744,14.91
36996,14.91
66049,14.91
283190,14.91
143080,14.91
114866,14.91
89867,14.91
35921,15.48
81773,14.91
117770,14.96
289638,14.91
68386,15.48
249669,14.91
9689,15.48
41345,14.91
206070,14.91
100298,15.48
167176,14.91
251605,15.05
216065,14.96
272429,14.91
233763,14.91
27036,14.91
128061,14.91
174167,14.91
119516,14.91
51624,15.48
114931,14.91
149807,14.91
96957,15.13
186659,14.91
68204,14.91
86473,15.48
38510,14.91
295074,14.91
14034,14.91
176222,14.91
99165,15.05
109867,15.48
224945,14.91
258579,15.48
185750,14.91
259083,14.91
6063,14.91
74109,14.91
233441,14.91
67887,14.91
268437,14.91
32450,14.91
221607,14.91
34530,15.48
281588,15.48
47125,14.91
130721,14.68
236035,15.48
107073,14.91
186817,14.91
41573,14.96
92748,14.91
93422,14.96
171042,15.05
121346,14.91
229547,13.96
197393,13.96
91082,15.48
100880,14.91
143278,14.96
121957,14.91
80198,15.48
158140,14.91
128089,13.96
145027,14.91
251712,14.98
218784,14.91
285644,14.91
174692,14.91
227711,14.91
251374,15.48
160922,15.48
137685,14.91
275669,15.48
244503,14.91
223954,14.91
296961,15.48
36197,14.91
83815,14.91
261374,15.48
56154,14.91
59609,14.91
23738,15.48
164867,14.91
28608,13.96
242657,14.91
96515,15.48
44751,14.91
79785,13.96
169398,14.91
295749,14.91
190594,14.91
271346,14.91
36898,15.48
73805,14.91
108403,14.91
49048,14.91
40541,14.91
33894,14.91
42716,13.96
147569,14.91
185278,14.96
275169,14.96
232030,14.91
35003,15.48
245829,14.91
239626,15.48
36924,13.96
53778,14.91
105818,15.48
2692,14.91
267398,15.48
116113,15.48
135015,14.96
59029,14.91
157974,15.12
237483,14.91
111111,15.48
185723,14.91
201543,14.91
203276,14.91
97166,14.91
40378,15.13
116338,14.68
150891,14.91
220714,14.91
151219,14.91
38061,14.91
276958,15.48
277201,15.12
270300,15.48
111143,14.91
55883,15.13
188475,14.91
263916,14.91
11497,14.91
120481,14.91
252778,14.91
196212,14.91
205685,14.91
292186,15.48
295632,14.91
59065,14.91
232089,14.91
252062,14.91
274573,15.48
78950,14.91
173375,14.91
163782,15.13
221553,15.48
213607,14.91
211565,15.48
17206,15.05
235581,15.48
23106,15.48
57211,14.91
219934,15.48
64885,14.91
187597,14.91
162832,14.91
175854,14.91
267653,14.91
145154,14.91
75890,15.48
293684,14.91
6458,14.91
276684,15.48
244750,14.91
70651,15.48
244053,14.91
106548,14.91
244547,14.91
103908,14.91
91989,14.91
35949,14.91
1152,14.68
91325,14.91
157171,14.91
153505,15.48
62648,15.12
217649,14.91
217453,14.91
140925,14.91
100134,14.91
251241,15.48
272375,14.91
147755,14.91
17578,14.91
68135,15.48
30368,14.91
49817,14.91
156790,15.48
175348,14.91
23105,15.48
197092,15.05
295079,14.91
143157,13.96
189791,14.91
252482,14.91
289902,14.91
77295,14.91
147302,13.96
88188,14.91
255386,14.91
176444,14.91
245561,15.48
40064,14.91
103973,15.48
255022,14.91
86532,15.48
286889,14.91
115525,14.91
128309,14.91
270406,14.91
151729,15.13
183802,15.48
123193,14.91
271074,14.91
28664,15.13
81959,14.91
178158,15.05
175921,14.91
50388,15.48
175590,14.91
164025,14.91
89748,15.48
57434,15.48
196491,14.91
288201,15.48
281752,14.91
155611,15.48
223516,14.91
75965,15.48
35469,13.96
245870,15.48
18819,14.91
277542,14.91
206404,13.96
190048,14.91
286603,14.91
131459,14.91
29499,15.48
35447,15.48
289329,14.91
213901,14.91
209892,13.96
152867,14.91
11448,14.91
56724,14.91
212832,15.48
204922,15.48
236313,15.48
259213,15.48
9295,13.96
207243,15.13
178997,15.05
62950,14.91
70804,15.48
140049,14.91
160684,14.91
243190,13.96
152824,14.98
204738,14.91
282364,14.91
74927,14.91
275382,13.96
248907,14.91
143731,14.91
47293,15.48
261572,14.91
285434,14.96
2277,14.91
160235,15.48
163042,14.91
217800,15.48
195503,14.91
30554,14.91
176152,14.91
54427,15.48
35071,14.91
111999,14.91
196661,14.91
89206,14.96
65139,14.91
43620,15.13
29944,14.91
114985,15.13
114406,15.48
66172,15.48
242514,14.91
170626,15.48
246993,14.91
252636,14.91
34558,14.91
296981,14.91
213870,14.91
81867,13.96
104194,15.48
92511,15.48
209220,14.91
35887,14.91
231627,14.91
225543,14.91
80550,14.91
57881,15.48
154680,14.91
219874,15.09
235330,15.48
251496,14.91
17672,14.91
92580,14.91
107085,14.91
6713,15.05
296434,15.48
4888,14.91
52627,14.91
170976,15.48
177898,13.96
289716,14.91
118445,14.91
297031,14.91
154960,14.91
110391,14.91
180855,14.91
4084,14.91
69713,14.91
162626,14.91
148859,15.48
29405,14.91
121013,15.48
245676,15.48
30296,14.91
283470,14.91
203165,14.91
239638,14.91
256882,14.91
183527,14.91
296791,15.48
208491,15.48
190490,14.96
55795,14.91
97850,13.96
163046,14.91
116930,14.91
127608,14.98
202590,14.91
57329,15.48
278205,14.91
106285,14.91
163423,14.91
264645,15.48
229929,15.48
298181,15.48
200578,14.91
243270,15.48
118810,15.48
42812,14.91
12833,15.48
10483,15.48
292629,14.91
204436,15.48
108572,14.91
4954,14.91
109447,14.91
181483,14.91
237480,14.91
59302,14.91
60651,14.91
147555,14.91
238801,13.96
48389,14.91
106099,14.91
198690,14.91
190976,15.48
63732,15.48
85594,14.91
40867,14.91
232676,14.91
46769,14.91
15469,14.91
97516,14.91
18606,14.91
106174,14.91
83677,15.48
236537,15.48
175002,14.91
61256,14.91
154151,14.96
17302,15.48
202117,14.91
11944,14.91
184743,14.91
146789,14.91
33151,15.48
556,14.91
140481,13.96
119905,14.91
53073,14.91
184082,15.48
17345,14.91
107974,14.91
288478,14.91
257246,15.48
92918,14.91
139979,14.91
38060,14.91
84191,15.48
100161,14.91
96597,14.91
8797,14.91
120971,15.48
214124,14.91
212071,14.91
263494,14.91
187452,14.91
136826,15.48
230040,14.91
1736,14.91
146061,14.91
100350,14.91
286881,14.91
168714,14.91
171038,13.96
241085,15.48
243608,14.91
147331,14.91
164093,14.91
269277,15.13
202281,15.48
142718,14.91
45630,14.91
261534,14.91
170089,14.91
44124,15.48
47489,14.91
276706,15.48
44214,15.48
258326,14.98
288128,14.91
87324,15.48
62527,14.96
239642,15.48
117126,14.91
282434,15.05
288340,14.91
43471,14.91
79326,14.68
8857,14.91
113041,14.91
70545,14.91
52105,14.91
238423,14.91
45036,14.91
289315,14.91
255852,14.91
251038,15.48
127532,14.91
286426,14.91
139460,14.91
254172,14.91
18207,14.91
47380,14.91
50795,15.48
116699,14.91
99497,14.91
211563,14.91
25722,14.91
149647,15.48
211954,14.91
92775,14.91
243875,14.91
213511,15.48
111331,14.91
183418,14.91
17249,14.91
68264,14.91
121664,14.91
175873,14.91
221269,15.48
5158,14.91
159908,14.91
203992,14.91
46272,13.96
184090,15.48
91455,14.91
235056,14.91
202202,14.91
264251,14.91
95269,14.91
288373,15.48
57343,14.91
148102,15.48
127082,14.91
215419,15.48
14225,15.48
7853,14.91
219910,15.48
108474,14.91
96367,14.91
292507,14.91
291285,14.91
20896,14.91
269825,14.91
217051,14.91
299059,15.48
103308,14.91
280958,14.96
156911,15.13
12512,14.91
202650,15.05
69547,14.91
281283,15.48
265150,14.91
277420,14.91
183075,15.48
238954,14.91
198111,14.91
175372,13.96
205201,14.91
220135,14.91
215418,14.91
193904,14.91
204327,15.48
159807,15.48
285226,15.05
280477,14.91
152339,15.48
185267,15.48
72312,14.91
272358,14.91
275271,14.91
211583,14.91
166453,15.48
233320,15.48
255307,15.48
69605,15.48
236696,15.12
168547,14.91
95796,14.91
292357,14.91
244110,14.91
286757,14.91
241980,14.91
178926,14.96
132949,14.91
21956,15.48
275173,15.48
259580,14.91
69452,14.91
207409,14.91
178387,14.98
195398,14.91
264584,14.91
3284,14.91
119650,14.91
75170,15.48
118842,14.91
77211,14.91
135113,14.83
27110,14.91
65766,14.91
239244,15.48
235252,15.48
223618,13.96
47282,14.91
42350,14.91
188171,14.91
88018,14.91
87114,14.91
9032,14.91
272170,15.48
177192,14.91
103332,14.91
132675,15.48
226356,14.91
194918,15.13
274858,15.48
93839,15.05
132584,15.48
90408,14.91
186459,14.91
157845,14.91
13341,13.96
58577,14.91
48331,14.91
37425,15.05
281268,15.48
147401,14.91
242189,14.91
20730,14.91
200582,14.96
150319,14.91
155192,14.91
154276,14.91
148664,14.91
101093,14.91
256425,15.12
7827,15.48
296206,14.91
37976,14.91
34690,14.91
254287,14.91
72976,15.13
279962,14.91
270629,15.48
280787,15.48
258819,15.05
280526,14.91
35314,15.12
285819,14.91
208225,14.91
22009,14.91
101402,15.48
53765,15.05
219050,14.91
21152,14.96
182114,14.91
205154,14.91
134835,14.91
272695,14.91
82761,14.91
181807,14.98
168498,14.91
207068,14.91
180118,15.48
173128,15.48
248693,15.48
32194,14.91
244248,14.91
279238,14.91
88874,14.91
208365,14.91
135524,15.48
214517,14.91
279241,14.91
29808,13.96
192893,15.48
279646,14.91
185791,14.91
153348,15.48
158465,14.91
170147,13.96
244154,15.05
108020,14.91
55876,13.96
238994,13.96
89126,14.91
292245,13.96
174607,15.48
58113,14.91
261785,14.91
111192,15.05
45213,14.91
41064,14.91
263822,14.91
54865,14.91
123735,13.96
1175,14.91
148813,14.91
288237,15.48
230491,14.91
191361,14.91
259306,15.48
174473,14.91
239236,15.48
242875,14.91
209797,14.91
126180,14.91
101193,14.91
110746,14.91
130589,14.91
133589,14.91
222205,14.91
150629,14.91
109300,14.91
45981,15.48
230741,14.91
195663,14.91
128022,14.91
260538,15.13
243794,15.48
59252,15.48
286902,13.96
224194,15.48
65694,14.91
52940,13.96
166140,15.48
297746,15.48
100061,15.48
206795,14.91
8614,14.91
259903,14.91
296048,14.91
266126,14.91
133670,15.13
135677,15.05
192290,15.48
143740,14.91
283483,15.48
207533,15.48
197251,14.91
67169,14.91
12874,15.48
246486,14.91
292092,13.96
64528,14.98
17294,14.91
66098,14.91
83969,14.91
238823,14.91
209887,14.91
160990,14.91
167331,14.91
211276,14.91
141875,15.48
284068,14.91
206923,13.96
131444,14.91
213079,13.96
214506,14.91
16736,14.91
129782,14.91
104261,14.91
23144,14.91
123365,14.91
6942,15.48
6325,14.91
131696,14.91
160569,14.91
34504,15.12
148343,14.91
228838,15.48
23948,14.91
119272,15.48
147638,14.91
192757,14.91
8410,14.91
292760,14.91
3300,14.91
144733,14.91
17630,14.91
78472,14.91
258384,15.48
74984,13.96
107170,14.91
197394,15.48
215720,14.91
272509,14.91
269743,14.91
135549,14.91
274403,15.48
110816,14.91
20315,14.91
106175,14.91
34874,15.48
201031,14.91
243886,14.91
171476,14.91
122458,14.91
145267,14.91
90625,14.91
10686,15.12
9205,14.91
220953,14.91
298964,14.91
45325,15.48
49903,14.91
44366,14.91
161186,13.96
132577,14.91
289183,14.91
230950,14.91
65213,14.91
91652,14.91
3270,14.91
91438,15.48
216343,14.91
80358,14.91
252418,15.13
179402,14.91
273186,15.05
51098,14.91
191431,14.91
73139,14.96
123888,14.91
187936,15.48
69792,14.91
160522,14.91
162042,14.91
100644,15.13
133135,15.48
87694,14.91
37389,14.91
105760,15.48
166467,14.91
156829,14.91
34063,14.91
137830,14.91
159389,14.91
291955,14.91
27126,14.91
199702,15.48
32679,14.91
225556,15.48
286373,14.96
121261,14.91
29365,14.91
117567,15.48
270708,15.48
253773,14.91
235434,15.48
85909,14.91
48922,14.91
170531,15.48
207218,14.91
112676,15.48
298065,15.13
19345,14.91
224455,15.48
50138,14.91
210858,13.96
223591,14.91
149540,14.91
147632,14.91
229955,15.48
52234,15.48
279135,14.91
104489,14.91
292929,14.91
144012,14.91
251108,14.91
142950,14.91
83420,14.91
56622,15.13
39526,14.91
241046,15.05
275143,14.91
215313,14.91
189640,14.91
74293,13.96
101986,15.48
59982,14.91
281287,15.13
14301,14.91
165419,14.91
83972,14.91
43713,14.91
161879,15.48
196234,14.91
211421,14.91
20636,15.12
249608,15.48
161264,15.48
122798,15.48
189493,14.91
72504,14.91
6978,14.91
26796,14.91
158006,14.91
136315,14.91
5162,14.91
187570,15.05
297789,14.91
66844,14.91
62535,14.91
56636,14.91
18093,14.91
273985,14.91
27916,14.91
192943,14.91
202589,15.48
272616,15.05
46771,15.48
8918,14.91
288387,14.91
131773,14.91
234323,14.91
194044,15.48
275603,14.91
222685,15.48
117173,14.91
128668,15.13
290891,14.91
103177,14.91
11950,14.91
128097,14.91
152032,14.91
183508,14.91
262519,14.91
226753,14.91
32937,14.91
249079,15.48
151362,15.05
118659,15.13
79407,15.48
263300,15.48
65309,15.48
57660,14.91
8202,15.48
225979,14.91
212723,14.91
264185,14.91
145380,14.91
164397,14.91
126115,13.96
116263,14.91
123748,14.91
23927,15.48
220053,14.91
121450,14.91
82463,14.91
279453,15.05
114174,14.91
285825,15.48
230344,14.91
103486,15.48
166946,14.91
163736,14.91
2535,14.91
128472,15.48
183584,14.91
237376,15.48
184726,14.91
95840,14.91
66336,14.91
226078,14.91
275837,14.91
242743,14.91
280231,14.91
47794,14.91
1573,14.91
191701,14.91
121037,15.48
49075,15.05
61910,14.91
260835,15.48
281223,15.48
60877,14.91
219174,15.48
134701,14.91
120859,15.05
260546,14.91
219715,14.91
61557,15.48
188122,14.91
209217,14.91
22910,14.91
150302,14.91
247987,14.91
267054,14.91
42427,14.91
291864,15.48
43686,14.91
70373,14.91
273195,14.91
22935,14.91
118414,15.48
84003,15.13
272906,14.91
277495,14.91
32017,15.48
224608,14.91
65673,15.48
296156,14.91
110451,15.48
101275,14.91
58437,14.91
70379,14.91
49707,14.91
51128,14.91
70166,14.91
277247,14.91
109632,14.91
129108,14.91
219398,14.91
269519,14.91
262412,13.96
184882,14.91
273204,13.96
121696,14.91
194942,14.91
222208,15.12
225636,15.48
166012,14.91
154040,14.91
218176,15.48
229934,15.48
112391,15.13
41215,14.91
180640,14.91
90696,14.91
163161,14.96
101972,14.91
152188,15.48
176864,14.91
126716,15.48
178235,14.91
238951,14.91
167507,14.91
36377,14.91
106231,14.91
71995,14.91
251281,14.91
152590,14.91
86454,14.91
182485,15.48
82116,14.91
220447,14.91
105802,15.48
234514,14.83
281674,15.48
24541,15.48
127844,14.91
7332,14.91
269639,14.91
109237,14.91
149024,14.91
17920,14.91
68883,14.91
137076,14.91
175274,14.91
247245,14.91
140540,14.96
239705,15.48
252495,13.96
20328,14.91
77199,14.91
211136,14.91
145745,14.91
10269,15.48
5412,14.91
135383,15.05
88034,14.91
20432,14.91
58089,15.48
30289,15.05
13367,13.96
32714,13.96
82312,14.91
9369,14.91
40247,15.48
226259,15.48
61764,14.91
11679,14.91
73910,14.91
81868,13.96
167073,15.05
132292,14.91
119620,14.91
220548,14.91
182812,15.05
21753,14.91
4401,14.91
216539,14.91
18962,14.91
269245,14.91
209325,14.91
231684,14.91
2121,14.91
177015,14.91
197573,14.91
294902,14.91
31215,14.91
122854,14.91
191943,14.91
99595,15.48
207873,15.48
118900,15.48
133454,14.91
211756,14.91
296542,15.48
16872,14.91
28419,14.91
40683,14.91
276301,15.48
29095,13.96
208717,15.48
108015,14.91
39417,14.91
47479,14.91
54751,15.48
251325,14.91
52495,15.48
128555,14.91
177151,15.13
95262,14.91
161411,14.91
154316,15.48
9407,14.91
290865,15.48
234486,15.48
122487,14.91
283341,14.91
103667,14.91
148209,14.91
8992,14.96
57085,15.48
138127,14.91
290681,15.13
52958,14.91
248440,14.91
291725,14.91
119493,15.48
120562,14.91
5278,14.91
68949,14.91
186039,14.91
130543,15.48
271169,14.91
275379,14.91
249248,14.91
31908,13.96
8650,14.91
118188,14.91
212492,15.48
209715,15.48
174627,14.91
141036,13.96
35413,14.91
10138,14.91
28485,14.91
208605,14.91
255343,14.91
201213,14.91
83679,14.91
81708,14.91
178334,14.98
113369,14.91
102292,14.91
41602,14.91
12188,14.91
144075,14.91
273202,15.48
179315,14.91
205556,14.91
59983,15.48
209466,14.98
233478,14.91
105115,14.91
247179,14.91
78224,14.91
25309,14.91
210137,15.05
83344,14.91
19206,14.91
153808,14.91
291519,15.48
164902,15.48
229705,15.48
249683,14.91
298152,14.91
120408,15.48
265607,14.91
232239,14.91
277974,14.91
33856,14.91
46095,15.48
188828,15.48
268967,15.13
232577,15.48
254975,14.91
86033,14.91
220096,14.91
288773,14.91
5932,15.05
241407,14.91
164613,14.91
34744,14.91
12208,15.48
130434,14.91
185228,15.48
70080,15.48
51617,14.91
35840,15.48
109168,14.91
76967,14.91
208799,14.91
47885,15.13
123629,15.48
88603,14.91
83952,15.48
88863,14.91
32199,14.91
24389,14.91
253497,15.48
78829,14.91
257147,13.96
246624,15.48
215131,13.96
251248,15.48
848,14.91
57154,14.91
58427,14.91
197260,14.91
70502,15.13
291347,14.91
66562,14.91
205272,14.91
67189,15.48
216747,15.05
6814,15.05
84186,14.91
58717,15.48
129026,14.91
221521,14.91
248177,14.91
184977,14.96
295980,14.91
67912,15.13
134615,14.91
249100,15.48
29282,14.91
87224,14.91
222020,14.91
179246,15.05
264292,14.91
191095,14.91
293368,13.96
78142,13.96
43041,14.91
33198,15.48
48293,14.91
32241,14.96
221947,14.91
208399,13.96
8313,14.91
8786,14.91
258218,15.48
274834,15.05
106126,15.48
67601,14.91
50891,15.48
196929,14.91
297700,15.48
21076,14.91
245758,15.48
52902,14.91
140844,14.96
268085,15.12
174502,15.13
2896,14.91
190881,14.91
42100,14.91
159968,14.91
280305,14.91
205844,14.91
90752,14.91
55851,14.91
62606,15.48
146877,14.91
225171,14.91
112408,13.96
250358,15.48
100855,14.91
136237,15.13
42808,14.91
55676,15.48
114530,15.05
21907,14.91
212616,14.91
70158,15.48
298739,14.91
218795,14.91
130966,14.91
156006,15.48
54283,14.91
103886,14.91
5981,15.13
236322,14.91
252245,14.91
265846,14.91
275719,15.48
199809,14.91
48556,15.12
175559,14.91
119575,14.91
265766,14.91
33830,14.91
283777,15.13
39091,14.91
284440,15.48
237771,15.48
164035,14.91
55705,15.48
9005,14.91
215856,14.91
11268,15.13
194677,14.91
293232,14.91
237390,14.91
258447,14.91
36915,14.91
160854,15.48
87255,14.91
34077,14.91
231901,14.91
179843,15.48
24163,14.91
92462,14.91
232894,14.91
152738,14.91
242704,14.91
49452,14.91
88318,14.91
179269,15.48
260254,15.48
70614,14.91
23190,15.48
120119,15.48
146324,15.48
202379,14.91
279900,14.91
79833,14.91
108435,14.91
283401,15.05
204714,14.91
102611,15.48
141316,15.05
286095,15.48
97722,13.96
218806,14.91
228877,15.48
41792,15.05
61308,15.48
256936,14.91
227706,15.48
36626,14.91
222732,14.91
22839,14.91
225967,15.13
265462,15.05
34060,14.91
55442,13.96
139203,14.91
20950,14.91
293579,14.91
298057,14.91
67845,14.91
86683,13.96
254879,15.05
248844,14.91
20253,14.91
104965,14.91
36772,13.96
120227,13.96
266162,14.91
161247,14.91
217737,15.48
75323,14.91
46820,14.91
10754,15.48
229633,15.48
262894,14.91
11386,14.91
180737,15.48
65790,14.91
258468,15.48
192272,15.48
87311,14.91
179696,14.91
251791,14.91
221940,14.91
283278,15.13
252417,14.91
183949,14.91
242953,14.91
183745,15.48
216788,15.48
201794,14.91
106076,14.91
115633,15.48
150506,14.91
99607,15.48
217456,15.48
217043,14.91
208656,15.48
210749,15.48
137222,14.91
158641,15.48
289609,14.91
4996,14.91
70889,14.91
195267,14.91
190346,14.91
270583,14.91
48088,14.91
161268,14.91
99600,15.48
25419,13.96
219782,14.91
253416,14.91
161743,14.96
269532,14.91
256940,14.91
257333,14.91
107479,15.48
72693,14.91
39106,14.91
34191,14.91
57688,14.91
35595,14.91
250832,15.05
68004,14.91
251935,13.96
37348,15.48
240023,14.91
193597,15.48
66612,14.91
38097,14.91
171680,14.91
164107,14.91
76549,14.91
174207,15.48
119046,14.91
152950,14.91
100228,15.48
48352,14.91
171727,14.91
32408,14.91
131844,15.48
142031,14.91
233122,14.91
224453,14.91
271878,15.13
104873,15.12
102453,15.48
44744,15.48
168589,15.48
7436,14.91
92795,15.48
105504,15.48
81224,15.48
298240,13.96
200776,13.96
285102,15.48
84520,15.48
187650,14.91
6920,15.48
10361,13.96
119381,15.48
137399,14.96
242986,14.91
281831,14.91
140875,14.91
4254,14.91
276038,14.91
123522,14.91
85335,14.91
93678,13.96
186066,14.91
122055,14.91
196923,14.91
60983,14.91
276262,15.48
172696,15.05
245936,14.91
129665,15.48
236930,15.48
252010,15.48
77427,15.48
123114,14.91
296686,14.91
223266,14.91
298133,14.91
204853,15.48
37488,15.48
171755,14.91
135169,14.91
74555,14.91
107470,14.91
53020,14.91
52155,14.91
268647,14.91
262021,15.48
292909,14.91
29263,14.91
218161,15.48
146262,14.91
239418,13.96
284724,14.91
67612,15.05
259472,14.91
162093,14.91
51418,14.91
40363,14.91
135208,15.48
20868,14.91
169342,15.48
264988,14.91
261917,15.48
248871,15.05
45458,14.91
105254,15.48
131017,13.96
14445,13.96
190129,15.48
202781,15.05
234580,14.91
186931,14.91
108845,14.91
94404,14.91
4672,14.91
55342,14.91
84108,15.48
282795,15.05
245617,14.91
269044,14.91
72218,14.91
68733,14.91
24402,15.48
195198,14.91
203372,15.48
128613,15.48
63280,15.48
106521,14.91
42134,15.48
77294,14.91
87334,14.91
269564,14.91
84956,15.48
4448,14.91
48857,14.91
140345,14.91
99678,14.91
74903,14.91
167205,15.48
214827,14.91
97070,15.13
122560,14.91
162789,15.05
65637,15.05
218079,15.48
188755,14.91
14614,14.91
71994,14.91
169067,14.91
154009,14.91
237642,14.91
191528,14.96
89137,14.98
265143,15.48
285243,14.91
270394,14.91
28947,14.91
138463,14.91
270568,14.91
141596,14.91
232741,14.91
76725,15.48
260909,14.91
136445,15.48
119895,14.91
17080,14.91
24765,14.91
289969,14.91
165081,14.91
26674,14.96
112753,15.48
118408,14.91
166976,15.13
286876,14.96
183901,15.48
233439,13.96
195524,14.91
178131,14.91
19931,14.91
260315,14.91
183453,14.91
138612,14.91
77057,14.91
73556,14.91
71404,14.91
72414,14.91
105587,14.91
12709,15.48
2644,14.91
180130,14.91
93945,14.96
140676,14.91
106205,14.91
263236,14.91
120589,14.91
241232,14.91
293329,14.91
287341,15.05
272485,14.91
129148,14.91
6658,15.48
104248,14.91
8162,14.91
58032,14.91
270699,14.96
225423,15.48
10938,14.91
227231,13.96
1655,14.91
7873,15.48
85210,14.91
47209,14.91
80913,15.48
261675,14.91
120079,15.48
195059,13.96
284731,15.48
225703,14.91
203465,15.48
229252,14.91
18029,14.91
208681,14.91
143324,15.48
173784,15.12
181138,14.91
37499,14.91
65240,15.48
48383,14.91
159358,14.91
86823,14.91
49233,14.91
261988,15.48
253351,14.91
215700,14.91
74823,13.96
42050,14.91
204429,14.98
81079,14.91
296687,15.48
57473,15.48
118047,15.48
196226,14.91
126426,15.05
177262,14.91
51868,14.91
180854,15.48
171190,13.96
178836,14.96
79476,14.91
180431,14.91
109521,14.91
347,15.48
201395,14.91
120667,14.91
240001,15.48
112643,15.13
23432,14.91
28613,14.91
8884,14.91
264781,15.13
271570,14.91
225288,14.91
144240,15.48
149296,15.05
109210,15.48
242801,14.91
283904,14.91
130491,14.91
289000,15.48
49318,15.48
270579,15.48
79179,14.91
266711,14.91
122891,15.48
90818,15.48
44367,14.91
23919,14.91
223238,15.48
162343,15.48
30884,14.91
130582,13.96
25250,14.91
229859,15.05
246504,15.48
16644,15.05
49077,15.48
284904,15.48
35774,14.91
171135,14.91
92800,14.91
168325,14.91
182468,15.48
274283,14.91
266959,15.48
234749,14.91
54291,14.91
56101,15.12
59923,15.05
50036,15.05
49459,15.48
271195,14.91
7719,15.48
286269,14.91
276037,14.91
298506,14.98
175114,14.91
28695,13.96
150046,15.48
272221,14.91
233637,14.91
125730,13.96
201678,14.91
254377,15.48
214105,14.91
122878,15.48
222914,15.48
146688,14.91
182101,15.48
94053,14.91
295637,15.48
86767,15.48
38694,14.91
20643,14.91
19363,14.91
84486,14.91
22641,15.48
60536,15.48
210836,14.91
250729,15.48
67852,14.91
152203,14.91
144359,14.91
298782,14.91
268702,15.48
2390,14.91
142094,14.91
137042,14.91
115752,14.91
208500,14.91
159296,14.91
153539,14.91
289757,14.91
107431,14.91
46778,14.91
67756,14.91
2524,14.91
254039,14.91
95087,15.48
168031,15.13
266866,14.91
125420,15.12
221307,14.91
20208,14.91
273114,15.48
289564,14.91
169368,14.91
196473,14.91
62031,15.48
192919,14.91
83509,15.48
277179,13.96
94280,15.48
45469,14.91
53969,14.91
128523,15.48
258548,14.91
205258,14.91
197877,13.96
269080,15.48
127040,14.91
183653,15.48
247354,14.91
61861,14.91
277909,14.91
294769,14.91
65542,15.48
68284,14.91
168643,14.91
25571,15.48
81279,14.91
161521,15.05
19879,14.91
284138,14.91
240101,14.91
243383,14.91
31682,15.48
121620,15.48
180339,14.91
180584,15.48
172119,14.91
66754,14.91
118358,15.48
21745,14.91
157961,15.48
249186,13.96
255874,14.91
221491,15.48
189274,14.96
108827,15.48
281931,15.05
273552,14.91
195590,14.91
41995,15.05
248721,14.91
75401,14.91
274933,14.91
104588,14.91
102113,15.48
288404,14.91
222308,14.91
249778,15.12
70703,14.91
118732,14.91
283240,14.91
193234,14.91
100428,15.48
215346,14.91
257809,14.91
133897,15.48
89995,14.91
209688,14.91
78753,13.96
172747,14.91
255694,14.91
150240,14.91
288762,15.48
208195,14.91
70200,14.91
185866,14.91
238531,14.91
219916,15.48
26213,14.91
206283,14.91
290101,14.91
150984,14.91
298304,14.91
13692,15.13
212371,15.48
106377,13.96
4311,14.91
233188,14.91
248881,14.91
96079,14.91
224888,14.91
229956,15.48
108880,14.91
147978,14.91
81890,14.91
250412,13.96
277567,14.91
151255,14.91
137640,14.91
22309,14.91
197232,14.91
225699,15.48
7349,14.83
2063,14.91
53556,15.48
252325,14.91
87701,14.91
137501,14.91
90652,15.13
25329,13.96
260640,15.48
107938,14.91
85171,15.05
144986,14.91
213865,14.91
259165,14.91
138190,15.05
256705,15.05
66904,14.91
21939,14.91
78203,14.91
297381,14.91
48080,14.91
23401,14.98
143315,15.05
299016,14.91
142216,14.91
89258,14.91
1627,14.91
184247,14.91
243227,14.91
231212,14.91
235366,15.48
109671,14.91
140937,15.48
23152,15.48
237899,14.91
295586,15.05
163541,14.91
128016,15.13
234183,14.91
124360,14.91
68740,14.91
216416,14.91
126958,14.91
129053,14.91
198665,14.91
168455,14.91
149153,15.48
42005,14.91
284242,13.96
185357,14.91
125761,14.91
208906,14.91
171585,14.91
118092,14.91
178621,14.91
249724,14.91
214464,15.48
238835,13.96
100559,14.91
238289,15.13
48669,15.13
285002,14.91
127990,14.91
168894,14.91
209159,15.48
258358,15.12
276069,15.48
147917,14.91
145453,15.48
279399,14.91
256106,14.91
66788,14.91
36230,15.48
170439,14.91
45904,14.91
47255,14.91
169701,14.91
203466,15.48
41956,14.91
217292,15.48
232335,14.91
60244,15.48
24123,14.91
123612,14.91
185663,14.91
111332,13.96
6725,14.91
101870,15.48
101708,14.91
115453,14.91
230734,14.91
7376,15.48
244153,14.91
10632,14.91
251863,14.91
130104,14.91
122456,14.91
10743,14.91
157920,15.05
195026,15.13
279602,14.91
91987,14.91
154774,15.48
130004,15.48
165054,14.91
13175,14.91
1760,14.91
9858,14.91
109980,15.48
89879,14.91
62082,14.91
294286,14.91
194972,15.48
288108,14.91
37873,14.91
142694,14.91
255068,13.96
11891,15.48
156361,14.91
56111,14.91
252317,15.48
235591,15.48
280900,14.91
26062,14.91
92743,14.91
231045,14.91
295729,14.91
94413,14.91
189821,14.91
161826,15.48
194037,15.48
206451,14.91
129866,14.91
273791,15.48
246875,14.91
43046,14.91
98420,14.91
184955,14.98
43608,15.48
75428,15.48
94749,15.48
295055,15.13
219379,14.91
84435,13.96
190897,14.91
269747,14.96
199397,15.05
63229,15.48
232424,14.91
263792,14.91
95431,14.91
157985,15.48
160748,14.91
113228,14.91
224183,14.91
96906,14.91
156253,14.91
11726,14.91
138834,14.91
63510,14.91
194017,14.91
75239,14.91
178474,14.91
88000,14.91
182521,15.48
61035,14.91
209226,13.96
36063,15.48
193183,14.91
79379,15.48
283744,14.91
78834,15.05
51616,14.91
91726,14.91
1670,14.91
30392,14.98
274897,15.48
60892,15.48
194165,14.91
35174,14.91
121931,14.91
173177,14.91
294528,14.83
200809,14.91
138583,15.48
142757,14.91
258953,14.96
235208,15.48
60338,14.91
174221,14.91
30505,14.91
244910,14.91
148733,14.91
51956,14.91
166649,14.91
273312,14.91
289959,14.91
51361,14.91
105227,15.48
85578,14.96
73873,13.96
183053,15.48
158869,15.48
85871,15.48
266879,15.48
96987,14.91
273277,14.91
192931,14.91
31610,15.48
99520,15.48
108437,14.91
52741,14.91
158979,14.91
201166,15.48
32363,14.91
174432,15.48
139854,15.48
27304,14.91
101171,15.48
157841,13.96
9104,15.48
174521,14.91
100868,14.91
171109,13.96
295182,15.13
232235,13.96
273196,15.12
78658,14.91
109519,14.91
77126,15.05
75360,15.05
43421,14.91
139695,14.91
171970,14.91
109150,15.48
145346,14.91
234092,15.48
242094,14.91
185766,14.91
136754,14.91
219136,14.91
123553,14.91
142797,14.91
54170,15.48
290634,15.48
266593,14.91
185004,14.91
185158,14.91
116715,14.91
288910,14.91
77922,14.98
260459,14.91
234140,15.05
115376,15.05
259780,14.91
54129,15.48
65750,14.91
239874,14.91
150760,13.96
78146,15.48
32703,14.91
105299,15.48
31674,14.91
170022,14.91
260290,15.48
8976,14.91
292211,14.91
273814,14.91
131383,14.91
201413,14.91
249463,15.48
232363,14.91
178101,14.91
298771,14.91
233641,14.91
270145,14.91
131900,14.91
263587,14.91
121080,15.09
214561,14.91
266577,15.13
10724,15.48
52653,14.91
1339,14.91
197624,14.91
174497,15.48
140150,14.91
134977,15.48
189188,14.91
27481,14.91
99061,15.48
170279,14.91
285239,15.48
162686,13.96
216189,13.96
82154,14.91
8491,14.91
15269,14.91
210797,14.91
100983,14.91
151737,14.91
100294,15.48
175454,14.91
109587,15.48
295459,14.91
283698,15.05
108515,14.91
110080,14.91
193838,14.91
261992,15.48
195582,14.91
43784,14.91
64708,14.91
103174,14.91
238853,14.91
128212,15.05
101457,14.91
21277,14.91
88481,14.91
118420,14.91
53290,14.91
247237,14.91
109600,14.91
5319,14.91
228350,14.91
37584,14.91
265070,15.05
10533,13.96
144558,14.91
51575,14.91
5856,14.91
207047,14.91
99096,15.48
151913,14.91
155416,15.48
137935,14.91
237076,14.91
268650,14.91
7172,15.48
131521,14.91
210310,14.91
125,14.91
277709,14.91
156488,14.91
184330,14.91
120558,14.91
223144,14.91
129652,14.91
45953,14.91
149307,14.91
186703,14.91
136738,15.48
58861,14.91
249387,14.91
146879,14.91
114528,14.91
230969,14.91
172519,14.91
236530,14.91
274577,14.91
130372,14.91
207494,14.91
255440,15.05
268436,14.91
190193,14.91
188370,14.91
145375,14.91
66143,13.96
142193,14.91
299092,14.91
141836,14.91
87331,14.96
107794,14.91
70851,14.91
298678,15.05
38961,14.91
91917,14.91
189875,15.48
217159,14.91
21873,14.91
39592,14.91
260696,14.91
132507,13.96
247925,15.48
78323,14.91
131138,15.16
261448,14.91
16766,14.91
148832,14.91
121082,15.13
258038,14.91
298686,14.91
281153,14.91
283997,14.91
222098,14.91
141313,13.96
207789,14.91
198840,15.48
77578,14.91
22093,13.96
159615,15.48
75872,14.91
47507,14.91
298338,14.91
29056,14.91
80030,14.91
276672,15.05
210769,14.91
103175,14.96
115958,15.12
239621,14.91
249513,15.13
104386,14.91
248869,14.91
151530,15.48
215553,14.91
154631,13.96
185881,14.91
31284,15.13
95678,14.91
220742,15.48
103934,14.91
251845,14.91
128715,13.96
61019,14.91
203005,14.91
271901,14.91
176920,14.91
132284,14.91
13106,15.48
281806,15.12
204162,14.91
48792,14.91
118303,14.91
209070,14.91
208284,15.48
175250,15.13
134420,15.48
118295,14.91
109856,14.91
47320,14.91
147954,14.91
36425,13.96
106107,15.48
69204,14.91
29928,14.91
135667,14.91
185098,14.91
290965,15.13
77661,14.91
106352,13.96
181586,15.05
144239,14.91
241153,13.96
51359,14.91
139486,14.91
29802,15.48
60596,15.48
162365,14.91
234939,14.91
146211,15.13
53605,14.91
189873,15.48
195105,15.48
22391,14.91
92497,14.91
35594,14.91
277692,15.48
12693,14.91
91361,15.48
13525,14.91
175093,14.91
266894,14.91
269973,14.91
149157,13.96
44703,14.91
294644,14.91
145169,14.91
68255,14.91
263556,14.91
28162,14.91
247807,14.91
211769,14.91
255768,15.48
141574,14.91
241458,15.48
264047,14.91
231273,14.91
144163,14.91
113862,15.48
122782,14.91
141363,15.13
281992,15.13
121582,14.91
32704,14.91
258650,14.91
153406,14.91
297937,14.83
218685,14.91
50995,14.91
246043,14.91
247948,14.91
114830,14.91
245462,15.05
239409,14.91
170964,14.91
256276,14.96
69291,14.91
191492,14.98
76477,14.91
177828,14.91
1431,14.91
87799,14.91
106779,14.91
144372,14.91
195958,14.91
142438,14.91
277836,14.91
95731,14.91
259362,14.91
73321,14.91
52775,14.91
284435,14.91
169273,14.91
21296,14.91
53698,14.91
28129,14.91
221532,14.91
113177,15.48
217658,15.48
145768,14.91
85025,15.05
268122,14.91
282019,15.48
34671,15.48
101812,15.05
67265,15.48
89928,14.91
257837,14.91
269846,15.13
256561,14.91
97303,15.48
136467,14.91
202091,14.91
89962,15.48
129496,14.91
4483,14.91
42442,14.96
32622,14.91
141049,14.91
143757,14.91
135077,14.91
51995,14.91
24219,14.91
76249,14.91
152895,15.48
158442,15.48
103051,14.91
148139,14.91
18645,14.91
251918,15.05
200379,14.91
258949,14.91
123454,14.91
277459,14.91
128182,15.48
229424,14.91
184593,14.91
202171,14.91
107352,14.91
80243,14.91
255839,14.91
156517,14.91
58197,14.91
112555,15.48
190813,13.96
235012,14.91
88495,14.91
215380,15.48
188292,15.48
247307,14.91
239590,15.48
208155,14.91
43564,15.13
5927,15.48
124775,15.48
293532,14.91
272739,15.48
224206,15.48
11930,14.91
65568,14.91
148471,14.91
287757,14.91
44938,14.91
93111,14.91
231790,14.91
165055,14.91
61618,15.05
138685,15.48
44353,15.12
212657,15.48
114935,14.91
109363,15.09
163498,14.91
204291,14.91
56933,15.48
255159,15.48
240242,13.96
255951,14.91
219680,14.91
226618,15.48
115242,15.48
68415,14.91
188707,14.91
297475,15.48
39778,14.91
157436,15.48
63389,15.48
242484,14.91
291212,13.96
294275,14.91
63241,14.91
258617,14.91
172287,14.91
86833,14.91
45793,14.91
283570,15.48
298128,15.05
155658,15.48
229821,14.91
191448,15.48
122842,15.12
104504,14.91
213936,14.91
42630,15.48
218575,14.91
20531,15.48
172770,15.48
151707,15.05
131082,14.91
254433,14.91
190439,14.91
103164,14.91
291280,14.91
17705,14.91
44669,15.05
28454,14.96
61678,14.91
213848,14.91
87152,14.91
171412,14.91
96308,14.91
63926,14.91
269304,15.05
161280,15.48
191441,14.91
186413,14.91
76564,14.91
52614,14.91
219585,15.48
17059,14.91
98648,14.91
103891,15.05
32406,14.91
225098,15.48
57601,14.91
148876,14.91
157380,14.91
188083,14.91
94156,14.91
121514,14.91
33605,14.91
205231,14.91
219221,15.48
3380,15.48
192526,14.96
59161,15.48
179023,14.91
112914,15.48
42026,14.91
109360,14.83
216712,14.91
93285,15.48
97905,15.48
118956,14.91
244900,14.91
38119,14.91
68401,15.48
262625,14.91
168459,14.91
29349,14.91
176917,15.05
104021,15.48
214500,14.91
275211,14.91
44121,15.48
38507,14.91
11330,14.91
94118,15.48
121406,14.91
222184,13.96
240508,14.91
166941,14.91
219336,14.91
157884,14.91
39272,14.91
166648,15.48
29846,15.48
227390,15.48
164003,14.91
83352,14.91
17150,14.91
250063,15.48
207519,14.91
171293,14.91
224027,15.48
260472,14.91
248778,15.48
275926,15.13
143486,14.91
96871,14.91
9706,14.91
185349,14.91
251607,14.91
159854,14.91
297086,13.96
179853,15.48
198144,14.91
94315,14.91
243324,14.91
138734,14.91
258332,14.91
97503,15.48
274592,14.91
20695,14.91
39777,14.91
171671,14.91
14132,14.91
79405,15.48
182026,14.91
171428,15.48
155281,14.91
32925,14.91
200836,15.48
150645,15.48
242980,14.91
214329,14.91
116703,15.48
118365,14.91
9892,15.48
19136,15.48
72196,14.91
90782,14.91
220198,15.48
166098,15.48
49894,15.13
223071,15.05
86888,14.91
91156,15.48
151211,14.91
28054,15.48
24212,14.91
147436,14.91
54759,14.91
43870,14.91
14885,15.48
181180,14.91
128127,14.91
287212,14.91
158072,15.48
201133,13.96
95277,14.96
20533,14.91
209907,14.91
235170,15.48
15776,14.91
211699,14.91
273156,15.48
49968,15.48
157705,14.91
29941,14.91
105600,14.91
60154,15.05
133093,14.91
242604,14.91
158014,15.48
134025,15.13
134414,14.91
255609,14.91
176657,14.91
47124,14.91
195419,14.91
108658,14.91
58747,14.91
187825,15.05
74587,14.91
110521,14.91
211982,15.48
79922,13.96
112085,14.91
184881,13.96
105121,15.48
78400,14.98
272306,14.91
6327,14.91
271483,14.91
11482,14.91
29382,13.96
146943,14.91
174842,14.91
167726,15.48
10404,14.91
226837,13.96
20523,15.48
283928,14.91
236253,15.48
47888,14.91
186789,15.48
15833,14.91
278124,14.91
148295,14.91
297692,15.48
236332,14.91
111131,15.48
49539,15.48
98072,14.98
208637,15.48
262526,14.91
162264,15.05
52766,15.48
193367,15.48
259637,14.91
68314,15.48
135603,14.91
228605,14.91
38566,15.13
132748,15.05
154752,14.91
16880,14.91
198123,14.91
16136,15.48
173230,13.96
256068,14.91
30067,14.91
173118,15.16
271117,14.91
215949,14.91
23580,15.48
282960,14.91
151507,15.05
232781,14.68
284342,14.91
55118,14.91
198082,14.91
128079,15.48
117344,15.48
281060,15.48
52038,14.91
251438,14.91
136470,14.91
214951,14.91
150662,14.91
136404,13.96
5160,14.91
268735,14.91
182610,14.91
84569,14.91
20935,14.91
180491,14.91
92996,15.48
117203,14.91
132360,13.96
188778,15.48
79884,14.91
102977,14.91
23714,14.91
211384,15.05
273933,14.91
73160,14.91
47975,13.96
175310,14.91
25565,14.91
139472,14.91
191336,14.91
1477,14.91
119877,14.91
120154,14.91
259588,14.91
173122,14.91
156208,14.91
154866,14.91
199675,14.91
154216,14.91
292133,15.48
161159,14.91
37810,14.91
269774,14.91
129336,15.48
162577,15.48
60619,14.91
176942,14.91
55571,14.91
254336,14.96
67334,13.96
273719,14.91
197897,14.91
37058,14.91
132635,14.91
264634,15.48
294503,15.48
229478,15.48
54396,13.96
114977,15.48
178550,14.91
125589,14.91
178973,14.91
171839,14.91
84908,14.91
175705,15.13
34932,14.91
64318,14.98
223455,14.91
233544,14.91
101176,14.91
21929,14.91
71529,14.91
204294,14.91
17051,15.48
252544,14.91
278839,14.91
92962,14.91
150558,14.91
1616,14.91
201900,14.91
287803,15.48
180920,14.91
290282,15.48
140582,15.48
246756,15.48
288601,14.91
228966,14.91
213334,15.48
219749,14.91
297161,14.91
73922,14.91
252504,14.91
234488,15.48
16841,15.48
51488,14.91
254275,15.48
95637,14.91
88675,15.48
2536,14.91
20254,14.91
211494,15.48
261813,14.91
189226,14.91
75501,15.13
156598,14.96
179652,15.05
150920,15.48
171289,14.91
260247,15.48
287409,15.48
79804,15.48
123565,15.48
187976,14.91
234720,14.91
281338,14.91
227229,14.91
129441,14.91
151449,14.91
4783,15.12
252635,14.91
230590,15.48
74342,14.91
95070,15.48
138688,14.91
171479,15.48
267326,14.91
11197,15.48
88218,15.05
87278,15.48
9091,15.48
96998,14.96
211409,14.91
102843,14.91
10758,14.91
19597,14.91
62788,14.91
191664,15.48
213980,14.91
217933,14.68
132847,13.96
267893,14.91
112967,15.48
65832,14.91
13500,15.13
13991,14.91
21512,15.48
165323,14.91
5967,13.96
260728,15.48
142136,14.91
265473,13.96
299366,14.91
48041,14.91
268342,15.48
142110,14.91
243701,14.91
270301,15.48
190900,14.91
86307,15.48
247030,14.91
136552,15.48
207881,14.91
253614,14.91
9211,14.91
265443,15.05
287655,14.91
199186,14.91
232985,14.91
226907,14.91
140714,15.05
121435,14.91
88050,14.91
85228,14.91
160538,15.12
35592,14.91
116920,14.91
242361,14.91
64809,14.91
276517,15.48
19909,14.91
284469,15.13
65122,15.13
161790,15.48
206449,13.96
282604,14.91
282640,14.91
297368,14.91
190641,14.91
128051,14.91
256298,14.98
3497,15.48
173502,15.48
56224,14.91
82686,14.91
231425,15.48
7541,15.48
228563,14.91
41666,14.91
217843,14.91
144757,15.48
54978,15.48
128971,14.91
196317,14.91
62376,13.96
210266,13.96
28937,15.05
227989,14.91
180018,14.91
223217,15.48
133739,14.91
226160,15.48
262790,15.48
161308,14.91
244435,14.91
51652,14.91
50923,14.91
163644,14.91
64092,15.48
225008,13.96
256056,14.91
36111,15.48
40335,15.05
49712,14.91
186190,14.91
64996,15.48
90132,14.91
248409,14.91
55854,14.91
256547,14.91
187327,14.91
25615,14.91
249055,14.91
69494,15.48
66656,14.91
232018,14.91
223903,14.91
246527,15.48
208393,15.05
43807,14.91
57741,14.91
153681,15.05
195384,14.91
9729,14.91
163188,15.48
294838,14.91
151236,14.91
152091,15.48
146147,14.91
117063,14.91
204937,14.91
129143,14.91
34469,14.91
274673,15.48
154907,15.48
240154,15.48
230375,14.91
65631,15.48
295628,14.91
43792,15.12
126019,14.91
266895,13.96
269643,14.91
28914,14.91
6430,14.98
240782,14.91
288944,14.91
6461,14.83
62499,15.05
130441,14.91
175750,14.91
167559,15.48
107025,14.91
295440,15.48
147552,14.91
200261,14.91
10965,14.91
95592,15.13
228843,15.48
128775,14.91
191565,15.48
268954,14.91
69653,14.91
7029,14.91
283674,14.91
50759,13.96
208991,14.91
881,14.91
101912,15.05
180409,15.48
251034,14.91
216756,14.91
296836,14.91
149281,14.91
244687,14.91
221650,14.91
160467,14.91
271071,14.91
13454,14.91
19436,14.91
214687,15.48
274984,14.91
54128,14.91
176049,14.91
262477,14.91
85839,14.91
170461,14.91
74848,14.91
203881,15.48
140878,14.91
139198,14.91
18835,14.91
154440,15.48
10387,15.48
170634,15.13
149162,14.91
275913,15.48
48765,14.91
269979,14.91
100621,14.91
28471,14.98
127784,15.13
6807,14.91
104173,14.91
1217,15.48
40927,15.48
118147,14.91
162319,14.91
269881,15.05
276410,15.05
28861,14.91
212871,14.91
35444,14.91
297154,14.91
238907,15.48
43217,14.91
173399,15.48
60327,14.91
179599,15.48
82866,15.48
298986,15.48
21124,14.91
10266,15.48
103648,14.91
128626,15.48
217300,14.91
51899,15.48
23930,14.91
219358,14.91
194070,14.91
176159,15.48
199201,14.91
282882,14.96
34236,15.05
132725,15.48
133683,15.48
244186,14.91
175865,14.91
104088,15.48
160619,15.12
3223,15.05
265595,14.91
58832,14.91
8782,15.48
272822,15.12
180234,14.91
124855,14.91
209786,13.96
141258,15.05
131801,14.91
19090,15.48
143851,14.91
194801,15.48
35704,14.91
148061,15.48
296194,15.48
25629,15.48
17812,14.91
10100,15.48
169124,15.13
134097,14.91
117194,15.48
201598,15.05
248036,14.91
21288,13.96
253312,14.98
67497,14.91
68014,14.91
140555,15.48
222366,14.91
219990,14.91
105368,14.91
299120,13.96
21333,15.48
11538,14.91
117989,15.48
64841,14.91
2219,14.91
221535,14.91
65349,14.91
37620,14.91
86288,14.91
45802,15.48
120908,15.05
286851,13.96
19292,14.91
99229,14.91
228684,14.98
49006,14.91
203244,14.91
285098,15.48
101390,14.91
21866,15.48
218990,14.91
17910,14.91
252124,15.13
91806,14.91
206875,14.91
88912,14.91
213240,15.48
41790,15.13
287115,13.96
46682,14.91
218715,14.91
46817,14.91
127505,15.13
247558,14.91
59640,14.91
289737,14.91
262798,14.91
173626,14.91
290302,14.91
282433,15.48
273580,14.91
244586,14.91
18785,14.91
123974,14.91
276801,15.48
226783,14.91
69484,14.91
149804,15.48
83668,14.91
8087,15.48
173487,14.91
31911,14.91
211918,15.48
76014,14.91
47519,15.05
8905,15.48
31996,15.48
35363,13.96
249286,14.91
220314,14.91
150567,15.48
202727,14.91
184602,14.91
292158,14.91
69400,14.91
204620,15.48
48776,14.91
182137,15.48
186564,13.96
74175,14.91
193672,15.48
252863,13.96
67530,14.91
201194,14.91
255147,15.13
184057,14.91
14070,15.05
194385,14.91
265533,15.48
283772,14.91
128666,15.48
98700,15.48
113293,14.91
198031,14.91
227776,14.91
185581,14.91
65705,14.91
268885,15.13
26482,15.12
285108,14.91
184464,14.91
268502,15.48
49621,14.91
210002,13.96
12337,14.91
107112,14.91
76929,14.91
289611,13.96
129855,13.96
271481,14.91
136804,14.91
265991,15.13
256947,15.48
130128,14.91
20380,14.91
107671,14.96
162788,14.91
32667,14.91
52321,15.48
73125,14.91
269716,14.91
155038,14.91
272220,15.05
94643,14.91
119955,14.91
87440,13.96
192253,14.91
199806,14.91
158149,14.91
288396,13.96
111841,14.91
25153,14.91
41644,14.91
253219,14.91
51135,14.91
181040,14.91
297570,14.91
158304,14.91
168634,14.91
38359,14.91
123360,15.05
112345,14.91
85506,15.48
37029,14.91
233765,14.91
245058,14.91
230972,14.91
47279,14.91
177364,15.13
292012,15.05
146560,14.91
127222,15.48
9973,15.48
182448,14.91
90905,14.91
296486,15.05
285374,14.91
238334,14.91
145992,14.91
287033,13.96
58785,15.48
99664,14.91
267120,14.91
82228,13.96
265634,14.91
263348,15.05
267947,14.96
237216,14.91
232417,14.91
244156,14.91
173351,15.12
209904,14.91
152300,15.48
90165,14.91
248136,14.91
17062,14.98
10277,14.98
58599,14.91
110838,15.13
45542,14.91
255007,14.91
161631,14.91
20879,14.91
298765,15.48
129083,14.91
193017,13.96
60680,14.91
178679,14.91
207034,14.96
106195,14.91
81594,14.91
17717,14.91
179004,15.05
31101,14.91
80049,15.12
37992,14.96
177165,15.48
172605,14.98
199566,14.91
141397,14.91
8879,14.91
50707,14.91
67130,15.48
261142,15.05
277962,14.91
54449,15.48
278373,14.91
240198,14.68
25132,14.91
219622,14.91
101150,14.96
186230,15.48
187670,14.96
69659,14.91
211855,14.91
4793,13.96
219568,15.48
267239,13.96
18810,14.91
214547,15.48
118806,14.91
272921,15.05
154234,15.48
155216,14.91
215748,14.91
271868,13.96
183471,15.05
55229,15.48
2066,14.91
265397,15.48
201879,14.91
188658,14.91
85037,15.48
216178,14.91
275677,14.91
183483,15.48
187621,15.48
67914,14.91
239399,14.91
15335,14.91
253289,13.96
2686,14.91
247095,15.48
149529,14.91
147389,14.91
109316,14.91
156331,14.91
95624,15.48
287679,14.91
214502,14.91
248172,14.91
53217,14.98
186774,14.91
213935,14.91
89151,15.05
16329,14.91
74370,14.91
172580,15.48
205279,14.91
41621,14.91
224912,14.91
244043,14.91
166506,15.48
42861,14.91
35119,15.48
296226,14.91
250265,15.05
71740,13.96
157021,15.05
93191,15.48
270897,14.91
297015,14.91
144395,14.91
257737,14.91
269739,14.91
280336,13.96
81660,14.91
129634,14.91
144027,14.91
237713,15.48
266301,15.05
239684,14.91
113764,15.48
129875,14.91
32871,14.91
105649,15.48
137448,14.91
265023,14.91
282539,14.91
266588,14.91
146896,15.48
58978,14.91
206345,14.91
241675,14.91
250524,14.91
265937,14.91
245457,15.48
37379,14.91
17993,14.91
59392,14.91
95634,14.96
153588,13.96
230548,14.91
98286,13.96
268685,15.48
105680,14.91
65848,14.91
69145,13.96
231180,15.48
242638,15.48
103478,15.05
177680,15.48
94422,14.91
65017,13.96
43972,15.48
9243,14.96
286897,15.48
49935,14.96
71100,14.91
70065,14.91
177311,15.13
94606,15.48
218732,14.91
127056,14.91
206951,14.91
272407,15.48
158361,14.91
31553,14.91
59044,14.91
177841,14.91
256865,14.91
17290,14.91
18445,14.91
102758,15.48
67596,14.91
247974,14.91
222248,14.91
137058,14.91
102323,14.91
190042,15.05
249696,14.91
59226,14.91
237527,15.48
217017,14.91
193924,14.91
155798,14.91
47385,14.91
5267,14.91
153044,14.91
262324,14.91
139027,13.96
218821,14.91
8929,14.91
44434,14.91
91016,14.91
215024,14.91
146419,14.91
124780,15.48
206780,14.91
234479,14.91
70869,14.91
220401,14.91
42169,15.48
287305,14.91
22971,15.05
197477,15.48
8767,15.13
112871,15.48
262083,15.05
87489,13.96
165784,15.48
273711,14.91
146074,14.91
207090,14.91
128583,15.48
167712,14.91
256525,15.48
77341,14.91
221212,14.91
269593,14.91
55360,15.48
97586,15.05
163725,15.48
36201,13.96
226510,14.91
204494,14.91
178455,14.91
173380,14.91
285069,14.91
171726,14.91
42386,13.96
264017,14.91
57970,13.96
274323,13.96
235131,15.48
53691,14.98
292474,14.91
296727,15.13
39811,15.48
272095,14.91
291297,14.91
141608,13.96
223109,14.91
130067,14.91
73796,15.48
40400,15.48
159313,14.91
85047,14.91
22464,15.48
154510,15.48
294497,15.48
183981,15.48
128959,14.91
281168,14.91
47288,15.48
64447,15.48
223160,14.91
105270,14.91
200407,14.91
8225,14.91
179730,15.48
285640,15.48
165561,15.48
98584,15.48
297868,14.91
197825,14.91
251690,14.91
241193,14.91
236292,14.91
243139,14.91
106200,15.48
297485,15.48
101117,15.48
95528,15.48
82650,14.91
125756,14.91
12117,14.91
87556,14.91
50577,13.96
2474,14.91
66803,13.96
212180,14.91
98306,13.96
80822,14.91
173542,14.91
57690,14.91
143702,14.91
141522,14.91
151296,15.48
62843,14.91
148697,14.91
128758,14.91
26812,14.91
54819,14.91
92792,14.91
42484,14.98
108068,14.91
9428,15.48
112026,14.91
176983,14.91
86655,14.91
95620,14.91
33543,13.96
117504,15.12
182797,15.48
68129,14.91
274302,15.48
295269,15.48
139893,14.91
289588,14.91
71666,14.91
24026,14.91
155700,14.91
9116,15.48
137607,15.48
55213,15.48
175267,15.13
213544,14.91
43622,15.48
40153,13.96
224742,14.91
242632,14.91
169216,14.98
148736,14.91
43635,14.91
21573,15.48
35346,14.91
154320,15.48
90552,14.91
41136,14.98
18252,14.91
45261,15.48
149432,15.48
233449,14.91
275679,14.91
142364,14.91
78995,14.91
257643,14.91
102751,14.91
137824,14.91
194191,15.48
231446,14.91
188518,14.91
110955,15.48
50040,14.91
205008,15.48
220124,14.91
284137,15.48
281181,14.91
49076,15.05
165849,14.91
146237,14.91
914,14.91
283771,14.91
29211,14.91
263396,14.91
22941,15.13
168929,14.96
207391,13.96
22159,13.96
154390,14.91
26605,14.91
103730,15.48
113551,14.91
59536,14.91
45942,14.91
72393,14.91
34898,14.91
58839,14.91
288705,14.91
283536,14.91
64055,14.91
201836,15.48
203155,14.91
229448,14.91
135935,14.91
276810,14.91
12333,14.91
26013,14.91
56742,14.91
181250,14.91
206478,15.13
128139,14.91
89161,14.91
5576,14.91
82849,15.48
172380,14.91
203256,14.96
165538,14.91
252073,14.91
274655,14.91
8445,13.96
212484,15.48
171639,15.48
136449,15.13
19041,15.48
274662,14.91
93281,15.05
143550,15.48
296193,15.48
31490,14.91
120835,13.96
165231,14.91
235974,15.48
95394,14.91
224974,14.91
265333,15.05
289837,14.91
50579,14.91
189848,14.91
133829,14.91
125945,14.91
15578,14.91
100632,14.91
66099,14.91
95702,14.91
163683,14.91
70916,14.91
109663,14.91
86479,15.48
205895,14.91
10610,14.91
176951,15.48
246573,15.48
243369,14.91
142683,14.91
188090,15.05
15474,14.91
31431,14.91
229822,15.48
160116,14.91
30710,14.91
36260,15.48
182704,15.13
251873,14.91
34582,15.48
158565,15.12
18436,13.96
153634,14.91
30498,13.96
183511,14.91
16413,15.48
12166,13.96
53293,14.91
58973,13.96
138852,15.05
287708,15.13
107002,14.91
207556,14.91
176922,15.05
49040,14.91
132299,15.13
167914,14.91
151187,15.12
205052,14.91
195243,14.91
6357,15.12
173097,14.91
148676,14.91
267974,14.96
260091,15.48
219948,14.91
224606,15.48
236016,14.91
154864,14.91
220037,14.91
253643,15.48
19525,14.91
77983,14.91
74419,14.91
235526,14.91
57205,15.48
120122,15.48
228362,14.91
270538,15.05
62486,14.91
249290,14.91
270260,14.91
172583,14.91
247544,14.91
74748,15.48
65597,15.48
269464,14.91
42689,14.91
126697,15.12
117783,15.48
46911,14.91
110058,14.98
116471,14.91
198364,15.48
32985,14.91
261350,15.48
32457,15.48
278766,14.91
5183,14.91
220125,14.91
233858,14.91
245423,15.48
99994,14.91
236510,15.48
13388,15.48
243680,14.91
288695,13.96
146139,14.91
155616,14.91
193067,15.13
56245,13.96
156952,13.96
41768,14.91
197868,14.91
49814,14.91
179857,15.48
214846,14.91
184876,15.12
225010,14.91
241481,14.91
54448,15.48
208677,14.91
18811,14.91
248257,14.91
186221,14.91
119547,15.48
266485,15.48
94445,13.96
181468,14.91
221927,14.91
259292,14.91
240809,15.13
75476,14.91
7006,14.91
255289,14.91
10391,14.91
148098,14.91
258048,14.91
261180,14.91
133995,14.91
290911,13.96
168854,14.91
273113,14.96
150667,14.91
42688,14.91
219669,14.91
169303,14.91
41561,15.12
155857,14.91
203741,15.48
15607,15.48
236084,14.91
92896,15.48
56894,15.48
181587,14.91
142017,14.91
281465,14.91
38168,14.91
208975,14.91
79362,15.12
265560,14.91
23120,13.96
236013,14.91
40017,15.13
246358,14.91
124899,13.96
229674,14.91
105767,15.12
181474,14.91
281530,15.05
75688,14.91
239634,15.48
63344,14.91
102681,14.91
87727,14.91
7050,15.05
271113,14.91
264790,15.48
80097,14.91
223805,15.48
214564,14.91
206908,14.91
92746,15.48
26110,14.91
291883,14.91
34480,14.91
23859,15.48
217417,15.13
73559,14.91
206203,14.91
36450,14.91
234279,15.48
111177,14.91
245686,14.91
62342,14.91
194947,14.91
223053,14.91
62229,14.91
191972,14.91
78493,15.48
259956,14.91
71884,14.91
233079,14.91
250576,14.91
254354,14.91
19234,14.91
78297,14.91
107488,14.91
174416,15.48
91012,14.91
145982,15.48
273330,14.91
4319,15.48
97287,14.91
240157,14.91
210221,15.48
103930,14.91
120258,14.91
237107,14.91
70829,14.91
149527,14.91
10809,15.48
63228,14.91
129806,14.91
1639,14.91
244473,14.91
225505,14.91
215211,14.91
268357,13.96
24825,13.96
227220,14.91
147007,14.91
182339,15.48
187198,14.91
211787,14.91
4586,14.91
274036,13.96
162417,14.91
68168,14.91
105488,14.91
231634,15.48
67564,14.91
155042,15.48
258717,15.13
264607,14.91
254661,14.91
259330,15.05
111415,13.96
285577,15.12
134425,15.48
231953,14.91
17745,14.91
93714,14.91
291631,14.91
152713,14.91
35896,14.91
247372,14.91
105881,14.91
187110,15.48
279913,14.91
81942,14.91
64514,15.48
165000,14.96
176619,14.91
163425,15.13
170919,14.91
103331,14.91
106040,15.48
108897,15.48
42461,14.68
175238,14.98
184560,15.13
265737,15.48
201647,15.48
163584,14.98
248590,13.96
127655,14.91
201190,14.91
277391,14.91
277399,15.13
104799,14.91
284798,14.91
207006,14.91
128393,14.91
156106,14.98
265335,14.91
206607,14.91
197842,14.91
120204,14.91
200884,14.91
189584,14.91
28873,15.48
54689,15.48
252522,15.48
173019,14.96
125422,14.91
170867,14.91
132843,15.48
143892,14.91
99744,15.48
176906,14.91
102831,14.91
264382,15.48
218716,14.91
176755,14.91
64901,14.91
81699,14.91
126258,14.91
38804,15.48
248162,14.91
287602,14.91
207250,13.96
144060,14.91
154319,15.48
114315,14.91
163158,14.91
93798,14.91
74026,14.91
229880,14.91
73957,14.91
187853,15.48
195942,14.91
167029,14.91
176015,14.91
187482,14.91
53239,14.91
210664,15.48
178306,14.91
83606,14.91
32604,14.91
172346,15.13
246315,15.05
84173,15.48
76780,14.91
42371,15.48
196632,14.91
143730,14.91
67496,14.91
261801,15.48
59522,15.48
119196,13.96
74584,15.48
39543,14.91
196477,14.91
98541,14.91
67150,14.91
196299,14.91
193061,14.91
254082,13.96
21696,14.91
285925,15.48
46776,15.48
128795,15.13
255190,14.98
230091,14.91
216758,14.91
253575,14.91
209730,14.91
171185,14.91
160305,14.91
245087,14.91
214261,14.91
220433,15.48
70753,14.91
197728,14.91
56275,14.91
41015,14.91
23385,14.91
96263,14.91
245991,14.91
214122,14.91
272782,14.91
234664,15.48
147962,14.91
41245,15.48
156449,14.91
140373,14.91
202183,14.91
168504,14.91
240253,14.91
198996,14.91
246895,14.91
227962,15.48
118536,14.91
213355,14.91
63892,14.91
55565,15.05
84316,14.91
134275,14.91
31353,14.91
216359,14.91
77067,14.91
276458,14.91
132429,15.48
159864,15.48
161341,14.91
187980,15.48
248701,15.48
242892,14.91
203882,15.48
105297,14.91
83378,15.48
198596,14.91
247107,15.48
225133,15.48
276942,15.48
208580,14.91
205001,14.91
66514,15.48
216357,14.91
97288,14.91
238565,15.48
47998,15.48
37342,14.91
30995,14.91
244731,14.91
194790,14.96
110575,14.91
265315,14.91
264338,15.48
34689,14.91
146902,15.48
51597,14.91
200308,14.91
208090,14.91
145400,14.91
170260,13.96
265330,14.91
92344,14.91
169418,14.91
142786,14.91
209856,15.05
116148,14.91
91117,13.96
189611,14.91
64986,14.91
114762,15.48
260120,13.96
293963,14.91
228193,14.91
93535,13.96
251870,13.96
113519,15.48
270559,14.91
102415,15.48
119749,14.91
204332,15.48
160118,15.48
105221,14.91
134930,14.91
182962,13.96
267557,15.05
296348,13.96
7720,14.91
170324,14.91
263618,14.91
138182,14.91
15787,14.91
54184,14.91
208968,14.91
42946,14.96
27526,14.91
207562,14.91
256232,14.91
13910,14.91
297397,14.91
294345,14.91
240980,14.91
132977,14.91
207812,14.91
56744,15.48
83131,14.91
220607,14.91
75174,14.91
283143,14.91
213462,15.48
95174,15.12
253853,14.91
267146,14.91
193051,15.48
172798,15.48
16953,15.48
188384,15.48
51366,14.91
101465,14.96
239152,14.98
236611,14.91
276731,14.91
101625,14.96
80401,14.91
220476,15.48
58801,14.91
152761,13.96
225234,14.91
62154,15.48
126205,15.05
79994,14.91
175592,14.91
197489,14.91
142724,14.91
108704,15.48
143829,14.91
290286,15.48
153589,14.91
259149,14.91
170864,14.91
74880,14.91
112147,13.96
240537,15.48
134199,14.91
160532,15.48
267887,15.13
173725,15.05
145039,14.91
72098,14.91
71807,14.91
507,15.12
138903,14.91
56803,15.48
4837,15.05
247894,14.91
59218,14.91
245849,15.13
91312,14.91
23961,14.91
283992,13.96
73717,14.91
197901,14.91
179787,15.48
20076,14.91
131219,14.91
87276,15.05
214994,14.91
116988,14.91
225729,14.91
148835,15.48
80177,14.91
220568,14.91
198196,15.48
75100,15.12
209396,15.48
993,14.91
30393,14.91
290234,15.48
64203,14.91
212702,15.48
216862,14.91
178698,14.91
88924,14.91
260629,15.05
98737,15.48
223726,15.48
74100,13.96
78920,14.91
220215,14.91
122338,14.91
37141,15.48
171384,14.91
298649,14.91
215401,14.91
265445,15.05
236422,14.91
217499,15.48
106337,14.91
260823,15.48
26573,15.48
295275,14.91
237832,14.91
135988,15.48
284241,14.91
208831,15.48
16876,14.91
288589,15.48
222749,15.48
12480,14.91
24757,15.48
212733,14.91
281997,14.91
67287,14.91
114137,14.91
197017,15.48
172439,15.12
256611,14.91
162154,15.48
66789,14.91
290353,14.91
62794,14.91
125270,14.91
250371,14.91
263836,15.05
74392,13.96
1691,14.91
151516,15.05
212609,14.91
128080,14.98
180287,14.91
203931,14.91
298921,15.48
61411,14.91
258259,14.91
276066,14.91
126862,13.96
63029,14.91
158174,14.91
238405,15.48
48553,14.91
235671,14.91
291419,13.96
99897,15.48
290631,14.91
100230,15.48
82398,15.48
237255,14.91
38582,15.12
267520,14.91
199976,15.16
81839,14.91
171706,14.91
276683,14.91
38447,14.91
214512,14.91
112115,13.96
292897,14.91
291241,15.13
99971,14.96
25588,14.91
52572,13.96
65225,14.91
160490,15.48
102701,14.91
3259,15.05
232158,14.96
206346,15.48
297833,14.91
92204,14.91
59305,14.91
74847,14.91
249315,13.96
235042,15.48
187356,14.91
266420,15.48
143914,14.91
20043,14.91
274009,13.96
66100,14.91
160004,15.48
111344,14.91
151012,15.48
184340,14.91
291081,14.91
214125,14.91
186556,14.91
176718,13.96
199509,13.96
285876,15.48
281506,14.91
244254,14.91
103299,14.91
14711,14.91
10917,15.48
195465,14.91
119099,14.91
154526,15.13
80495,14.91
276978,14.91
212922,15.48
169396,14.91
225929,14.91
55200,14.91
256334,14.91
242501,14.91
295419,15.48
247866,14.91
157081,14.91
281208,14.91
46068,14.91
266360,15.48
25238,14.91
283447,15.13
127381,15.48
161223,15.48
234502,13.96
280059,15.48
290045,14.91
127354,14.91
263002,14.68
133682,14.91
162587,15.48
215067,15.48
182326,15.48
253653,15.48
55641,15.48
102637,14.91
148338,15.12
214444,15.48
184481,14.91
88258,14.91
264439,14.91
269014,14.91
265044,15.48
96828,15.48
117091,15.48
233600,14.91
256850,14.91
235724,14.91
249074,13.96
169282,13.96
24732,14.91
40361,14.91
276521,14.91
91877,14.91
120954,14.91
81898,14.91
245949,14.91
202073,15.13
271594,15.48
210796,14.91
192234,14.91
233317,14.91
245745,14.91
285655,15.05
295545,14.91
143457,14.91
248108,15.48
14688,15.48
223033,14.91
239562,14.91
68484,14.91
123619,14.91
143640,14.91
68991,14.91
206631,15.48
217448,13.96
109897,14.91
245921,15.13
85659,14.91
157819,14.91
203642,14.91
188043,14.91
139796,15.13
130685,14.91
124759,14.91
72942,14.91
147609,14.91
56510,14.91
287445,14.91
184644,14.91
288840,14.91
251532,14.91
277365,14.91
233476,14.91
62013,14.91
269181,15.48
73196,15.48
21968,14.91
220359,15.48
187736,14.91
36141,14.91
81893,15.05
285455,14.96
44553,15.48
196977,15.48
20388,14.91
18840,14.91
256987,14.91
188400,14.91
190325,14.91
115914,15.05
140891,14.91
237709,13.96
219933,13.96
146313,14.91
63512,14.91
273236,14.91
102275,14.91
158468,15.05
113392,15.48
284755,14.91
60996,14.91
152905,14.91
149354,14.91
214642,14.91
208932,14.91
235272,15.48
150778,14.91
258911,14.91
531,13.96
167459,15.48
126751,15.05
247758,15.48
112946,15.48
225456,14.91
283621,14.91
108974,13.96
202965,14.91
150841,15.48
122056,14.91
204169,14.91
62632,14.91
101907,14.91
249606,15.48
254356,14.91
31663,15.48
125598,14.91
154540,14.91
242585,14.91
259089,14.91
74499,14.91
253308,14.96
27375,14.91
190383,15.48
173369,15.48
120685,15.48
170269,14.68
47468,15.48
87971,14.91
69465,15.48
239082,14.91
140268,14.91
94683,14.91
250443,14.91
176804,15.48
130762,14.91
174003,14.91
220382,15.48
204712,14.91
202888,13.96
80508,14.91
174360,14.91
233133,15.48
132804,14.91
178357,14.91
237855,15.48
173055,14.91
176164,14.96
35695,15.48
226768,14.91
162744,15.13
81894,14.91
170812,14.91
13329,14.91
111990,14.91
11352,14.91
263462,15.13
70460,14.91
255247,14.96
112553,14.91
46356,14.91
23755,14.91
23076,15.05
16650,15.48
281032,14.68
190530,14.91
125000,14.91
231497,14.91
38603,15.13
188146,14.91
29476,14.91
51298,14.91
54405,14.91
85259,14.91
202710,14.91
76114,14.91
9015,15.05
44530,14.91
271345,14.91
155098,15.48
279832,14.91
270136,15.05
227495,14.91
20812,14.91
14730,14.91
98823,14.91
13559,14.91
178368,14.91
251609,14.91
258301,14.91
291629,15.48
28583,14.91
210523,14.91
22924,15.48
29806,15.05
70665,15.48
254774,14.91
35075,15.12
173150,14.91
70002,14.91
265497,14.91
276841,15.48
130222,15.48
97410,14.91
296007,15.13
158110,15.13
183020,13.96
64067,15.48
220257,14.91
204040,14.91
95035,14.91
165203,14.91
171931,14.91
154813,14.91
149308,14.91
175271,14.91
158841,14.91
256874,15.13
38691,14.91
146351,15.13
239183,14.91
183054,15.12
180081,14.96
108011,14.91
209529,14.91
99026,14.91
107831,15.48
41490,14.91
191663,13.96
105252,13.96
186763,14.91
197439,15.48
284335,15.48
39141,14.91
222476,15.48
199038,14.91
191915,14.91
248149,14.91
57810,15.05
232986,14.91
255136,15.13
108953,13.96
57398,15.48
116120,15.48
261132,14.91
161813,14.91
282920,14.91
232550,15.48
10595,15.12
95053,14.91
5441,14.91
73665,14.91
66003,14.91
270470,14.91
246091,15.48
297647,14.91
85322,14.91
248972,14.91
214476,14.91
156956,13.96
143595,14.91
124719,14.91
297047,14.91
33007,14.91
72331,15.13
165566,15.48
63087,14.91
44747,14.91
110483,14.91
241328,14.91
74003,15.48
257988,15.48
65887,14.91
293005,14.91
164610,14.91
287039,14.91
283468,13.96
231069,14.91
34055,15.12
135000,14.91
37685,14.91
116679,14.91
144845,14.91
140110,14.91
110440,14.91
182089,14.91
216071,15.48
119255,15.48
98811,14.91
187331,14.91
206306,15.48
52664,14.91
164441,15.48
205337,13.96
18876,14.91
10952,14.91
267611,14.91
228051,15.48
264148,14.91
257703,15.48
190182,14.91
186319,14.91
265097,13.96
227558,14.91
74778,14.91
290629,14.91
62917,15.48
274464,14.91
7587,14.91
224984,14.91
178180,15.48
33799,14.91
78992,14.91
107670,15.48
209993,15.48
181964,15.48
16296,14.91
167301,14.91
128650,15.48
286507,14.68
270785,14.91
163259,14.91
256623,15.48
12045,14.91
163986,14.91
283613,14.91
270411,14.91
247031,14.91
43022,14.91
60238,15.48
83828,15.48
242561,14.91
23422,14.91
198922,14.96
276488,14.91
252782,14.91
285482,15.13
139626,14.91
226240,14.91
67121,14.91
103469,14.91
135982,14.91
188070,14.91
139311,14.91
222636,13.96
181515,14.91
46713,14.91
56325,15.05
35278,15.05
129696,14.91
245449,14.91
117354,14.91
204017,14.91
226922,14.91
99713,15.48
11754,15.48
33592,15.05
179786,14.91
88395,15.48
279744,14.91
189938,15.48
208698,14.91
94498,13.96
2808,14.91
201435,14.91
266,14.91
175616,15.48
263420,14.91
283612,14.91
15099,13.96
68770,14.91
20154,14.91
99453,15.48
102985,15.48
37073,14.91
145574,14.91
163823,14.91
24222,14.91
50978,14.91
184525,15.13
171584,15.48
241012,14.91
186632,14.91
216820,15.48
138745,15.48
133159,14.91
93309,14.91
211208,15.48
262626,15.48
51502,14.91
199743,15.13
163668,14.91
226988,15.48
224242,15.13
101468,14.91
22245,14.91
18233,14.91
201187,14.91
255651,15.05
18927,14.91
116729,15.48
7896,15.48
275594,15.13
114285,14.91
233783,14.91
70208,14.91
73740,14.91
179486,15.16
191561,15.48
241066,15.13
113517,15.48
4097,14.91
165545,13.96
78130,14.91
207067,14.91
20600,14.91
130121,14.91
254068,14.91
191139,14.91
249496,15.05
180267,15.48
258927,15.48
30156,14.91
98808,15.48
195029,14.91
263083,15.12
80655,14.91
91669,14.91
164572,14.91
193099,14.91
79911,14.91
30606,15.48
4356,14.91
48033,14.91
287634,14.91
61186,15.48
83075,14.91
180483,15.48
222325,14.91
138072,14.91
213045,15.48
175023,14.91
50087,15.48
238388,14.91
35549,14.91
131110,15.12
215708,14.91
294956,14.91
99475,14.91
196847,14.96
20729,14.91
285763,14.91
272722,14.91
238420,13.96
93086,14.91
205028,15.48
174797,13.96
236224,15.48
206853,14.91
57653,15.48
264796,15.48
47865,15.48
41380,14.91
206520,13.96
30338,14.91
177238,14.91
172244,14.91
288005,14.91
170056,14.91
109412,15.48
134015,14.91
248628,15.05
140888,14.91
248888,14.91
253141,15.48
263840,14.91
188406,15.48
172451,14.91
9698,14.91
229738,14.91
16821,15.48
137921,14.91
157322,14.91
284879,15.05
282767,14.91
6269,14.91
68022,13.96
212304,14.91
192002,15.48
186270,14.91
268270,15.05
117132,14.91
186610,15.48
45766,14.91
170529,14.91
52991,15.48
259919,15.48
85404,14.91
248923,14.91
46366,14.91
181888,14.91
18416,14.91
114036,14.91
62410,15.48
149568,14.91
195766,14.91
36145,14.98
125256,15.48
47805,14.91
48511,14.91
246748,14.91
49319,14.91
250025,14.91
189895,14.98
87739,14.98
137969,14.91
232873,14.91
95250,14.91
24115,14.91
154058,13.96
287086,15.13
116617,14.91
275645,14.91
164368,14.91
79165,15.48
202861,14.91
48863,15.12
50908,14.91
195672,14.91
224746,14.91
160257,15.48
10517,14.91
257466,14.91
21019,14.91
165370,14.91
60918,14.91
83198,14.91
244299,14.91
90018,14.91
74269,14.91
92260,15.48
24743,14.91
149552,14.91
222695,14.91
140036,14.91
29708,14.96
176546,14.91
237769,13.96
248948,14.91
24228,14.91
80787,15.05
73333,13.96
130056,15.12
232118,14.91
222627,15.48
187,14.91
143340,14.91
93251,14.91
145636,14.91
149245,15.48
61962,14.91
85817,14.91
296995,14.91
255720,14.91
58050,14.91
220481,14.91
48042,14.98
62783,14.91
23600,14.91
288557,14.91
274988,14.91
181801,14.91
24890,14.91
44282,14.91
220622,14.91
124839,15.48
266812,14.91
128854,15.48
104531,15.48
115549,14.91
166356,14.91
254375,15.48
261434,14.91
113011,15.48
44803,15.13
119525,15.48
28033,15.48
88281,15.48
247682,14.91
23992,15.48
164276,15.48
62625,15.48
280074,14.91
75233,14.91
6963,15.48
17951,14.91
179784,14.91
92531,15.48
66847,15.48
289985,14.91
102417,14.91
10622,14.91
126319,14.91
142319,14.91
273957,14.91
196609,14.91
298333,14.91
248126,14.91
192282,15.48
20743,14.91
42892,14.91
270009,15.05
159430,15.48
78701,14.91
56024,14.91
94869,14.91
92339,14.91
111097,14.91
275710,14.91
165223,15.48
191044,14.91
247132,15.48
109125,15.48
9601,15.48
211944,14.91
185056,14.91
140889,14.91
146787,14.91
183890,15.12
183165,15.12
139528,14.91
62000,15.48
26557,14.91
42768,14.91
172247,14.91
163565,14.91
136477,14.91
213588,14.91
51270,15.48
56867,13.96
35454,14.91
180770,14.91
190492,15.13
279539,14.91
39620,15.48
84669,13.96
144279,14.91
50778,14.91
180527,14.91
250862,15.05
4780,14.91
292109,13.96
222903,15.48
296771,15.05
36204,14.91
165327,14.91
62741,14.91
32707,15.48
251776,14.91
46654,15.48
293299,15.13
94394,14.91
139588,15.48
138776,14.91
165726,14.91
27586,14.91
28284,14.91
203835,14.91
78980,14.91
294554,14.91
36135,14.91
70214,14.91
259788,14.91
163496,14.91
278660,14.91
208748,15.13
57611,15.48
229170,13.96
122422,14.91
90588,15.13
46017,15.48
216793,14.91
70549,14.91
26458,14.91
251384,14.91
125984,14.91
159189,14.91
184666,14.91
227480,14.91
232935,15.48
5880,14.91
95227,15.13
166696,14.91
84454,14.91
233952,15.48
11327,15.05
168580,13.96
150001,14.91
254429,14.91
13330,15.48
125714,14.91
155679,14.96
264696,14.91
265520,15.13
293761,14.91
269512,15.48
44458,14.91
212732,14.91
79186,14.91
245323,14.91
211988,14.91
182188,14.98
40528,14.91
90114,15.48
104095,14.91
292763,13.96
57286,14.91
113893,14.91
183095,13.96
94408,14.91
256512,15.48
138367,15.05
47365,14.91
103980,14.91
31205,15.48
199943,15.48
189430,14.91
199147,15.48
7652,14.91
229851,15.48
112757,14.91
229444,14.91
150229,14.91
70258,15.05
65164,14.91
183291,14.91
201214,14.91
142485,14.91
84741,15.48
3446,14.91
64833,15.48
49600,14.91
219135,14.91
205382,15.48
194040,14.91
147628,15.48
265240,14.91
201437,15.13
257619,14.91
24670,14.91
5188,13.96
14396,14.91
159653,14.91
40171,15.05
128964,15.48
104225,14.91
172477,14.91
192304,14.91
255593,14.91
175501,14.91
146516,14.91
84948,14.91
284053,15.48
239867,15.48
45659,14.91
60385,15.05
55942,15.48
74849,13.96
286244,14.91
186724,14.91
65611,15.12
76446,14.91
5377,15.48
112809,14.91
45872,15.48
168187,14.91
258856,13.96
88840,15.05
35838,15.05
60177,14.91
1916,14.91
254492,14.91
99736,14.91
181024,14.91
74937,14.91
123578,14.91
177448,15.48
90206,15.05
174151,14.91
19978,14.91
287930,15.48
214755,14.91
273340,15.48
105871,14.91
52969,14.91
4692,14.91
134602,15.48
194,14.91
90668,14.91
85225,15.48
174072,14.91
218875,14.91
32258,14.91
257712,14.91
105194,14.91
46590,14.91
34656,15.48
72061,14.91
166278,15.48
198269,14.91
284232,14.91
60628,15.48
167555,15.48
96960,14.91
281876,14.91
145930,14.91
16942,15.05
158199,14.91
199375,15.48
117960,14.91
49274,14.91
115651,14.91
135581,15.48
34717,14.91
195535,14.91
215499,14.91
36949,15.13
92265,14.91
33446,14.91
236423,15.48
232638,14.91
187744,14.91
295245,14.91
200193,15.05
242623,15.05
112476,14.91
104388,14.91
247528,15.48
66373,14.91
8697,15.48
97691,15.13
229098,14.91
193700,15.05
125338,14.91
74651,14.91
148394,14.91
23890,14.91
76819,14.91
86499,14.91
250711,14.91
149784,14.91
95541,15.48
29053,14.91
10035,14.91
121476,15.48
143062,14.91
32793,15.05
185994,14.91
102614,14.91
292715,14.91
260029,13.96
21248,13.96
259597,15.48
292180,15.48
140552,14.91
49173,15.48
227222,15.48
133137,14.91
167895,14.91
276369,14.91
201673,14.91
171043,15.48
204730,14.91
156301,15.48
199916,15.48
769,14.91
174347,15.05
1811,14.91
100471,14.91
211877,14.91
132363,14.91
286398,15.05
198037,15.48
56218,15.48
220287,14.91
227347,14.1
292580,15.48
103098,14.91
185761,14.91
50892,15.12
94785,15.48
268055,14.91
7175,15.48
131045,14.91
136160,13.96
108976,15.48
293625,14.91
9331,14.91
224639,14.91
88200,15.12
178985,14.91
91147,14.91
56422,14.91
153751,14.91
219976,14.91
79299,15.48
57176,14.91
31795,15.05
209148,14.91
149334,14.91
143319,14.91
286908,14.91
56800,14.91
168456,14.91
257734,14.91
48325,14.91
172883,15.48
136886,13.96
177592,14.91
224204,15.48
94981,14.91
200093,15.48
807,14.91
89024,14.91
203071,14.91
142816,14.91
167260,14.91
261259,15.48
164392,13.96
116345,14.91
146556,14.91
116574,14.91
259981,14.91
71096,14.91
272463,15.48
166344,14.91
163351,14.91
150959,14.91
291246,14.91
197787,15.48
86627,14.91
100925,15.48
58813,15.48
142523,14.91
6568,14.91
13276,14.91
205866,14.91
243806,14.91
210028,14.91
9216,15.48
240850,14.91
37077,14.91
181486,15.48
289861,14.91
55389,14.91
21306,14.91
278808,14.91
129506,14.91
81101,14.91
209540,14.91
45945,15.48
170079,14.91
245044,14.91
289790,14.91
247686,14.91
200213,14.91
258317,15.48
42358,14.91
164629,14.91
253598,14.91
222401,14.91
148359,15.48
77050,15.48
53320,13.96
191780,15.48
140277,14.91
65148,15.13
158582,13.96
22532,14.91
39614,14.91
115115,14.91
255309,15.48
183885,15.05
72870,15.48
296265,14.91
222162,14.91
235799,15.48
193760,14.91
245438,14.91
209140,14.91
251959,14.91
210600,14.91
87898,15.48
104960,15.13
67393,14.91
260591,14.91
219690,14.91
11928,15.48
278216,14.91
187420,14.91
288749,14.91
241331,15.48
95817,14.91
125081,14.91
266039,13.96
236168,13.96
201945,14.91
273991,15.48
118178,14.91
154428,13.96
289919,14.91
56242,15.48
95241,14.91
152917,15.13
7022,14.91
73697,15.48
61503,14.91
209244,14.91
78223,14.91
6087,14.91
74354,15.48
82334,14.91
116451,15.13
107855,14.91
114949,14.91
80645,14.91
241550,14.91
195935,14.91
248464,14.91
77615,14.91
193847,15.48
273171,14.91
279756,14.91
246685,14.91
282657,14.91
279766,14.91
275588,14.91
6390,14.91
213571,14.91
97801,14.91
246107,15.48
204870,14.91
195789,14.91
46206,14.91
71514,14.91
30727,14.91
50968,14.91
248993,14.91
89111,14.91
160046,15.48
93932,14.91
19501,14.91
201911,14.91
106699,14.91
74638,15.48
169289,14.91
11172,15.48
30378,14.96
162844,14.91
206379,15.48
243555,14.91
85948,14.91
210196,14.91
10759,15.48
237052,14.91
284393,15.13
44877,14.91
268199,14.91
182270,14.91
283947,14.91
184437,14.96
117166,14.91
210712,14.91
178052,14.91
210610,15.48
131751,14.91
109703,14.91
254393,15.12
1342,14.91
237167,14.91
5453,14.91
255663,15.48
282560,14.91
63609,15.48
26274,15.48
108370,14.91
159967,15.48
189013,14.91
205731,15.48
243198,14.91
66802,14.91
272805,14.91
252629,14.91
201609,14.91
95009,14.91
178524,14.91
155395,15.05
221831,14.91
45825,14.91
184066,15.48
276325,14.91
106516,15.12
148536,14.91
42995,14.91
115352,14.91
260252,15.48
101793,14.91
213027,15.48
127746,14.91
265772,14.96
125419,15.13
105002,14.91
229139,13.96
84020,15.48
44899,14.91
226645,15.48
27305,14.91
145634,14.91
204802,14.91
28166,15.48
156302,15.05
288000,15.48
57738,15.48
33595,15.48
14456,15.48
119356,15.48
274668,14.91
12945,14.91
109565,14.91
132861,14.91
95758,15.48
207308,14.91
122009,15.05
113907,14.91
128158,15.48
251631,14.91
131943,14.91
211131,15.48
184603,14.91
152983,14.91
38723,14.91
88548,14.91
277163,15.48
287338,14.91
16792,14.91
99868,15.48
158084,14.91
181630,15.48
204852,15.48
208498,15.05
117737,14.91
109614,14.91
270597,14.91
155193,15.13
22165,14.91
259413,14.91
150243,14.91
268843,14.91
173336,15.05
201208,14.91
206209,15.48
254772,14.91
84794,14.91
14926,14.96
153906,14.91
58333,14.91
72560,15.48
66527,14.91
219875,14.91
26884,14.91
49549,15.48
173637,14.91
176591,14.91
28023,15.48
25561,14.96
106578,14.91
68946,14.91
260110,14.91
93972,14.91
274793,14.91
185615,14.91
285975,13.96
34581,14.91
167285,14.91
106599,15.48
84465,15.48
97909,15.48
18727,14.91
75857,14.91
58019,14.91
61034,14.91
90525,14.91
31753,14.56
23483,14.91
197710,14.91
283972,14.91
208566,14.91
56320,15.48
5607,14.91
293045,14.91
20622,15.48
19473,14.91
227982,15.48
79411,14.91
142392,14.91
51093,14.91
263815,14.91
219722,14.91
92716,15.48
271714,14.91
235737,15.48
242768,14.91
264576,14.91
298942,15.48
215874,14.91
92673,14.91
9483,14.91
49557,14.91
201536,15.48
195592,14.91
33412,14.91
122658,14.91
100860,14.91
174624,13.96
17603,14.91
9564,14.91
219628,14.91
203662,15.48
181922,15.48
235492,15.48
161105,15.13
10897,15.48
101299,14.91
18485,14.91
78565,14.91
128374,14.91
253556,14.91
293711,14.91
97322,14.91
172755,14.91
142490,14.91
277428,14.91
184003,14.91
40512,15.48
227696,13.96
91770,14.91
133223,14.91
146736,14.91
137536,15.48
258248,14.91
77659,14.91
136497,14.91
59427,14.91
34860,15.48
297348,15.48
137833,14.91
175041,15.48
168548,14.91
120280,14.91
107837,14.91
168137,14.91
275229,15.48
160876,14.91
271524,14.91
125480,14.91
208926,14.91
89817,14.91
148025,14.91
59723,14.91
202445,14.91
279447,14.91
60328,15.48
228233,14.91
59565,14.91
285510,14.91
8349,14.91
183649,14.91
31220,14.96
86921,15.48
139603,15.48
212171,14.91
236095,14.91
234062,14.91
262193,14.91
258547,14.91
97948,14.91
149907,14.91
283276,15.05
32268,14.91
54651,14.91
270099,15.48
130390,14.91
82905,15.48
233815,15.48
219595,15.48
17325,15.05
114026,15.48
202641,15.48
275158,14.91
298919,15.05
256693,14.91
215015,14.91
169518,14.91
243500,14.91
142303,14.91
126871,14.91
106443,14.91
8120,14.91
50401,14.91
246185,15.48
8385,14.91
256908,14.91
26461,14.91
135303,15.48
94277,15.05
185707,14.91
48732,14.91
186788,14.91
20442,15.48
186402,14.91
260268,15.48
278749,14.91
50541,14.91
21155,14.91
274610,15.05
175297,15.05
270209,15.48
43944,15.48
189958,15.48
126584,14.91
120244,14.91
9713,14.91
53788,14.91
259799,15.13
74020,15.48
143660,14.91
13184,14.91
34371,15.48
172324,14.91
282980,15.05
37655,14.91
9772,14.91
232634,14.91
299243,14.91
114338,13.96
271247,14.91
233391,14.91
44640,14.91
29633,14.91
135241,14.91
142704,14.91
223257,14.91
197387,15.05
106939,14.91
268979,14.91
267815,14.91
197974,13.96
76098,15.12
279888,14.91
149512,14.91
218059,14.91
130563,14.91
151018,14.91
9266,14.91
284244,14.91
218139,14.91
275248,15.48
70786,14.91
275408,15.48
251807,14.91
40242,13.96
86854,15.48
100232,15.13
195206,14.91
164048,15.13
81584,14.91
132557,14.91
103816,14.91
8973,14.91
90226,14.91
204067,14.91
158073,15.48
91091,15.48
160176,14.91
238438,14.91
164490,15.13
84512,15.48
281689,15.05
41647,15.48
216909,14.91
241622,14.91
147859,14.91
173941,14.91
276730,14.91
132068,14.91
33017,15.48
251893,14.91
165305,14.91
280202,14.91
53606,14.91
3928,15.48
126090,14.91
282308,14.91
161158,14.91
34550,15.48
186837,14.91
183644,14.91
16871,15.05
116769,14.91
24837,14.91
190973,15.48
247003,14.91
225534,14.91
169895,14.91
30052,14.91
174922,15.48
256134,14.91
135006,14.91
179883,14.91
26904,15.48
258347,14.91
107880,14.91
85827,14.91
202011,14.91
270510,14.91
173947,14.91
228633,14.91
154705,14.91
199191,14.91
12830,14.91
292563,14.91
98647,14.91
120930,14.91
291839,14.91
231544,14.91
121201,15.12
243568,15.48
15659,14.91
155222,14.91
188801,15.48
105603,15.48
157227,14.91
73409,14.91
156836,15.48
200957,14.91
207639,15.48
208091,14.91
17711,14.91
59386,14.91
49126,15.48
202368,15.48
36047,14.91
159652,14.91
150493,14.91
33681,14.91
221455,15.48
175869,15.48
194815,14.91
40850,14.91
287165,13.96
25516,14.91
98753,15.48
247759,14.91
117678,15.48
103186,15.48
66035,13.96
209537,14.91
228474,14.91
158124,14.91
109540,14.91
5172,14.91
86399,15.48
269619,14.91
222647,15.48
256107,14.91
16748,14.91
24178,14.91
113630,14.83
164715,14.91
174254,14.91
182046,15.48
150938,15.48
133815,14.91
91478,14.91
119853,14.91
289781,14.91
221089,14.91
63993,14.91
172397,14.91
15813,14.91
298224,14.91
116444,14.91
252475,14.91
104464,14.91
31727,14.91
69953,14.91
94442,14.91
267697,14.91
77584,15.48
101580,14.91
188142,14.91
98128,15.05
44268,14.91
226282,14.91
192596,14.91
90255,14.91
86872,14.91
276140,14.91
286421,15.48
76951,14.91
122097,13.96
267909,14.91
157676,15.48
57135,14.91
18525,14.91
267679,14.91
233947,15.48
128822,15.48
156793,15.48
250532,14.91
33014,14.91
235004,15.48
232233,14.91
16776,15.05
282057,15.48
24264,14.91
220064,14.91
20417,15.48
3105,15.48
225739,14.91
189363,14.96
62582,13.96
1734,14.91
288590,14.91
154417,14.91
202828,14.91
28760,14.91
225326,14.91
244133,14.91
44116,15.48
253692,14.91
260794,14.91
22147,15.48
260522,15.48
115688,14.91
33627,14.91
207662,15.48
85142,14.91
124146,15.48
203780,15.48
74976,14.91
171294,14.91
247700,15.48
125918,14.91
257236,14.91
143761,14.91
157737,15.48
53598,14.91
134756,14.91
120463,15.48
249457,14.91
2301,14.91
32522,15.48
101056,15.48
179985,14.96
46437,14.91
61699,14.91
182328,15.48
20181,14.91
3680,14.91
50379,14.91
175072,14.91
3741,14.91
54934,14.91
266033,13.96
195603,14.91
256801,15.48
61553,15.48
271922,14.91
207846,15.48
155427,14.91
188830,14.91
203840,15.48
19896,14.91
60867,15.48
96639,15.05
248213,15.48
201257,14.91
280984,15.48
104858,13.96
58165,14.91
264535,14.91
88411,14.91
210074,14.91
146521,14.91
116364,14.91
231216,14.91
157251,14.91
76651,15.13
167600,14.91
66069,14.91
84508,14.91
267737,15.48
199601,15.16
79499,14.91
86535,15.48
78769,14.91
956,14.91
125204,14.91
234809,15.48
247826,14.91
151482,14.91
128862,15.48
218352,14.91
119690,14.91
280714,15.48
38539,14.91
85764,15.48
81937,14.91
113686,14.91
287866,15.12
163141,14.91
244098,15.48
44394,14.91
85428,15.48
240109,14.91
244724,13.96
110106,15.48
30876,14.91
14088,14.91
272698,15.48
119130,14.91
185055,15.48
107994,14.91
219005,14.91
136368,14.91
135952,14.91
110506,14.91
194383,14.91
30507,15.12
198912,14.91
271866,13.96
26268,14.91
127835,14.91
170121,13.96
226882,14.91
287063,14.91
280415,13.96
166847,14.91
78337,15.48
6445,14.91
297176,14.91
84819,14.91
46957,14.91
123197,15.48
190361,14.91
191408,14.91
131428,15.48
207795,14.91
120229,15.48
202064,14.91
170727,14.91
140192,15.48
16539,15.48
188074,14.91
186070,15.48
63061,14.91
192217,15.48
233277,14.91
69962,15.48
246534,15.48
197601,14.96
76905,14.91
294162,14.91
209016,14.91
122486,15.48
132700,14.91
190133,15.48
6481,14.91
85852,15.48
197805,15.48
173320,15.48
144424,14.91
247675,14.91
89993,14.91
181491,15.48
87983,14.91
213510,15.48
174253,14.91
146443,14.91
220485,14.91
209130,14.91
40938,14.91
92745,15.48
270287,14.91
228623,14.91
223513,14.91
202338,14.91
56915,13.96
44166,14.91
3450,14.91
131192,15.48
19689,14.91
109148,14.98
37597,15.12
172253,14.91
138924,14.91
230833,14.91
86110,15.05
77902,14.96
238273,14.91
169779,14.91
92522,15.48
84999,15.48
215453,15.48
22412,14.91
183116,15.05
241061,14.98
26311,14.91
61580,14.91
15428,14.91
40268,14.91
2935,14.91
68782,14.91
3920,14.91
239144,14.91
241945,15.48
288298,13.96
136306,14.91
234837,14.91
82062,14.91
98907,15.12
192174,15.13
37848,14.96
202935,14.91
101562,14.91
187757,15.48
108676,13.96
81083,14.91
154639,14.91
144320,14.91
25628,14.91
96022,14.91
49293,14.91
246559,14.91
221756,14.91
170184,15.48
124566,14.91
267454,14.91
116993,14.91
213753,14.91
190517,14.91
279759,14.91
99722,14.91
281379,14.91
111912,14.91
263995,14.91
145199,14.91
227838,14.91
193703,14.91
70750,15.48
273903,14.91
179921,14.91
166592,14.91
76134,14.91
101497,14.91
222963,14.91
37542,14.91
123521,14.91
189571,14.91
263978,15.48
231645,14.91
156724,14.91
109976,14.91
91864,14.91
42719,14.91
276781,14.91
162653,14.91
187684,13.96
220388,15.48
115833,14.91
162648,14.91
298640,14.91
35655,14.91
31571,14.91
36985,14.91
65251,15.48
157156,14.91
282323,14.91
262745,14.91
236269,14.91
53370,14.91
106930,14.91
170770,14.91
203571,15.48
120514,14.91
193988,14.91
219446,14.91
410,14.91
115463,14.91
234034,13.96
117589,14.91
118663,15.48
106990,14.91
78876,14.91
139576,15.48
292759,14.91
42284,14.91
160197,14.91
103984,14.91
228793,14.91
96401,14.91
41477,14.91
6366,14.91
84822,14.91
273718,14.91
195722,14.91
153296,15.48
89603,14.91
17449,15.48
107176,14.91
109090,15.48
237869,14.91
222668,14.91
143984,14.91
188693,14.91
200769,14.91
26318,14.91
193733,14.91
71987,14.91
26826,14.91
213106,14.91
259065,13.96
33575,15.05
169053,14.91
128503,15.48
265019,14.91
200461,14.91
183087,14.91
123097,15.48
5296,14.91
1610,14.91
3597,15.05
186366,15.48
52311,14.91
174794,14.91
160947,14.91
155469,15.48
7549,15.13
163119,15.48
295019,15.05
172353,15.48
277942,15.13
75537,15.48
184713,15.48
43709,14.91
53468,14.91
48659,14.91
142025,14.91
219444,14.91
140185,13.96
163990,14.91
149507,14.91
51477,14.91
179398,14.91
1437,14.91
217164,15.48
293813,14.91
162963,15.05
266822,14.91
250617,15.12
13023,14.91
251082,15.48
83818,14.91
45028,14.91
22592,14.91
88756,14.91
153225,14.91
57359,14.91
264190,14.91
265942,15.48
73091,14.91
71649,14.91
264335,14.91
256798,14.91
87161,14.91
192708,14.91
90031,14.96
281961,14.98
121162,14.91
18434,15.48
178162,14.91
100601,14.91
232299,14.91
2236,14.91
107382,15.48
123877,13.96
149377,14.91
280284,14.91
55518,14.91
123423,13.96
103539,14.91
14204,14.91
206959,13.96
141560,15.48
97448,14.91
19847,14.91
162981,14.91
48217,14.91
232805,15.48
43141,14.91
155248,14.91
193910,15.48
149928,14.91
215706,15.05
69682,14.91
48268,14.91
136349,14.91
291654,14.91
51184,14.91
13498,14.91
217530,14.91
23499,14.91
94900,15.05
225741,14.91
112798,14.91
124430,15.48
211971,13.96
19748,14.91
148923,14.91
44204,14.91
116308,14.91
159942,15.48
37447,15.13
17958,14.91
278345,14.91
241566,14.91
247486,14.91
128936,14.91
54998,15.48
253394,13.96
271500,14.91
82638,15.48
42529,14.91
125009,15.48
24628,15.48
21007,14.91
268609,14.91
32040,14.91
278607,14.91
147823,14.91
209525,14.91
233052,15.48
264556,15.48
290322,14.91
51079,15.48
267518,13.96
221822,15.48
51023,14.91
202457,15.48
12529,14.91
240930,14.91
18750,14.91
293597,15.48
142550,14.91
102722,15.13
117148,14.91
200930,14.91
166080,14.91
234821,15.48
113095,14.91
249207,15.48
264384,15.48
130800,15.13
159619,14.91
255885,15.48
129550,14.91
95928,15.12
119538,15.13
176971,14.91
127187,15.05
280192,14.91
30149,14.91
220291,15.48
17128,14.91
290806,15.48
18310,14.91
206992,15.05
87814,14.75
277598,14.91
254500,14.91
4977,14.91
292218,14.91
296886,14.91
20736,14.91
240343,15.13
153173,15.48
230567,14.91
111891,14.91
112700,14.91
18466,14.91
145620,14.91
13862,15.48
171198,15.48
113578,15.12
93040,15.48
27819,14.91
260266,15.48
125133,14.91
116482,14.91
257228,14.91
28258,14.91
196071,14.91
29500,14.91
23411,15.48
154177,14.91
740,14.91
248597,14.91
175904,15.05
20804,14.91
35463,14.91
291388,15.48
219901,14.91
192434,15.48
285478,15.48
27284,13.96
147228,14.91
294235,14.91
88543,14.91
46043,14.91
71773,15.48
95489,14.91
28859,14.91
179903,14.91
79212,15.48
109778,14.91
92597,14.91
93237,14.91
264322,15.48
18369,14.91
191390,14.91
199068,15.48
287778,15.48
96150,14.91
25746,14.91
101595,14.91
227294,14.91
133550,15.13
287662,14.91
73542,14.91
268728,14.91
64540,14.91
245531,15.48
123338,14.91
215266,15.48
290075,14.91
76641,14.91
236885,14.91
91390,15.05
269065,15.48
265037,14.91
72808,14.91
260087,15.05
134720,15.48
179690,13.96
14717,14.91
35812,14.91
185985,14.91
79629,14.91
110757,14.91
6619,14.91
156512,15.48
130876,13.96
231221,15.13
114522,15.48
229239,14.91
69067,14.91
87495,14.91
12852,15.05
16392,14.91
286311,14.91
26436,14.91
280057,15.48
190238,14.91
99627,14.91
273190,14.91
6358,14.91
282326,14.91
257832,15.48
224161,15.48
271489,15.12
167942,14.91
118490,14.91
76791,14.91
278927,14.91
27599,14.96
39532,14.91
92619,15.48
21932,14.91
281555,15.05
247897,14.91
8278,14.91
296327,14.91
121310,14.96
86782,14.91
244234,14.91
267475,14.91
284439,15.05
44509,15.13
161658,15.48
237226,14.91
140549,15.13
145191,14.91
122528,15.48
261468,14.91
277879,14.91
3276,15.48
199371,14.91
192158,14.91
259036,14.96
16660,14.91
76117,14.91
174745,14.91
156539,14.96
124842,15.48
141543,14.91
41481,14.91
93546,13.96
203376,15.05
57215,14.91
209123,14.91
167267,15.48
287450,14.91
191069,14.91
1200,14.91
134296,15.48
47476,14.91
54659,13.96
266438,14.91
141391,14.91
286149,14.91
292117,13.96
241865,14.91
255255,15.48
199326,14.91
119170,14.91
77189,15.48
260395,14.91
263987,15.48
125396,15.48
207827,14.91
179317,14.91
40548,14.91
19921,14.91
287745,15.13
87303,14.91
110365,14.91
65940,14.91
97262,15.48
151985,15.48
298109,15.13
182304,15.48
114215,14.91
186004,15.48
208801,14.91
176232,14.91
227450,14.91
135483,15.48
216939,15.48
142391,14.91
54925,15.05
27701,14.91
162241,15.48
18680,14.91
192390,14.91
148470,15.48
164062,14.91
263948,14.91
252591,14.91
241451,14.91
42040,14.91
87400,13.96
281416,14.91
162204,15.05
46674,15.05
205571,14.91
22921,14.91
279647,13.96
293782,14.91
43131,14.91
80910,14.91
30469,14.91
139794,15.48
120780,14.91
94002,14.91
16936,14.91
112111,14.91
182746,14.98
251431,15.48
179079,14.91
84728,15.05
220779,14.91
53372,13.96
76578,15.48
77929,14.96
55993,14.91
198688,14.91
166071,14.91
76736,14.91
84215,14.91
159956,15.05
200348,14.91
26064,14.91
19571,14.91
51580,14.91
28548,14.91
197598,15.48
5889,13.96
100635,14.91
84030,14.91
114662,15.48
77029,14.91
168132,15.05
29955,14.91
275302,14.91
83177,14.96
212630,15.48
247125,15.48
295772,14.91
85034,15.48
268828,14.91
256791,15.12
203812,15.48
289019,14.91
299038,14.91
280587,14.91
13344,15.12
202591,14.91
245886,15.12
54956,14.91
147940,14.91
71181,14.91
50704,14.91
86088,14.91
175932,14.91
130460,15.48
138507,14.91
1614,14.91
197545,14.91
235664,14.91
174369,15.48
208548,14.91
124042,14.91
144146,14.91
279865,14.91
87466,14.91
50585,14.91
22197,14.91
180325,14.91
233479,15.48
1902,14.91
115403,15.48
33155,14.91
251220,15.48
21570,14.91
232690,14.91
10307,14.91
84862,14.91
276339,15.48
53679,14.91
69175,14.91
235721,14.91
181285,15.05
132213,13.96
183399,14.91
223697,14.91
195488,14.91
236944,13.96
47461,14.91
200161,14.91
106697,13.96
204690,14.91
195371,14.91
62789,14.91
246518,14.91
289771,14.91
195191,13.96
26249,14.91
178302,14.91
222111,14.91
15420,15.48
147889,14.91
82085,14.91
36055,14.96
170392,14.91
154450,15.48
214108,14.91
41296,14.91
228509,14.91
290884,14.91
152176,14.91
41546,14.91
185051,15.48
88865,14.91
250131,15.48
278741,13.96
259954,14.91
257024,15.48
258751,14.91
143339,14.91
166781,14.91
96784,14.91
96074,14.98
8900,14.91
96595,14.91
252106,14.91
70855,14.91
212177,14.91
235740,14.91
74819,14.91
249129,14.91
162346,14.91
126891,15.13
126824,14.91
45858,15.05
115330,14.91
24737,14.91
234128,15.05
262348,14.91
130601,14.91
146791,14.91
278592,14.91
79395,14.96
3269,14.91
31896,14.91
142749,14.91
189385,14.91
41658,14.91
61812,14.91
296432,15.13
36710,14.96
221197,14.91
174333,14.91
288048,14.91
44730,15.48
25143,15.05
26408,14.91
36177,15.48
274405,14.91
168858,14.91
59347,15.13
90094,15.05
220605,14.91
68900,14.91
184749,13.96
299430,14.91
74631,14.91
97089,14.91
278804,14.91
39403,14.91
254129,14.91
215409,14.91
4458,15.05
125226,14.91
103317,13.96
241951,14.91
287738,14.91
21167,14.91
222583,14.91
238458,15.48
145932,14.91
21070,14.91
79648,15.48
26329,14.96
55485,15.13
89295,14.91
18923,14.91
121196,14.91
92657,15.48
229914,15.48
203516,14.91
274039,14.91
115263,14.91
116270,13.96
264435,14.91
25693,15.05
98229,15.48
32684,15.48
74404,14.91
36193,14.68
166966,15.48
246853,15.48
72232,15.48
230947,15.48
187645,14.96
13598,14.96
216448,14.91
289473,14.91
5511,14.91
111593,15.48
74403,14.91
46089,14.91
127581,14.91
261800,14.91
218832,14.91
9257,14.91
210742,14.91
63930,15.48
163791,14.91
238192,15.13
28837,14.91
11437,15.48
172709,15.48
104542,14.91
74316,14.91
35434,14.96
264305,14.91
199786,13.96
106706,14.91
24601,14.91
256314,15.48
40553,14.91
41632,14.91
213993,14.91
62183,14.91
255231,14.91
240972,14.91
136850,14.91
244611,14.91
4566,14.91
286353,14.98
237584,15.48
12335,14.91
137708,14.91
185501,14.91
67613,14.91
297589,14.91
37625,15.12
41728,15.48
6247,14.91
234233,15.48
2326,14.91
161964,14.91
55847,14.91
60917,15.48
204973,14.91
100113,15.48
150285,14.91
41577,14.91
206734,14.91
152098,15.48
66457,14.91
269541,14.91
255079,14.91
52087,14.91
216250,14.91
162964,13.96
285820,14.91
45472,14.91
224451,14.91
237561,14.91
267457,13.96
96822,14.91
98619,14.91
188503,15.48
259212,15.48
23087,14.91
185754,14.91
18100,14.91
226093,14.91
38748,14.91
244832,15.48
105274,14.91
250535,14.91
121036,14.91
1544,14.91
204184,15.48
273262,14.91
232937,14.91
183231,15.48
97056,14.91
248254,15.48
16623,14.91
244295,14.91
54619,14.91
185405,14.91
110072,14.91
282209,15.48
225179,14.91
230750,15.48
25185,14.91
79518,14.91
12892,13.96
254549,14.98
109142,14.91
125682,14.91
225061,14.91
32439,14.91
191382,15.13
293945,14.91
50246,15.48
122535,13.96
163321,14.91
205487,15.48
213449,14.91
158462,15.12
18502,13.96
239491,14.91
135099,14.91
157738,13.96
206569,15.48
167808,14.91
180263,14.91
75487,14.96
195505,14.91
174736,14.91
252817,14.91
271168,14.91
284669,14.91
185920,14.91
263573,15.48
145792,14.91
40446,14.91
263250,14.91
191636,14.91
195405,14.91
98114,14.73
6831,15.05
156243,14.96
248300,13.96
287584,14.91
154335,14.91
123743,14.91
87714,14.91
264256,15.05
124192,14.91
271354,14.91
270239,14.96
37602,14.91
69442,14.91
113935,14.91
57983,14.91
270711,15.48
273947,14.91
90754,14.91
26823,15.48
194951,14.91
169081,15.48
44805,14.91
218461,14.91
21474,14.91
169863,14.91
109291,14.91
175371,14.91
15869,14.91
54892,15.13
63764,15.48
72892,14.91
131479,14.68
37528,14.91
63260,14.91
118530,14.91
80209,15.48
275377,14.91
271777,14.91
275916,15.05
12083,15.48
275773,14.91
25,14.91
283951,14.91
47930,14.98
210018,14.91
164600,14.91
267255,14.91
186436,13.96
157913,14.91
265995,14.91
165748,14.91
130742,14.91
211511,14.91
297653,15.48
292142,15.48
50372,14.91
207244,15.05
30110,14.91
292821,14.91
231681,13.96
155783,15.48
60839,14.91
242151,15.05
44108,14.91
140742,14.91
258465,15.12
184217,15.48
192557,14.96
244341,14.91
175035,14.91
249211,15.13
19695,15.05
273483,14.96
41942,14.91
183568,15.48
246870,14.91
215122,14.91
208882,14.91
284415,14.91
165940,14.91
279727,14.91
140877,14.91
277458,14.91
92747,15.48
177214,15.48
157532,15.48
297219,15.48
184241,14.91
22383,15.48
183606,15.12
279827,14.91
25068,14.91
138833,14.91
226050,15.05
187060,14.91
170880,14.91
113575,15.48
33000,14.91
233189,14.91
109505,14.91
163679,14.91
82553,15.48
49364,14.91
176785,14.91
40515,15.48
256092,14.91
116317,14.91
100010,15.05
211491,14.91
139015,15.48
126647,15.48
50128,13.96
55475,14.91
136067,14.91
296248,14.98
123632,14.91
292539,14.91
25230,14.91
87451,14.91
11423,14.91
159676,14.91
172745,15.48
275893,15.48
192388,14.91
278168,15.48
215231,15.48
213292,15.48
57044,14.91
178494,14.91
297959,14.91
10584,14.91
141399,14.91
80074,14.91
243281,15.48
161127,14.91
94599,15.05
8846,14.91
76716,14.91
44830,14.91
51756,15.09
292777,14.91
239228,14.91
240474,14.91
157371,15.48
211217,15.48
268319,15.48
42325,14.91
145658,14.91
138788,14.91
115955,14.91
38677,14.91
74636,15.48
36803,15.48
270602,14.91
94911,14.91
152057,15.48
44213,14.91
97967,14.91
76116,15.13
227084,15.09
72926,14.91
121458,14.91
44525,14.75
57685,15.48
67917,14.96
5878,14.91
266869,14.91
257269,14.91
229703,14.91
125233,14.91
47575,15.05
237026,14.91
80128,14.91
157168,15.13
255680,14.91
1733,14.91
259705,15.48
92181,14.91
43375,13.96
170926,14.91
224066,14.91
231951,14.91
74883,14.91
154273,14.91
247435,14.91
6710,14.91
64571,14.91
193505,15.05
58252,14.91
223119,14.91
199750,14.91
3692,14.91
33498,14.91
287608,14.91
188940,14.91
5186,14.91
116736,15.48
192927,14.91
55790,13.96
241702,14.91
70988,14.91
127263,15.05
43144,14.91
86944,14.91
71961,15.48
62137,13.96
128187,14.91
291341,14.91
217826,14.91
31428,14.91
161880,15.48
15030,14.91
116730,14.91
161887,15.48
240935,14.91
141143,13.96
144902,14.91
285476,15.48
61671,14.91
105012,15.48
97563,15.48
205018,13.96
268280,15.48
177314,15.48
244677,14.91
289055,14.91
40329,14.91
260565,15.48
230560,14.91
140700,13.96
73681,14.91
59497,14.91
158136,14.98
78800,15.48
128732,14.96
240123,15.48
32814,15.48
253756,14.91
167020,14.91
245968,15.48
87397,14.91
271188,15.48
4882,14.91
227875,15.48
239242,14.91
119695,14.91
233055,14.91
217442,14.91
18433,14.91
124362,14.68
173576,14.91
15497,14.91
280698,15.48
289955,14.91
170547,14.96
31967,14.91
107007,13.96
272759,14.91
194073,13.96
55944,14.91
102892,14.91
38701,14.91
284320,15.13
217422,14.98
248411,14.91
90146,15.48
296151,15.05
94548,14.91
251464,14.91
98477,14.91
91678,15.13
204452,14.91
146096,14.91
167641,15.48
47694,14.91
754,15.48
47336,14.91
29578,14.91
201129,14.91
48053,15.48
261760,14.91
168568,14.91
53116,14.91
53197,14.91
104016,15.48
252232,14.91
6346,13.96
90701,14.91
125893,14.91
133998,14.91
166554,14.91
222887,14.91
195922,14.91
117806,15.05
63468,15.48
254688,14.91
91376,13.96
263886,15.48
287546,14.91
93525,14.91
136726,14.91
205064,14.91
78412,14.91
271289,14.91
94030,14.91
198618,15.48
13751,15.48
224862,15.48
250103,14.91
174259,14.91
114437,13.96
19321,14.91
3298,14.91
127754,14.91
265263,15.48
57525,14.91
805,14.91
33500,15.05
95709,14.91
262588,14.91
18611,14.91
116962,14.91
203453,14.91
269136,14.91
65861,14.91
20360,14.91
204650,14.91
51620,14.91
220542,14.91
21335,14.91
82007,14.91
47625,14.91
269151,14.91
30405,14.91
9952,14.91
165006,15.13
119979,15.48
192579,15.13
119386,14.91
11718,14.91
128641,15.48
227866,15.48
16455,14.91
15446,14.91
224995,14.91
24779,14.96
7678,14.91
178544,14.91
205683,14.91
86646,14.96
113565,15.48
98441,14.91
18171,14.91
257109,15.48
156789,15.48
150116,14.91
75130,13.96
97232,15.48
51354,13.96
190805,13.96
253749,14.91
289719,14.91
140080,15.05
226606,14.91
205930,15.48
42497,14.91
21906,14.91
10868,14.91
5221,14.91
142777,14.91
39624,14.91
14593,15.05
195911,14.91
272858,14.91
31013,14.91
112389,15.48
200638,14.91
60811,15.05
243847,15.48
230588,15.48
15521,13.96
71556,14.91
61617,15.05
139740,14.91
48396,15.13
164192,14.91
50904,14.91
160356,14.91
167418,14.91
281137,15.48
173393,14.91
155613,15.13
176822,14.91
147672,14.91
178245,14.91
195132,15.48
209118,15.48
165156,15.48
161576,15.48
91305,14.91
114186,14.91
293118,14.91
63705,14.91
78007,15.05
129602,14.91
208925,14.91
32570,14.91
180631,15.48
157915,14.91
36893,13.96
225868,14.91
85505,15.48
239495,14.91
134654,15.48
225508,14.91
142276,14.91
95272,14.91
80740,15.13
187525,14.91
133309,15.48
73902,14.91
45871,15.48
261378,14.91
29779,14.91
105268,14.91
287527,15.48
116164,14.91
59568,14.91
210815,14.91
32653,15.48
239927,15.12
151039,14.96
279601,14.91
265211,14.91
115640,15.48
64187,14.91
45697,14.98
68496,14.91
268645,14.91
28791,14.91
48581,15.48
287393,15.05
17022,14.91
240730,15.05
289995,14.91
70262,15.48
93775,15.48
77821,15.48
207128,14.91
272102,15.48
57878,15.12
221729,14.91
156669,15.48
25542,14.91
148009,14.91
276905,15.48
22996,14.91
291601,15.48
211365,14.91
185160,15.48
176551,14.91
141806,15.48
289107,14.91
261804,14.91
127529,14.91
264132,15.13
289871,14.91
174464,15.48
123641,14.91
114155,14.91
29837,14.91
85642,15.05
140362,14.91
59223,14.91
186847,15.48
63800,14.91
283823,15.13
292710,14.91
126662,14.91
234143,15.13
138540,14.91
92546,13.96
216953,15.48
149957,14.91
125092,14.91
139736,14.91
285231,15.48
175516,14.91
105957,15.48
183830,14.91
295686,14.91
240667,14.91
205066,14.91
90128,15.05
233899,15.48
298570,14.91
240082,14.91
6285,14.68
130892,14.91
178200,15.05
69301,14.91
297045,15.05
45149,14.91
9066,15.48
55636,14.91
131486,15.48
227852,15.12
227752,15.48
158166,13.96
138991,14.91
158135,14.91
224619,14.91
150265,14.91
121715,15.13
44086,14.91
205498,14.91
147473,15.05
190416,14.91
177684,15.13
50932,14.91
274888,13.96
70331,14.91
115869,14.91
284953,15.05
242029,14.91
152551,15.48
169721,14.91
76770,15.48
192042,14.91
51071,14.91
38717,15.13
28867,15.48
71193,14.91
252940,15.12
245712,14.91
223074,14.91
194235,14.91
251720,14.91
108343,15.48
177686,14.91
93054,14.91
76797,15.13
191367,15.48
53090,14.91
221349,14.91
101761,15.13
87563,15.05
97668,14.96
134336,14.91
209490,15.48
103557,15.48
121249,14.91
88570,13.96
51439,14.91
101969,15.13
226546,14.91
278114,14.91
147981,14.91
33479,15.48
24878,14.91
228359,14.91
158777,14.91
245140,14.91
52835,14.91
7311,15.05
110356,15.48
240076,14.91
85899,14.91
230312,14.91
205099,14.91
103176,14.91
254998,15.48
270255,14.91
57758,14.91
128317,14.91
286105,14.91
132196,15.48
47722,14.91
127110,15.48
214685,13.96
80037,14.91
46780,14.91
61769,14.91
167926,15.48
157774,14.91
244912,14.91
109417,14.91
179278,14.68
195064,14.83
35450,14.91
19162,14.91
249593,15.12
12084,15.48
157657,15.12
138249,14.91
277174,14.91
72432,15.48
40547,13.96
112821,14.91
286379,14.91
73583,14.91
14966,15.48
244998,15.48
92130,14.91
123695,14.91
126363,15.48
87873,14.91
229712,15.48
191925,15.48
28080,14.91
295976,14.91
254873,13.96
51015,15.05
39013,15.13
295288,15.48
139594,14.91
180501,14.91
113397,14.91
61951,14.91
181375,15.48
138175,15.13
118042,15.48
116771,14.91
29591,14.91
126084,14.91
107066,14.91
122079,14.91
146945,14.91
260595,14.91
143020,15.48
157372,15.48
64376,15.48
171866,15.12
218647,13.96
279434,15.48
78588,14.91
35687,14.91
4424,15.48
151383,14.91
263436,14.91
297534,13.96
24457,14.91
112384,15.48
231649,14.91
94383,14.91
242419,14.91
214012,14.91
163871,15.48
51466,14.91
122226,14.91
18642,14.91
73514,14.91
183149,15.48
59168,14.91
290387,14.91
93934,14.91
39524,14.91
66559,14.91
97776,15.05
18273,14.91
138687,14.98
194359,14.91
276131,14.98
224396,14.91
102889,15.48
81508,15.48
112330,14.91
288518,13.96
286452,15.48
99029,14.91
176018,14.91
111773,15.48
210451,14.91
168230,15.48
12319,14.91
190324,15.05
160902,14.96
228039,14.91
39072,14.91
221556,14.91
103209,14.91
226920,13.96
111161,14.91
106506,14.91
179892,14.91
103873,14.91
253459,14.91
36825,14.91
172185,14.91
32992,14.91
117913,14.91
147450,14.91
226750,15.48
29942,14.91
268460,14.96
126730,14.91
15331,14.91
149221,14.91
86086,14.91
12771,14.91
248566,14.91
124929,15.48
244253,13.96
181694,14.91
119172,14.91
89491,15.05
19210,14.91
160529,14.91
239964,15.11
145839,14.91
129293,15.48
266242,14.91
285422,14.91
49857,14.91
240530,14.91
81466,14.91
56678,14.91
211577,14.91
183376,14.91
120570,14.91
98531,14.91
134554,15.48
77183,14.91
20331,14.91
158762,14.91
228574,13.96
50070,13.96
85701,14.91
268089,15.13
150869,13.96
196203,14.91
38900,14.91
140808,14.91
83790,15.48
291773,15.48
84924,14.91
109832,14.91
110053,13.96
50157,14.91
261835,14.91
157388,14.91
42993,14.98
71894,14.91
205688,14.91
71733,15.48
15636,15.13
237349,14.91
127448,14.91
237404,14.91
215878,15.48
147952,14.91
230759,14.91
41923,14.91
299119,14.91
173451,14.91
261168,14.91
134422,15.48
228874,15.48
234992,14.91
60239,15.48
30243,14.91
72705,15.48
4705,15.48
176963,15.48
77878,14.91
116572,14.91
22627,14.91
151196,14.91
86292,14.91
125543,15.13
7062,14.91
3895,14.91
30269,14.91
25438,14.91
87998,14.91
60708,15.48
176448,14.91
203497,15.48
198881,14.91
176514,15.48
19001,14.91
135528,15.48
46453,14.91
202927,15.48
103853,14.91
59068,15.48
154047,14.91
98633,15.48
51906,14.91
166184,14.91
23561,15.05
218006,14.91
176024,14.91
23096,15.05
109151,14.91
70591,14.91
56773,14.91
147488,15.13
269867,14.91
280247,14.91
133253,15.48
281473,14.91
33383,15.48
254987,15.48
161108,15.13
7406,14.91
84393,15.48
192837,13.96
262428,15.48
25039,14.91
33162,15.05
280280,14.91
91686,14.91
25863,15.48
118427,14.91
210215,14.91
243831,14.91
92454,15.12
297456,15.48
141352,15.48
156768,14.91
242111,15.48
239408,14.91
165606,14.91
60990,15.05
80764,15.48
74183,14.91
7566,14.91
276986,14.91
42189,14.91
183375,15.48
77167,14.91
94395,15.48
18825,14.91
249349,14.91
76451,14.91
125530,15.13
205251,14.91
218874,14.91
52794,14.91
233110,15.48
161065,15.48
288084,13.96
117066,15.48
11798,14.91
248006,14.83
243254,15.48
18256,14.91
72553,14.91
1514,14.91
159698,14.91
205854,14.91
199698,14.91
13764,14.91
274969,14.91
92600,14.91
190415,14.91
235307,15.48
21843,14.91
283944,14.91
101509,13.96
70766,14.91
118990,15.05
125129,14.91
190658,14.91
277304,15.05
80878,15.48
277434,14.96
92699,15.48
298707,15.13
278728,13.96
170735,14.91
24404,15.48
245240,13.96
107205,14.91
195060,14.91
17236,14.91
287235,14.91
251718,14.91
257363,14.98
6466,14.91
112382,15.48
206316,14.91
257051,15.05
5547,14.91
49020,14.91
197628,14.91
272591,14.98
248822,14.91
279139,15.48
255900,14.91
84453,14.91
48920,14.91
104030,14.91
238132,13.96
147341,14.91
208905,14.91
83036,14.91
32875,15.05
28535,14.91
68305,14.91
78291,14.91
6076,14.91
58109,14.91
98159,14.91
51160,15.48
231248,14.91
223910,14.91
54015,15.48
44428,14.91
268907,15.48
6994,14.91
292304,14.91
276333,13.96
165378,15.48
294247,14.91
72002,14.91
210918,14.91
42383,15.05
292802,13.96
98826,15.05
82801,13.96
229308,15.48
294364,14.91
140371,15.48
285133,14.96
149956,14.91
297223,14.91
274682,15.05
227658,14.91
70875,14.91
124843,14.91
126175,14.91
111652,14.91
164178,13.96
157086,15.48
200865,15.48
54949,14.91
19925,14.91
226908,14.91
226689,15.48
44281,14.91
197042,14.91
196637,14.91
17483,14.91
36186,13.96
82811,14.91
27037,15.48
257610,13.96
81728,14.91
290429,14.91
144295,14.91
34330,14.91
239474,14.91
157143,15.48
62349,14.91
18219,14.91
260827,15.48
268833,15.48
21668,15.48
86780,14.91
262362,14.91
232600,14.91
21607,14.91
163468,14.91
188990,15.05
220018,14.91
19545,14.91
6206,15.48
73731,14.91
274041,15.48
165288,15.48
234420,14.91
36617,14.91
9421,13.96
276857,13.96
119632,15.12
212447,14.91
63057,14.91
124522,14.91
52310,14.91
269414,14.91
184047,15.48
169893,14.91
137694,14.91
231922,15.48
80226,14.91
272091,13.96
218568,15.48
254187,14.91
148479,14.96
184837,15.48
219668,14.91
43280,14.91
12589,15.48
199431,15.13
236669,14.91
53918,14.91
207761,15.48
232097,14.91
5269,14.91
12441,14.96
189725,14.91
185490,14.91
196958,14.91
67723,14.91
224424,14.91
19426,14.91
258556,14.91
160663,14.98
274138,13.96
80192,14.91
7147,14.91
133621,15.48
143633,14.91
256364,14.91
242406,14.91
175351,15.48
139670,14.91
3152,15.48
264231,15.13
285446,15.48
60586,14.91
237336,14.96
295836,14.98
229371,14.98
234712,14.91
132818,15.11
272290,14.91
17931,14.91
255463,14.91
291935,15.48
84772,14.91
194062,15.48
132252,14.91
94983,14.68
219419,14.91
292908,14.91
88040,14.91
236644,14.91
93100,15.05
72689,14.91
262990,14.91
50552,15.48
126744,14.98
99551,15.48
23654,14.91
193001,15.48
15221,15.48
3081,15.05
56996,14.91
70346,14.91
185567,14.91
217114,14.91
292875,14.91
16024,14.91
263999,14.91
256678,14.96
27817,13.96
137021,14.91
73759,14.91
29704,15.48
195012,15.48
244141,14.91
124117,14.91
112341,14.91
46834,14.91
204315,15.48
59425,15.48
25420,14.91
58624,15.12
257136,14.91
156422,15.48
13802,15.48
207283,14.91
298497,13.96
161325,14.91
206536,14.91
275523,13.96
104612,14.91
15623,15.48
126414,15.48
56477,14.91
181840,14.91
149206,14.91
172529,14.91
212370,14.91
92126,14.91
291177,14.91
275401,15.48
148505,14.91
174648,14.91
268016,15.48
208553,14.91
290821,14.91
8012,14.91
184568,15.48
103520,14.91
43776,14.91
278893,14.91
274380,14.91
172579,15.05
233370,14.91
38236,14.91
90646,14.91
289868,14.91
177159,15.48
5345,15.05
60063,14.91
95594,15.05
272975,14.91
44227,14.91
18925,14.91
39409,14.91
57911,15.48
150903,14.91
203921,13.96
92491,15.48
179752,14.91
65317,14.91
51791,15.13
254611,13.96
30056,15.48
15255,14.91
150375,14.91
248323,15.48
138304,14.91
132105,15.48
70145,14.91
294057,15.48
24062,14.91
74235,15.48
39596,14.91
274850,15.48
78650,14.91
146283,14.91
203987,15.48
217229,14.91
286499,15.48
256827,15.48
193601,15.48
96838,14.91
207829,15.48
129356,14.91
129972,15.48
45936,14.91
97813,13.96
145426,15.48
67685,14.91
100552,15.48
217208,15.05
199955,14.91
251375,14.96
288217,15.12
200436,14.91
109383,14.91
168044,15.13
239191,14.91
9153,14.91
145530,14.91
142101,14.91
227641,14.91
158374,15.48
251624,15.48
249347,14.91
167343,14.91
116573,14.83
102105,15.48
241696,15.48
187917,14.91
217549,14.91
212038,14.91
10552,14.91
192162,14.91
194906,14.91
151725,14.91
141281,15.48
189082,15.13
29335,15.48
8904,15.48
193388,14.91
103037,14.91
142133,14.91
226261,13.96
235517,14.91
84502,15.48
107674,14.91
191543,14.91
226000,15.48
272609,14.91
267340,15.48
266147,13.96
191478,14.91
168121,14.91
217137,14.91
286407,15.48
246854,15.05
84923,14.91
230738,15.48
83445,15.05
152600,15.13
208424,14.91
180043,14.91
142968,14.91
10479,14.91
3734,15.13
199381,14.98
252226,14.91
77940,14.91
278437,13.96
186981,14.91
67279,15.48
121142,15.48
216118,14.91
60095,14.91
261795,14.91
286227,14.91
29607,14.91
24638,14.91
279873,13.96
126235,14.91
60339,14.91
110427,15.48
81406,14.91
103835,14.91
266432,14.91
165714,14.91
107677,14.91
193215,14.91
48414,14.91
13406,13.96
219603,15.48
244565,14.91
167373,15.48
44925,15.48
293110,14.91
92671,14.91
104939,13.96
129016,14.91
19948,14.91
164659,14.91
129867,15.48
133325,14.96
8489,14.91
53204,13.96
193593,14.91
100225,15.13
71413,15.13
282382,15.48
252549,14.91
7181,15.48
69319,15.13
145211,14.91
204810,15.48
165236,14.91
151431,14.91
257542,14.91
48493,14.91
194550,14.91
285193,14.91
4612,15.48
82611,14.91
46802,15.13
173640,14.91
172923,14.91
209432,14.91
120828,15.48
3184,14.91
40317,14.91
224545,14.91
175841,14.91
126601,14.91
221021,14.91
19747,14.91
13942,14.91
49260,14.91
269170,14.91
287624,14.91
22491,14.91
34177,14.91
244260,14.91
202815,14.91
10833,14.91
205624,15.48
110311,14.91
155760,14.91
79676,13.96
183531,14.91
171878,14.91
213562,15.48
107179,14.91
97081,15.48
253310,14.91
291107,14.91
36017,14.91
4092,14.91
256896,14.91
65383,15.48
127649,14.91
259873,14.91
14307,14.91
268124,15.48
195950,14.91
137459,15.48
36946,14.91
238857,14.91
255323,15.48
266098,14.91
70444,14.91
222620,14.91
52201,14.91
1723,14.91
247842,13.96
254746,15.48
230597,14.91
218521,15.48
198738,14.91
291002,14.91
39698,14.91
102135,15.48
18787,14.91
116713,14.91
281206,14.91
195872,14.91
65857,14.98
205145,14.91
55737,14.91
154297,14.91
13081,14.91
21969,15.48
284770,15.13
80761,15.48
258433,15.48
182471,14.91
184755,15.48
295432,15.13
250620,14.91
288425,15.05
219870,15.48
22972,15.05
182245,14.91
23212,15.48
252155,14.91
293239,14.91
183070,15.48
44334,14.91
261722,15.12
12665,13.96
234391,14.91
282742,15.48
26668,15.48
99334,14.91
29850,14.91
281726,14.91
152436,14.91
268969,14.91
37282,14.91
173284,14.91
113592,15.13
234678,15.48
126799,15.48
159010,14.91
46964,14.91
49051,14.91
237707,14.91
243099,14.91
68015,14.91
251575,15.48
79568,15.48
194761,14.91
238677,14.91
176394,14.91
117749,15.48
129534,14.91
52305,14.91
169228,14.91
209941,15.48
75364,14.91
275602,15.05
95046,14.91
28500,14.91
1404,14.91
249712,14.91
115786,13.96
246942,14.91
72555,15.48
185669,14.91
290021,14.91
89175,15.48
147135,15.13
65267,15.48
117583,15.48
284699,15.13
98657,14.91
180809,14.91
287876,14.91
184376,14.91
274856,15.48
113178,15.48
87939,14.91
192513,15.48
233659,15.48
11711,14.91
232407,15.12
99365,15.48
48798,14.91
18806,14.91
36817,15.48
28734,15.48
74114,14.91
176084,14.91
134251,14.91
172779,14.91
263453,15.48
78059,14.91
234739,14.91
68450,14.91
160101,14.91
126098,14.91
244195,15.48
108318,14.91
182038,14.91
267960,14.91
219844,14.91
179409,15.12
258176,14.91
128296,15.05
142045,14.91
154329,14.91
238166,14.91
233469,14.91
132301,15.13
12842,14.96
214936,14.91
296317,14.91
141492,14.91
142870,14.91
27626,14.91
190103,14.91
139749,14.91
17771,15.48
57003,14.98
41225,15.48
187732,15.05
156581,14.91
28453,14.91
210273,14.91
227242,14.91
131274,13.96
258825,14.91
170337,14.91
133039,14.91
19276,14.91
112951,15.48
220772,14.91
70704,14.91
213263,14.91
18087,14.91
62033,14.96
233967,15.48
114715,14.91
162336,14.91
273952,14.91
47692,15.05
218584,15.48
32295,14.91
172996,15.13
169000,14.91
202314,15.48
51344,14.91
284795,15.48
293909,14.91
139525,13.96
7324,14.91
114667,14.91
128723,14.91
63777,14.98
88666,15.48
70407,13.96
248727,15.48
36599,15.48
148298,14.91
77682,14.91
278317,14.91
80557,15.48
855,14.91
154219,14.91
128354,14.91
246574,15.48
167002,15.48
102273,14.91
98021,14.91
241655,14.91
40717,14.91
107693,14.91
139693,14.91
121602,14.91
53145,14.91
2626,14.91
78599,14.91
181416,15.48
50800,14.91
127760,14.91
239100,14.91
285048,14.91
255000,14.91
40556,14.91
35492,14.91
258023,14.91
122753,14.91
153746,14.91
174751,14.91
7228,14.91
183801,15.12
172180,14.91
289415,13.96
106090,14.91
161185,15.48
169609,15.05
34859,14.91
100843,14.91
32058,13.96
244513,14.91
8692,15.05
292526,14.91
142859,14.91
84973,15.48
211010,15.48
183204,14.91
5360,14.91
256640,15.13
11813,14.91
86414,14.91
276739,15.48
73201,15.48
196998,13.96
294482,14.91
179337,15.05
51123,15.48
278899,15.48
166124,14.96
179286,14.91
30553,13.96
48764,14.91
121730,15.48
63322,14.91
216748,14.91
234476,14.91
24532,15.48
41168,14.91
296817,14.91
5075,14.91
52263,14.91
33448,14.91
221440,14.91
298932,15.48
289446,15.48
91363,15.48
265444,15.05
279220,14.91
52527,14.91
180563,14.91
32885,14.91
159535,14.91
226652,14.91
98561,15.05
123740,14.91
130076,15.13
139166,15.48
282994,15.05
161225,15.13
145145,14.91
104952,15.13
268376,14.91
177138,14.91
122362,14.98
85420,14.91
275058,14.91
127483,14.91
118048,15.48
147054,14.91
19269,14.91
145943,14.91
56342,14.91
170143,15.05
149768,14.91
279606,14.91
53300,14.91
227358,15.05
266994,14.91
279835,14.91
107457,14.91
129254,14.91
102336,14.91
237272,14.91
160935,15.48
44599,15.48
163047,14.91
254573,14.91
22756,14.91
211878,14.91
107070,14.91
249332,14.91
131941,14.91
286959,14.91
9324,15.48
136666,15.48
80254,14.91
115595,14.91
185558,14.91
232827,14.91
47964,15.48
146964,14.91
154482,14.91
209799,14.91
116782,14.91
138713,14.91
5414,14.91
203407,14.91
95184,15.48
165774,15.48
189346,15.48
132182,14.91
278948,15.48
239880,15.48
235053,14.91
19327,14.91
82847,14.91
247655,14.91
198709,15.48
11772,14.91
190102,14.91
152365,15.48
196546,14.91
103042,14.91
279542,13.96
197447,14.91
172466,14.96
56770,14.91
42593,14.91
273331,15.05
188266,14.91
86042,14.91
164038,14.91
282931,14.91
172570,14.91
203401,15.48
234447,14.91
203483,14.91
113349,15.48
80056,14.91
33915,14.91
108329,14.91
262471,13.96
68346,13.96
120073,15.48
260405,14.91
124976,14.91
204344,15.48
20493,15.48
888,14.91
153556,15.13
81703,14.91
70483,15.48
199089,14.91
260776,15.05
133958,14.91
166988,14.91
42696,14.91
145687,14.91
145744,14.91
259437,14.91
221300,14.91
33711,15.48
177222,14.91
154140,14.91
283214,14.91
294413,13.96
89441,14.91
83479,14.91
148439,14.91
20185,14.91
29193,14.91
79800,14.91
143065,15.48
202386,14.91
259627,14.91
255472,15.48
240852,14.91
88487,15.48
99829,15.13
225156,14.91
89633,15.12
99893,14.91
229976,14.91
109798,14.91
229985,14.91
213105,14.91
155638,15.48
223012,14.91
295519,14.96
279972,13.96
194311,15.48
212822,15.48
58076,14.91
223721,15.48
275406,14.91
33501,14.91
92720,13.96
114846,15.48
187894,15.48
23704,14.91
145958,14.91
259081,15.48
231837,14.91
231589,14.91
202006,15.48
282348,15.48
161439,14.91
75975,14.91
244685,15.05
211059,14.91
180919,15.05
203895,15.48
170724,14.91
209659,14.91
46262,14.91
264449,14.91
111117,14.91
66131,14.91
77378,15.48
120440,15.48
150818,14.91
134367,14.91
85256,14.91
35597,15.13
26517,14.91
277040,15.13
231385,14.91
255338,15.05
294778,13.96
189803,14.91
218405,14.91
141808,14.91
132130,13.96
135323,15.48
48499,14.91
248823,15.05
220234,14.91
75893,14.91
151880,15.48
172527,14.91
213556,14.91
14891,14.91
268861,15.05
166913,14.91
141708,15.48
286260,15.48
278242,14.68
152387,15.48
77153,15.05
211744,14.91
117381,14.91
254396,15.48
170734,14.98
209973,14.91
243405,14.91
274905,14.91
245171,15.48
193416,14.91
236476,14.91
14216,14.96
218265,14.91
104635,13.96
108259,14.96
18286,14.91
2065,14.91
157053,14.91
69911,14.91
18714,15.48
57104,14.91
174493,15.05
201038,14.91
266645,14.91
9767,14.91
255666,14.91
92514,15.48
161510,14.91
25787,14.96
180457,13.96
124609,15.48
270558,15.48
58700,15.48
130881,15.48
82517,14.91
110615,15.48
255757,14.91
57168,14.91
259394,14.91
258723,14.91
237842,13.96
162341,14.91
184338,15.05
266864,13.96
41094,14.91
189383,13.96
153068,13.96
182236,14.91
292597,14.91
20003,14.91
261981,14.91
38003,15.13
168150,13.96
281458,14.91
40143,14.91
298287,14.91
263508,14.91
10336,14.91
87021,14.91
173227,15.48
293826,14.91
285233,15.05
4152,14.91
162271,14.91
19867,14.91
29565,15.48
212069,14.91
289584,15.48
45543,14.91
156701,14.91
254380,14.96
54520,14.91
174478,15.48
113737,15.48
75567,15.48
21331,15.48
12050,15.48
13855,14.91
207738,14.91
106804,13.96
4611,15.48
94500,15.48
242605,14.91
191606,14.91
111070,14.91
167741,15.48
211823,14.91
201097,14.91
115208,14.91
171417,14.91
110232,14.91
274859,15.48
77770,15.48
145909,14.91
159157,14.91
256471,14.98
61286,14.91
218414,14.91
153737,15.48
128947,15.48
233676,15.48
119784,14.91
242803,14.91
220415,14.91
161752,15.05
116626,14.91
19740,14.91
145580,14.91
278234,14.91
75063,14.91
263891,14.91
207401,14.91
211653,14.91
130130,14.91
14356,14.91
177752,14.91
299272,14.91
176621,15.48
145568,14.91
199599,14.91
241988,14.91
59533,14.91
223008,14.91
212750,14.91
30017,14.91
105129,14.91
7267,14.96
148713,14.91
146397,14.91
295907,15.48
258015,14.91
151751,15.13
143104,14.91
260748,15.48
1000,15.13
168603,15.48
97685,15.48
118389,13.96
222876,14.91
178015,15.48
113657,14.91
101449,14.91
292262,14.91
167899,14.91
212363,14.91
261663,14.91
262384,13.96
215898,14.91
259426,14.91
86787,14.91
41945,14.91
130527,15.48
39122,15.48
11005,14.91
64349,14.91
293966,15.48
228949,14.91
72121,14.91
184804,13.96
123834,15.05
96363,14.91
250033,14.91
23786,14.91
63192,15.48
289735,14.91
129779,15.48
19372,14.91
182866,15.48
298399,14.91
203763,14.91
12553,15.48
205990,14.91
29659,14.91
125787,15.48
71160,15.48
58176,14.91
203314,14.91
146307,14.91
164410,14.91
288993,13.96
191466,14.91
59370,14.91
93727,14.91
131345,15.48
180675,15.05
6097,14.91
115879,15.13
152070,15.48
3535,14.91
139243,14.91
239761,15.48
133103,15.13
4320,14.91
169790,14.91
295141,15.48
90399,14.91
127569,15.48
29403,14.91
102639,14.91
221441,14.91
33726,14.91
81810,14.91
273787,15.13
283148,14.91
170736,14.91
179918,14.91
120579,14.91
273606,14.91
113495,14.91
38069,14.91
119909,14.91
17937,14.91
52901,15.05
249250,14.91
139430,14.91
248675,15.48
258115,15.48
173095,14.91
243162,14.91
284875,14.91
86094,13.96
208447,15.48
154411,14.91
201336,15.48
36153,15.48
122987,14.91
244105,15.48
146291,14.91
122407,14.91
102083,14.91
69905,14.91
87996,14.91
246840,14.91
195229,14.91
289221,14.91
246001,15.48
36349,15.48
269942,14.91
85029,15.05
264260,15.48
72415,14.91
249610,15.12
89378,15.48
14155,14.91
64132,14.91
224352,14.91
134853,15.48
33715,14.91
241564,14.91
65082,14.91
221196,14.91
154921,14.91
164104,13.96
168995,14.91
206230,14.91
91545,14.91
82622,14.91
83647,15.48
10711,14.91
242695,13.96
245047,13.96
151929,14.91
190365,14.91
260126,14.91
113238,15.48
225625,14.91
127517,15.48
100352,15.48
84816,14.91
138827,14.91
213248,14.91
180133,14.91
54072,15.48
289432,14.91
73052,14.91
157582,14.91
282832,15.48
296139,14.91
217203,15.13
136698,14.91
43892,14.91
287397,14.91
16692,13.96
8670,14.91
184480,14.91
160785,14.91
47059,14.91
274155,14.91
227918,15.48
265506,15.48
120662,15.48
227168,15.48
181525,15.48
29677,15.48
221730,14.91
118121,14.91
297822,14.91
240020,15.48
256646,14.91
146334,15.48
14233,14.91
173397,13.96
175887,14.91
280936,14.91
21858,14.91
170614,14.91
106934,14.91
36787,14.91
118497,13.96
200590,15.48
225761,15.12
271283,15.48
237722,14.91
51328,15.48
79031,15.12
223837,15.48
91237,15.12
6958,15.12
213551,13.96
245344,14.91
293475,14.91
287075,14.91
73157,15.05
164791,15.13
230181,14.91
83089,15.48
111917,14.91
234019,15.48
243657,15.13
256560,14.91
25233,14.91
183825,14.91
241035,15.12
79862,15.12
146503,14.91
39533,14.91
34163,15.09
4008,14.91
202610,13.96
32281,15.48
259106,14.91
251465,14.91
114445,14.91
15268,14.91
254376,14.91
153755,15.48
173382,14.91
144420,15.48
295209,14.91
183048,14.91
291951,14.91
163348,14.91
173301,15.48
202586,14.91
34308,14.91
164810,14.96
41841,15.48
206801,14.91
235262,14.91
183182,15.48
243604,15.48
79771,14.91
171506,15.48
209622,14.91
147449,14.91
281357,15.13
189386,14.91
109506,14.91
169989,14.91
294241,13.96
91460,14.91
238135,15.12
270891,15.48
76121,14.91
232808,15.48
101917,14.91
231576,14.91
121849,14.91
145962,14.91
153874,14.91
59025,14.91
138335,13.96
295854,15.05
274878,15.48
177155,15.05
72412,14.91
110343,15.48
272600,14.91
129324,14.91
60109,14.91
6260,15.48
296275,14.91
200363,14.91
134312,14.91
101723,15.13
76511,14.91
51109,14.91
250267,14.91
79934,14.91
171780,14.91
70182,14.91
140664,14.91
20510,15.48
251747,14.91
40588,14.91
272292,14.91
176021,14.91
287968,14.91
216498,14.91
1894,14.91
276714,14.91
25086,15.13
15222,14.91
188864,14.83
269543,14.91
261952,14.91
252946,15.48
238191,14.91
74435,14.91
4875,13.96
285987,14.91
33832,14.98
106348,13.96
229540,13.96
148538,14.91
88938,15.48
11042,15.48
212375,15.05
243692,14.91
37121,15.48
171216,15.13
80947,14.91
248584,14.91
282890,15.48
159454,14.91
60276,15.05
173262,14.91
15005,14.91
3671,14.91
8645,15.48
21387,14.91
73990,14.91
69475,14.91
206399,13.96
158482,14.91
211461,14.91
41017,14.91
169332,15.48
183509,15.13
119240,14.91
217648,14.91
220573,14.91
217000,14.91
47001,15.48
281300,15.48
150684,14.91
260818,14.91
189731,15.48
121063,14.91
57928,14.91
149371,14.91
212772,15.48
81105,14.91
242155,14.91
138257,14.91
179002,14.83
140764,15.48
74451,14.91
87761,15.48
135941,14.91
272706,15.05
195321,14.91
207315,14.91
223220,14.91
17034,13.96
222201,14.91
20416,14.91
4530,14.91
193092,14.91
154398,14.91
81184,14.91
124497,15.48
204953,14.91
81405,14.91
165980,14.91
200059,14.91
221627,13.96
260678,14.91
51485,14.91
73635,14.91
206688,14.91
154891,15.12
272893,14.91
121550,14.91
8238,15.05
117124,15.13
214627,14.91
66877,14.91
233823,14.91
102348,14.91
290565,14.91
220173,14.91
100534,14.91
286266,14.91
290097,14.91
108056,14.91
26931,14.91
79291,14.91
286893,14.91
164241,14.91
265804,14.91
64964,14.91
153593,13.96
115628,15.48
274180,14.91
170423,15.48
63102,14.91
126654,14.91
249397,14.91
221400,15.05
90823,15.48
60713,15.48
259622,14.91
25630,14.91
51143,14.91
197141,14.91
187334,15.48
180979,15.48
208829,14.91
24636,15.05
123929,14.91
126318,14.91
265100,14.91
167178,14.91
218420,14.91
46679,14.91
65866,14.91
42911,14.91
281613,14.91
41308,14.91
290406,13.96
222290,14.91
292202,14.91
67339,13.96
95875,13.96
25200,15.48
252690,14.91
12906,14.91
63719,15.48
76612,14.91
290420,14.91
137361,14.91
98670,15.13
209920,15.48
275297,14.91
266470,14.96
137803,15.48
80351,14.91
124111,14.91
193571,14.91
111524,14.91
229699,14.91
215023,14.91
133634,14.91
234988,14.91
250985,15.48
288870,14.91
296966,15.48
132782,14.91
45732,14.91
47782,14.91
130971,14.91
61010,14.91
282029,15.48
93919,14.91
205647,14.91
258981,13.96
134403,14.91
164204,13.96
25102,14.91
21994,14.91
184958,14.91
222382,15.05
103255,14.91
11354,14.91
202099,14.91
276733,15.12
24886,14.91
211271,15.48
37444,14.91
144773,14.91
57845,15.48
166058,14.91
266657,15.48
59148,15.12
220046,14.91
83829,14.91
245424,14.96
196195,14.91
154481,14.91
44894,14.91
95207,13.96
173324,14.91
288337,15.13
196884,15.48
115780,14.91
152460,15.48
281130,14.91
277294,15.48
68045,14.91
252806,14.91
156569,15.48
228752,14.91
187808,14.91
125201,14.91
219043,14.91
209280,14.91
43376,14.91
283123,14.91
2249,14.91
132755,14.91
231587,14.91
57792,14.98
218192,15.48
296345,14.96
100236,13.96
144974,14.91
29510,15.48
272845,15.48
205358,14.91
227844,15.48
221848,14.91
132494,15.48
4533,14.91
112520,14.91
196014,14.91
196484,14.91
218189,14.91
256177,14.91
248860,15.05
152643,14.91
137643,15.48
133724,15.48
240482,14.91
258227,14.91
70217,14.91
103219,14.91
270578,15.05
9183,14.91
103077,13.96
288301,14.91
59664,14.91
219581,15.48
88163,15.48
918,14.91
228994,14.91
167768,14.91
148071,13.96
117239,13.96
287220,15.05
79900,14.91
292112,13.96
217479,14.91
147029,14.91
253824,14.91
32023,14.91
144303,14.91
20544,15.48
268764,13.96
261569,14.91
256059,13.96
21880,14.91
136214,14.91
263033,15.48
258423,15.48
75966,14.91
122731,15.48
44903,13.96
212394,14.91
191072,14.91
230135,14.91
213580,14.91
229007,14.91
276227,15.48
294012,15.48
9691,14.91
94201,15.13
228022,14.91
180859,14.91
124150,15.48
203024,15.48
98524,14.91
176495,14.91
296110,13.96
68439,14.91
43507,15.48
3874,14.91
290580,14.91
21450,14.91
280902,14.91
10174,14.91
24416,14.91
86200,14.91
104495,14.91
84402,14.91
10323,14.91
29017,14.91
296218,15.48
110717,14.91
40720,15.48
198578,15.48
37613,14.91
121771,14.91
181666,14.91
16221,15.48
17452,13.96
275662,15.48
277321,15.48
57410,14.91
58114,14.91
171220,15.05
199435,15.48
93854,15.05
211599,14.91
254667,14.91
120498,14.91
98509,14.91
109830,14.91
17950,13.96
279292,14.91
12137,15.48
157712,14.91
13591,14.91
155374,14.91
198565,14.91
248624,14.91
201458,14.91
281115,14.91
247514,15.48
292631,14.91
68218,15.13
45975,14.91
214364,14.91
282221,15.05
57954,14.91
78802,15.48
247235,14.91
167818,14.91
260127,14.91
87446,13.96
187465,15.05
2241,14.91
210486,14.91
218213,15.48
128809,14.91
191040,15.48
282046,15.48
145260,14.91
137312,14.91
126056,14.91
56551,15.48
82957,14.91
103117,15.48
103611,14.91
21472,14.91
134567,14.91
231994,14.91
142097,14.91
260654,14.96
36157,14.91
154507,14.91
288957,14.91
83382,15.48
211366,14.91
91482,15.48
100849,14.91
298719,14.91
163165,15.48
43161,14.91
47834,14.91
2858,14.91
181039,14.91
132195,14.91
86986,14.91
290581,15.48
149685,14.91
173125,13.96
10685,14.91
151867,15.48
267795,14.96
276718,14.91
67367,14.91
39582,14.91
235464,15.48
11262,14.91
54855,14.91
229612,13.96
229928,14.91
35650,14.91
289499,14.91
183275,14.91
15111,15.48
256660,14.91
104637,13.96
180221,14.91
251884,15.48
218555,14.91
141818,14.91
28682,15.48
285653,14.91
33982,13.96
288994,14.91
70530,14.91
287481,15.05
137397,14.96
45523,14.91
291763,15.48
77820,14.91
182652,14.91
77432,15.48
104123,15.48
277612,14.91
257511,14.91
57252,15.48
175755,14.91
257685,15.48
155969,14.91
185955,14.91
202173,14.91
78001,14.91
225204,14.91
265024,14.91
235891,14.91
178509,15.48
292371,15.48
125843,14.91
33882,14.91
290617,13.96
4359,14.91
27729,14.91
192046,14.91
52631,14.91
40036,15.48
252955,14.91
123312,15.48
224692,15.48
43785,15.48
180728,14.91
112385,15.48
160276,14.91
202702,15.48
173442,14.91
207354,15.48
277770,14.91
70659,14.91
74198,15.05
182533,15.48
279848,14.91
6449,15.48
149142,14.91
35381,14.91
204158,15.48
35337,14.91
261321,15.13
271166,13.96
122784,14.91
154351,15.48
85093,15.05
255507,14.83
151855,15.48
121695,14.91
166292,14.91
59740,14.91
167572,14.91
176731,15.48
271816,14.91
166451,14.91
57470,15.12
57538,15.48
267588,14.91
279027,14.91
204825,15.48
184781,14.91
126695,14.91
283043,13.96
170840,14.91
89064,14.91
134775,15.48
78580,13.96
10710,15.48
72425,14.91
93532,13.96
63983,13.96
18196,14.91
145409,14.91
258656,15.12
41352,14.98
83023,14.91
257797,15.48
138543,15.13
13449,14.91
227181,15.48
297145,15.48
173864,14.91
9744,15.48
181126,14.91
38948,15.48
255082,14.91
37864,14.91
122632,15.48
34025,13.96
259451,14.91
229439,14.91
155364,14.91
190084,15.48
241468,14.91
16333,14.91
262565,15.48
282941,14.96
293428,14.91
195439,14.91
42687,15.48
17124,14.91
177501,14.91
200395,14.91
295605,15.05
35740,14.91
92051,15.05
259305,15.48
43402,14.91
252383,14.91
274408,14.91
112201,15.13
63629,14.91
52367,15.12
296862,14.91
12242,14.91
118314,15.48
99,14.91
111560,15.48
191400,14.91
190910,14.91
142882,14.91
38430,14.91
219552,14.91
200150,15.48
94627,13.96
97614,15.05
197342,13.96
11219,15.48
271526,15.13
161544,15.48
219837,14.91
22930,14.91
286665,15.05
68614,14.91
83894,14.91
295539,14.91
173401,14.91
235669,14.91
91151,14.91
212254,15.48
278639,14.91
199285,15.13
33637,14.91
158161,14.91
234490,15.48
87673,15.48
245228,13.96
37323,14.91
55978,14.91
149771,15.48
271211,14.91
135907,14.91
16390,15.48
230059,14.91
39266,14.91
283176,14.91
118804,14.91
160978,15.48
16805,14.91
224185,15.48
212193,14.91
81433,14.73
12961,14.91
80222,14.91
101648,14.91
200361,14.91
275230,14.91
194007,14.91
260892,14.91
13459,14.91
89864,14.91
66940,14.91
3225,15.48
6200,14.91
101314,14.91
131583,14.91
166710,14.91
254283,15.48
221683,14.91
91938,14.91
202347,14.91
88011,14.91
255271,14.91
233591,14.91
113220,14.91
267306,15.48
124985,15.48
148412,14.91
273699,15.13
194773,14.96
219112,14.91
70134,15.12
16497,13.96
84305,14.91
107950,14.91
232653,14.91
195098,14.56
181665,13.96
227304,14.91
21178,14.91
14676,14.91
270426,14.91
196010,13.96
293458,15.48
53472,14.91
286832,14.91
117551,14.91
106359,14.91
130097,15.48
79744,14.91
51091,14.91
164128,13.96
286462,15.48
256650,14.91
236263,14.91
23836,15.48
181175,14.91
296487,15.48
46979,15.48
57332,15.48
132889,14.91
4030,14.91
216388,15.48
32305,15.48
276117,15.05
68863,14.91
56927,15.48
298643,14.91
275222,15.48
172203,15.48
182422,15.48
25921,14.91
227284,14.96
247019,15.48
192039,14.96
125874,15.48
162690,15.05
80998,15.48
284245,14.91
86777,14.91
32053,14.91
104884,14.91
206152,15.48
72917,14.91
122163,14.91
157696,15.48
149006,15.48
270893,14.91
130805,14.91
95838,14.91
125744,14.91
193177,15.48
41822,15.48
179104,14.96
138512,15.13
74803,14.91
57801,15.48
87460,14.91
276142,15.48
118951,15.05
94822,15.48
162545,14.91
100897,13.96
265867,14.91
146253,14.91
80076,14.91
65821,14.91
288074,14.91
241152,14.91
99633,14.91
22015,14.91
136408,14.91
76324,15.48
245373,14.91
171643,14.91
259731,15.13
141420,14.91
61987,14.91
41283,15.48
87162,14.91
24206,14.91
193351,14.91
11646,15.48
269911,14.91
233796,15.48
6690,15.48
124883,14.91
224014,15.48
722,14.96
256613,14.91
33796,14.91
222893,14.91
287470,14.96
223138,14.91
175628,14.91
200302,14.91
57393,14.91
203848,14.91
39308,14.91
1188,14.91
91702,14.91
130389,14.91
212497,14.91
134139,14.91
289672,14.91
143160,15.48
81422,14.91
14099,15.05
245452,15.05
97678,15.48
247124,14.91
113428,13.96
190888,14.91
16109,15.48
268895,14.91
155426,14.91
251905,15.48
144276,14.91
215753,14.91
265052,15.48
66978,14.91
90185,14.91
214935,15.48
117657,14.91
37836,14.91
42260,14.91
43820,14.91
53791,15.48
275960,14.91
274179,14.91
281703,14.91
248032,14.91
190045,14.91
207022,15.13
8538,14.91
33837,14.91
68308,14.68
7161,14.91
121799,14.91
218376,14.91
15285,15.48
175523,14.91
31745,15.48
173145,14.91
211242,14.91
226864,14.91
245319,14.91
41461,14.91
7501,15.48
39055,14.91
110119,14.91
47338,14.91
123098,15.48
141329,14.91
137701,14.91
50428,14.91
249003,14.91
277678,14.91
65906,14.91
117725,14.91
8416,14.91
204771,14.91
294813,15.13
63724,14.91
178356,13.96
82148,14.91
201684,14.91
7920,15.48
27395,14.91
61677,15.48
85982,14.91
280454,14.91
994,14.91
157477,14.91
123062,14.91
78350,14.91
209345,14.91
101200,15.48
34162,15.05
70781,14.91
196428,14.91
41924,14.91
9678,15.48
293751,14.91
2350,14.91
98102,15.13
54379,15.48
166424,15.48
177166,14.91
139666,14.91
50048,15.13
29200,14.91
203822,15.48
284370,14.96
241617,14.91
11455,15.48
195819,13.96
6222,14.91
47571,14.96
120749,14.91
107601,14.91
33547,14.91
31976,15.48
13517,14.91
118503,14.91
150110,14.91
267427,13.96
178823,15.48
143549,15.48
180481,14.91
67218,15.48
104328,15.48
18463,14.91
48279,14.91
91061,14.91
116615,14.91
108487,14.91
239280,14.91
69190,14.91
124705,15.48
225330,14.91
230861,14.91
11929,14.91
295480,15.48
163435,14.91
192171,14.91
37145,14.91
84093,15.48
28163,14.91
201760,15.48
44040,14.91
114031,15.48
264276,14.91
171386,14.91
283497,15.48
161842,15.48
232684,14.91
192903,14.91
1016,15.48
19810,14.91
135610,14.91
251781,14.96
20908,14.91
135556,15.05
86617,14.91
275491,15.48
110696,14.91
63086,14.91
67190,14.98
52440,14.91
110225,14.91
125655,14.91
39661,13.96
297010,14.91
259940,14.91
37167,15.48
143869,14.91
50308,14.91
40299,15.48
240936,15.48
293636,14.91
239587,15.48
134923,14.96
51020,14.91
207512,14.91
95079,14.91
200035,15.48
47392,14.91
153094,15.48
241454,14.91
101460,14.91
28092,14.91
291014,14.91
233342,14.91
134104,14.91
533,15.48
97181,14.91
278262,15.05
133280,15.48
32912,14.91
116963,15.13
118266,13.96
294229,14.91
35627,15.48
10911,14.91
261269,14.91
244693,14.91
14537,14.91
154488,14.96
286548,14.91
37093,14.91
150883,14.91
212590,14.91
202106,14.91
220440,14.91
29444,14.91
68477,14.91
276089,15.12
275770,14.91
211228,15.48
266190,14.91
296384,14.91
56944,14.91
218361,14.91
65276,15.48
95685,15.13
218814,14.91
49561,14.91
92223,14.91
228859,15.48
101024,14.91
4591,14.91
9097,13.96
113129,15.48
96149,14.91
104544,14.91
277035,15.13
66178,14.91
198035,14.91
80033,15.48
34260,15.48
92810,15.48
261342,14.91
291722,14.91
237119,14.91
58814,14.91
91194,13.96
13357,14.91
253420,14.91
127231,14.91
196202,14.91
149276,14.91
268229,15.48
204099,14.91
74185,14.91
57002,15.13
16060,15.05
293987,15.48
34415,14.91
171075,15.48
21166,14.91
167992,14.91
234055,15.48
235271,15.48
27944,14.91
252442,15.05
129410,14.91
61706,14.91
81211,14.91
126564,15.48
284259,14.91
31160,14.91
150966,14.91
222607,14.91
139003,15.48
99526,15.48
219363,15.48
278094,14.91
127562,13.96
61695,14.91
290994,15.48
185211,14.91
221780,14.91
247983,14.91
92668,13.96
143637,14.91
191821,14.91
62962,14.91
202344,14.91
202805,14.91
247155,14.91
111940,15.12
170192,14.91
693,14.91
15670,15.48
150227,14.91
32527,14.91
280964,15.48
34266,15.12
197802,15.13
279958,14.91
30533,15.48
203294,13.96
284535,15.05
267351,14.91
184878,14.91
109557,14.91
267116,14.91
84432,14.91
252815,15.48
199541,15.05
212873,14.91
79430,13.96
1587,14.91
284942,15.16
146137,14.91
27046,14.91
196029,14.91
77009,15.05
140647,14.91
85155,14.91
77657,14.91
267886,14.91
202196,14.91
153718,14.91
119864,14.91
184555,14.91
168266,14.91
88440,14.91
142448,14.91
118671,14.91
229998,14.91
131368,14.91
26150,13.96
134744,14.91
299409,14.91
126392,14.91
125518,14.98
200347,14.91
28539,14.91
166784,14.91
193216,15.48
287821,14.91
86513,15.48
73278,14.91
212,15.05
43579,15.48
108620,15.05
210931,14.91
241364,15.48
118343,14.91
40007,14.91
50301,14.91
24399,14.91
241254,14.91
60623,15.48
237317,15.48
118827,14.91
38651,14.91
97154,15.13
263770,14.91
220589,15.48
183414,14.91
204016,14.91
971,15.48
209163,15.48
268804,15.13
24063,14.91
62260,15.48
274923,14.91
249239,14.91
47149,14.75
3622,14.91
292810,15.12
108933,14.91
240093,14.91
139918,15.48
278721,14.91
15955,15.12
9859,14.91
225920,15.48
212798,14.91
174631,14.91
156176,14.91
138626,14.91
229437,13.96
164260,14.91
5892,15.05
110676,13.96
152480,14.91
118031,15.48
82715,14.91
74991,15.05
257691,15.12
135142,14.91
232493,14.91
151339,14.91
101722,15.48
135283,15.48
297572,15.05
222738,14.91
259043,15.13
230862,14.91
116197,14.91
228281,14.91
36217,14.91
89243,14.91
240382,15.48
132338,14.91
204932,14.91
189663,13.96
53305,14.91
138254,15.48
9768,14.91
132138,14.91
239882,15.48
137856,13.96
219161,15.48
230840,14.91
265558,14.91
4384,14.91
150827,15.48
264905,14.91
34527,13.96
237663,14.91
15118,14.91
9528,14.91
290694,13.96
231972,14.91
107311,13.96
95090,14.91
9082,14.91
295011,15.05
277437,15.12
109768,14.91
37858,15.13
278681,14.91
184892,14.91
80309,15.48
94923,14.91
194781,14.96
221770,14.91
260397,14.91
162128,14.91
106372,13.96
58677,15.48
105548,14.91
189992,15.05
194615,13.96
198799,15.48
194628,15.05
114474,15.05
29959,15.48
58659,15.13
26396,14.91
88684,14.91
254004,14.91
106907,14.91
265979,13.96
196024,14.91
293011,14.91
249815,14.91
297901,15.48
199116,14.91
239346,15.48
80554,15.13
67534,13.96
208707,15.48
234719,14.91
62765,15.48
236599,14.91
124993,14.91
278578,15.48
223334,14.91
156572,14.91
128385,14.91
99104,15.48
290155,14.91
146544,14.91
45999,14.91
45498,15.48
169372,14.91
92783,14.91
279549,14.91
104869,14.91
245250,15.13
127676,14.91
296958,14.91
86447,14.91
223885,14.91
280588,14.91
253402,14.91
58457,14.91
87840,15.48
68549,14.91
260557,15.05
258794,14.91
165816,15.48
204361,14.91
181358,14.91
276032,14.98
299219,14.91
75161,14.91
156873,14.91
15682,14.91
161959,13.96
179947,14.91
106233,14.91
80155,14.91
222623,14.91
212569,14.91
229889,15.48
197664,15.48
134860,15.48
156852,15.05
180453,14.91
99488,14.91
104062,14.91
130098,14.91
168111,15.13
270074,15.13
116882,14.91
267133,14.91
43637,15.48
235078,14.91
266986,14.91
212959,15.48
272560,15.13
226948,15.48
292456,13.96
150450,14.91
50026,15.13
261649,15.48
254305,13.96
248735,15.48
8829,14.91
68131,15.48
115132,15.48
94241,14.91
244123,15.48
274696,14.91
162600,14.96
216106,14.91
292256,14.91
265639,14.91
61679,15.48
39469,14.91
66575,14.91
11493,14.91
86775,14.91
278233,14.91
287472,14.98
83749,15.48
194468,14.91
83775,14.91
145531,14.91
63334,14.91
252151,14.91
18039,14.91
125224,14.91
53316,14.91
224290,14.91
279269,14.91
11440,15.48
125282,14.91
281966,15.05
142908,14.91
169425,13.96
287700,14.91
76619,15.48
180421,14.91
208186,14.91
201614,13.96
135406,15.48
41885,14.91
211183,14.91
115465,14.91
159971,14.91
108803,15.48
138358,14.91
251493,15.48
140916,14.91
175406,14.91
87283,14.91
69614,14.91
248039,14.91
267276,14.91
291159,14.91
23222,15.48
125954,15.09
247864,15.48
25764,14.91
139957,15.48
245051,14.91
261831,14.91
186253,13.96
44138,15.48
260129,14.91
202453,15.48
53162,14.91
234567,14.91
33170,14.91
125024,13.96
134988,14.91
121471,15.48
263585,15.48
67322,14.91
285492,15.48
292097,15.13
52584,14.91
44339,14.91
189577,15.48
185121,15.48
161945,14.91
293639,14.91
204713,14.91
135877,14.91
72535,14.91
136495,14.91
185254,15.48
184751,15.05
257651,15.12
158797,14.91
168761,14.68
207357,15.48
54881,15.48
3636,15.05
71775,14.91
17321,14.91
124770,14.96
129702,14.91
19414,14.91
290766,14.91
295929,15.48
220546,14.91
244882,14.91
292920,14.91
267555,14.91
287016,14.91
4376,13.96
106549,14.91
56331,14.96
125062,14.91
222114,13.96
224025,14.91
137875,14.91
225457,14.91
99948,15.48
54544,14.91
34459,14.91
239504,15.48
59073,15.48
116965,14.91
54159,14.91
128834,14.91
76119,15.48
102972,14.91
208046,14.91
219924,15.48
162016,14.91
232595,14.91
147654,14.91
6183,14.91
37409,14.91
6303,14.91
130900,14.91
218960,14.91
191035,15.48
146230,14.91
234124,15.05
111577,14.91
45040,14.91
27774,15.48
46443,14.91
46459,14.91
106256,14.91
14944,14.91
235183,15.48
228176,15.48
164386,14.91
131426,15.48
203246,13.96
44429,14.91
181764,14.91
255198,15.05
164504,14.91
57370,14.91
164353,15.12
141638,15.48
54091,15.48
245379,14.91
125880,15.48
234265,15.48
38801,14.91
138420,14.91
84201,14.91
230409,15.48
279465,13.96
269787,14.91
141356,15.48
208658,15.48
37912,14.91
38816,14.91
262587,14.91
70222,14.91
285549,15.13
74016,14.91
133210,14.91
206257,14.91
205742,14.91
215849,15.48
163462,14.91
164932,14.91
206458,15.48
134383,14.91
43410,14.91
257085,14.91
180495,14.91
175877,14.91
101798,13.96
132169,14.96
141731,14.91
48071,14.91
62790,14.91
78913,14.91
268763,14.91
246938,15.48
293018,14.91
35353,14.91
126240,14.91
281099,14.91
296775,14.91
249926,14.91
140081,14.91
205416,14.91
171539,14.91
129837,14.91
69699,15.48
237826,15.48
116957,14.91
193334,15.48
180350,14.91
190476,14.91
181207,14.91
162699,15.48
51724,14.91
52905,15.05
66605,14.91
93910,14.91
285719,14.91
52707,14.91
170937,14.91
38581,14.91
125861,15.48
112509,15.48
149285,14.91
273651,14.91
33835,14.91
37700,14.96
208510,14.91
280670,14.91
147165,14.91
214736,15.05
219187,14.91
53709,14.91
160,14.91
276174,14.91
106513,15.05
159776,14.91
128846,14.91
118985,14.91
104579,15.48
62822,14.91
51508,14.91
141683,15.48
171165,14.91
147145,14.91
208735,14.91
122505,15.48
200562,14.91
293651,14.91
135451,14.91
162322,15.48
177515,14.91
13476,14.91
199535,15.13
26133,14.91
4893,14.98
6338,14.91
999,14.91
158912,15.12
220483,15.05
259908,14.91
195357,14.91
204954,14.91
9143,14.91
266840,15.48
52670,15.48
36034,15.48
240106,14.91
127992,14.91
290441,14.91
145952,14.91
118210,14.91
4240,14.91
202669,15.48
71561,15.48
114262,15.48
291800,15.48
227440,15.48
218476,15.48
227548,14.91
254945,14.91
274985,14.91
17758,13.96
163163,14.96
2399,14.91
294523,13.96
288046,15.48
160723,14.91
160374,15.13
250752,14.91
212893,14.91
201490,14.91
72477,14.91
126517,14.91
66699,14.91
39131,14.91
170197,15.48
63738,14.91
97266,15.13
112933,15.48
100918,14.91
186557,14.91
121009,15.48
52408,15.48
103563,14.91
210379,14.91
262135,14.91
197683,14.91
6629,15.05
92897,15.05
272942,13.96
102765,15.48
217236,14.91
15072,15.48
263512,14.91
65774,14.91
9791,14.91
176334,14.91
251132,14.91
298420,15.48
137050,14.91
26078,14.91
110523,14.91
114722,13.96
246718,14.91
45707,14.91
248809,15.48
270811,14.91
179026,14.91
286286,14.91
196628,13.96
30029,15.48
251055,14.91
105647,14.91
228477,14.91
234380,15.48
114410,15.48
94556,14.91
290436,14.91
58804,14.91
242678,14.91
286821,14.91
114929,14.91
172728,14.91
143816,14.91
292937,14.91
45309,15.48
250839,14.91
214219,15.48
153973,15.48
296213,15.48
51546,14.91
235144,15.48
233555,14.91
46598,14.91
220528,13.96
122688,14.91
111463,14.91
124367,14.91
137804,14.91
230353,14.91
99483,15.48
233592,15.48
16338,15.48
267275,14.91
223669,14.91
79123,14.91
211713,15.48
6590,15.48
225303,14.91
128072,14.91
174471,15.48
201797,15.48
244226,14.91
247187,14.91
177787,14.91
168126,14.91
169852,14.91
56885,14.91
11982,15.48
135648,14.91
266025,14.91
261575,15.48
179019,15.48
241786,15.48
123041,14.96
192401,14.91
125286,14.91
143668,14.91
19044,15.48
156674,15.12
7919,14.91
13499,14.91
198008,14.91
3297,14.91
189676,15.48
123035,14.91
89448,14.91
79285,14.91
122415,14.91
210516,14.96
242883,14.91
162371,14.91
213818,14.91
269588,14.96
105584,14.91
265272,14.91
44754,14.91
155806,13.96
93807,14.91
190317,14.91
127597,14.91
43079,15.13
122862,14.91
72511,14.91
198214,15.13
107100,14.96
198069,14.91
63418,14.91
52051,14.91
215528,14.91
279733,13.96
193301,13.96
210344,14.91
46555,13.96
284109,15.48
212387,14.91
236968,14.96
286946,14.91
6193,14.91
157325,14.96
46388,14.91
36478,14.91
87822,15.48
160801,14.91
170699,14.91
285525,15.05
73111,14.91
121021,15.48
190676,14.91
230016,14.91
223075,14.91
68399,14.91
294045,14.91
242077,14.91
25697,14.91
22699,14.91
215967,14.91
154512,15.48
193496,14.91
74194,13.96
125635,14.91
160217,15.12
121636,14.91
17515,14.91
242461,14.91
111446,14.91
266999,14.91
282078,14.91
290255,14.91
269502,14.91
110541,15.48
149669,14.91
196454,14.91
137101,14.91
237303,15.05
286308,15.12
63875,14.91
14769,14.91
103452,14.91
129792,14.91
38127,14.91
265182,14.96
105102,14.91
65699,14.91
106772,14.91
181667,14.91
160082,14.91
8391,14.91
144103,14.91
29172,14.91
166218,14.91
291209,14.91
287225,14.91
236347,15.48
144427,15.05
247760,14.91
116878,14.91
46965,15.48
147664,14.91
297085,14.91
28118,15.48
165666,14.96
145578,14.91
175604,14.91
58968,15.48
203307,14.91
138330,14.91
42140,14.91
126561,15.48
188802,15.13
248092,14.91
132525,14.91
6769,14.91
77497,14.91
92166,14.91
257233,14.91
272527,13.96
254978,14.91
146341,14.91
240561,14.91
51447,14.91
145386,14.91
164712,14.91
102423,14.91
198856,15.48
39364,15.48
286042,14.91
94034,15.48
88044,15.48
180034,14.91
147848,14.91
256487,15.48
62539,14.91
78760,14.91
41818,14.91
250928,14.91
116051,14.91
120881,15.48
198805,15.48
244236,15.48
114480,14.91
50771,14.91
91468,14.91
298898,14.91
155301,14.91
230222,14.91
223570,14.91
1631,14.91
144588,15.12
118835,14.91
96266,14.91
165852,14.91
45679,14.91
97178,14.96
181724,14.91
270023,14.91
41333,14.91
107235,14.91
282049,15.48
95080,15.48
46748,14.91
76367,14.91
21060,14.91
137584,14.91
252760,14.91
248014,15.48
266858,14.91
129707,15.48
265814,14.91
290485,13.96
111594,15.13
245637,15.48
33859,14.91
211709,15.48
206962,15.48
222955,15.48
171005,15.48
18753,14.91
108426,14.91
292423,14.91
233274,15.48
119960,14.91
3371,14.91
140704,14.91
291200,14.91
278730,13.96
63959,14.91
233247,13.96
68286,15.48
96975,14.91
183523,14.91
161788,14.96
286394,14.98
40187,14.91
61439,14.91
216943,14.91
169266,14.91
131991,14.91
3441,14.91
67181,14.91
96674,14.91
143091,15.13
262259,15.48
104427,14.91
122428,14.91
200529,14.91
184536,14.91
156564,15.48
169226,15.12
189522,14.91
287328,15.05
138696,14.91
171600,14.91
164120,14.91
66933,14.91
203134,14.91
261303,15.13
73879,14.91
51704,14.91
287578,15.48
14611,14.91
290183,14.91
143826,14.91
254335,15.12
279459,14.91
251938,14.91
104809,14.91
145381,13.96
171630,14.91
205978,14.91
50927,14.91
815,14.91
296420,14.91
180937,14.91
26376,14.91
76544,14.91
249437,14.91
149681,14.91
69436,14.91
43423,14.91
106866,14.91
8511,15.48
267417,14.91
204493,14.91
173201,14.91
269781,14.91
244843,14.91
70090,14.91
190494,14.91
167266,15.48
41951,14.98
193286,15.13
61113,14.91
29716,14.91
296207,14.91
185728,14.96
192422,14.91
273959,15.48
125977,13.96
283256,14.91
139833,15.13
298207,14.91
127830,14.91
221332,15.48
261116,14.91
193009,14.91
103542,14.91
176300,15.48
125507,15.48
217703,14.91
201142,13.96
176088,14.91
169930,14.91
146156,14.91
197362,15.48
283630,14.91
68510,15.48
37264,14.91
121740,14.91
129847,15.48
20791,14.91
28569,14.91
14936,15.48
253415,15.13
128743,14.91
97320,14.91
72863,14.91
103632,14.91
145544,14.91
178705,14.91
119430,15.48
125842,13.96
160402,13.96
211609,14.91
54663,14.91
114972,14.91
132757,15.05
192108,13.96
172468,15.05
245833,14.91
258772,14.91
142500,14.91
292491,14.91
155736,14.91
168803,15.48
226623,15.48
124607,14.91
42830,14.91
176869,14.91
293786,14.91
108497,14.91
1433,14.91
214320,14.91
52075,15.48
179249,14.91
230613,14.91
154935,14.91
21466,14.91
269731,14.96
102200,15.48
183081,15.48
38970,14.91
23251,14.91
101484,14.91
11506,14.91
35894,14.91
151509,14.91
237323,15.48
7280,15.13
242560,14.91
171290,14.91
213159,14.91
210243,14.91
156528,15.05
260631,15.48
183961,15.48
8303,14.91
39956,14.91
162207,15.48
272662,14.91
217488,14.91
58059,14.91
79926,14.96
93702,14.91
108111,14.91
272414,14.91
220517,14.91
181478,14.91
210907,13.96
232036,15.48
175447,14.91
2027,14.91
24252,14.91
179536,15.48
63613,15.48
91767,14.91
279825,14.91
216995,14.91
163638,14.91
176608,14.91
173787,14.91
287405,14.91
240171,14.91
244316,14.91
132820,14.91
204841,15.48
144218,13.96
43973,15.48
15625,14.91
1210,14.91
242774,15.12
143716,14.91
5233,15.48
257964,14.96
119943,14.91
165840,15.48
195881,14.91
12052,14.91
231859,14.91
247286,14.91
182719,14.91
135976,14.91
185069,15.48
195878,14.91
5333,14.91
220346,14.91
2224,14.91
262344,15.48
72727,14.91
13115,15.48
141341,14.91
145088,14.91
91304,14.91
174164,14.91
280464,14.91
12719,14.91
264849,14.91
21874,14.91
16501,15.48
151319,15.48
24781,15.48
228457,14.91
14325,14.91
174359,15.12
24046,14.91
47562,14.91
36125,14.91
46982,15.48
85426,15.48
292155,14.91
81489,14.91
105525,13.96
84050,14.91
296451,14.91
269399,14.91
38281,15.48
95191,14.91
207282,14.91
260124,14.91
270537,15.48
165474,14.91
280248,14.91
19091,14.91
164466,14.91
138958,14.91
291881,15.48
101369,14.91
196386,14.91
145385,15.48
280710,15.48
192511,15.48
208456,15.48
188540,14.91
168454,14.91
112706,15.48
194621,14.91
157714,15.13
65874,14.91
109389,14.91
288152,14.91
76994,14.91
604,14.91
17338,14.91
121372,14.91
290132,14.91
74348,14.91
292737,14.91
260824,15.48
44326,15.13
135146,15.48
160299,14.91
123058,15.48
173919,15.05
56755,14.91
290942,14.91
251103,14.91
34099,14.91
294354,13.96
91596,14.91
262856,14.91
189852,14.91
233671,13.96
73547,15.48
209177,14.91
3489,14.91
187397,15.48
108157,14.91
221949,14.91
45409,14.91
184712,15.48
66781,14.91
46906,14.91
290225,15.48
109674,14.91
206107,14.91
213367,14.91
163072,15.48
88359,14.91
31023,13.96
21918,14.91
9178,15.48
60103,13.96
155543,15.48
79341,15.48
171673,13.96
76376,14.91
58551,14.91
93594,15.48
59513,14.91
11454,14.91
167883,15.13
11724,14.91
58234,15.48
250908,14.91
39001,14.91
65850,14.91
234510,14.68
101336,15.48
227190,15.48
244354,15.48
135908,14.91
72360,14.91
222769,14.91
31668,14.91
296873,14.91
186797,14.91
15219,14.91
208038,14.91
166458,14.91
159272,15.48
41434,15.13
48615,14.91
229915,14.91
293741,14.91
252424,15.13
264612,14.91
60637,14.91
246751,14.91
176197,14.91
234650,14.91
57874,15.05
16257,14.91
175223,14.91
182255,15.13
267057,15.05
145259,14.91
52242,15.48
23354,14.91
69765,15.05
29437,14.91
106140,15.48
231501,15.05
100419,14.91
155511,14.91
266066,14.91
23372,14.91
71756,13.96
190954,14.91
143060,14.91
266133,15.13
125219,13.96
17208,14.91
278742,14.91
104524,14.68
49912,14.96
19167,14.91
75266,14.91
299123,14.91
163885,14.91
91212,14.91
55788,14.91
37532,14.91
63579,15.48
288801,14.91
148330,14.91
28617,15.05
275096,14.91
63469,14.91
139550,14.91
203644,14.91
258166,14.91
244869,14.91
170349,14.91
121713,14.91
35295,14.91
55865,13.96
214121,14.91
261592,15.13
27432,14.91
189301,14.91
124416,14.91
55889,14.91
46580,14.98
295239,14.91
63046,14.91
244635,15.48
158854,14.91
159598,14.91
29947,14.91
101303,14.91
289576,14.91
151907,15.13
218788,14.91
4914,14.91
97446,14.91
31563,15.13
294432,15.48
50230,14.91
256213,15.48
138826,14.91
237754,14.91
157791,15.48
282303,14.91
49745,14.91
210320,14.91
103960,15.48
91927,14.91
279112,13.96
102160,14.91
259353,14.91
172947,15.05
34334,14.98
286523,14.91
276618,14.91
60705,15.48
86068,15.13
13663,13.96
127671,14.91
27465,14.91
13335,14.91
292344,14.91
239697,14.91
234040,14.91
90033,14.91
43512,14.91
26981,15.48
79805,15.48
29069,13.96
13617,14.91
287851,15.48
158271,15.48
142450,14.91
16248,13.96
121618,13.96
2126,14.91
152479,14.91
78126,14.91
94372,14.91
85027,15.12
265239,14.91
143168,14.91
233646,14.91
176710,15.48
75129,14.91
170181,14.91
202745,14.91
258378,14.91
83839,15.48
84968,14.91
250313,14.91
132894,14.91
115328,14.91
41677,14.91
30428,14.96
18146,14.91
127702,14.91
15037,15.48
286984,14.91
138151,14.98
195096,15.48
3875,14.91
114473,14.91
45009,14.91
106637,14.91
61154,15.48
48715,14.91
39058,14.91
228655,15.48
154321,15.48
280584,14.91
218379,14.91
25919,15.48
264244,14.91
210037,14.91
169262,15.48
178528,14.91
63326,15.05
7106,14.91
261213,13.96
258195,14.91
286126,15.48
200911,14.91
37199,15.48
47102,15.48
172303,14.91
177969,14.96
64790,14.91
124955,14.91
226723,15.48
206411,14.91
227732,15.05
27664,15.48
37195,15.48
269001,14.91
120232,15.48
197126,15.48
291964,14.91
299212,15.48
199455,14.91
71233,14.91
98825,15.05
285012,15.48
96575,15.48
57152,14.91
106339,14.91
201392,14.91
30064,14.91
120521,14.91
49930,14.91
213728,14.91
158208,15.48
1294,13.96
199319,14.91
197850,14.91
231398,13.96
91962,14.91
223115,14.91
199685,14.91
261245,14.91
12428,14.91
96197,14.91
21593,13.96
295609,14.91
223647,14.91
275124,15.48
250961,14.91
96070,15.48
218789,14.91
35442,14.91
59590,14.91
34677,15.48
233000,15.48
174985,14.91
249520,15.05
41901,14.91
281442,15.48
37734,15.48
293137,14.91
91366,14.91
68523,15.48
50604,14.91
176949,15.48
88008,13.96
121286,14.91
227627,15.48
246196,13.96
182985,15.48
28595,14.91
224285,15.48
65776,14.91
151512,14.91
222301,14.91
95662,14.91
70141,15.48
141959,14.91
288932,14.91
138569,14.91
70038,14.91
11730,14.91
281505,14.91
47841,15.48
106845,14.91
18343,14.91
109274,14.91
128130,15.48
23406,15.16
171593,14.91
224512,13.96
243438,14.91
6023,14.91
130913,14.91
182244,14.96
151489,15.48
273609,13.96
78948,14.91
80849,14.91
7735,14.91
2274,14.91
124480,14.91
299334,15.48
99180,14.91
134330,14.91
292200,14.91
230145,14.91
80931,14.91
221697,14.91
173669,13.96
140228,15.05
82387,15.48
183034,14.91
228902,14.91
66132,14.91
49796,14.91
23576,14.91
99563,14.91
238319,14.91
13360,14.91
90628,14.91
4846,14.91
243212,15.48
127375,14.91
18916,14.91
201480,14.91
77556,14.96
64572,15.48
240759,14.91
208513,14.91
242107,14.91
216668,14.91
135205,14.96
18746,14.91
27,15.48
259341,15.48
266361,14.91
173879,14.91
11115,14.91
133203,15.48
102174,15.48
141598,14.96
238455,15.48
286794,14.98
271908,14.98
178108,15.48
246915,14.91
15889,14.91
96934,13.96
180942,14.91
208474,14.91
295669,14.91
49261,14.91
255806,14.91
55261,15.48
188259,14.91
64308,13.96
142509,14.91
183839,15.48
162941,14.91
129452,15.48
77945,14.91
46454,15.48
86158,14.91
61329,15.48
1234,15.48
95112,14.91
58138,14.91
62290,15.48
114093,14.91
110770,14.91
113954,14.91
231163,14.91
257556,14.91
182584,14.91
142589,14.91
290248,14.91
146775,14.91
218321,13.96
12388,14.91
186698,14.91
171771,14.91
260301,14.91
111562,14.91
43434,14.91
271628,14.91
152630,15.48
76879,14.91
103401,14.91
202687,15.12
224967,14.91
62617,14.91
151608,14.91
178155,14.91
5123,14.91
107475,14.91
46334,14.91
290355,14.91
32300,14.91
137977,14.91
167777,15.48
86539,15.48
251617,14.91
205063,14.91
177762,14.75
91031,14.91
68251,14.91
115395,14.91
133418,14.91
275052,14.91
262998,14.91
159557,14.91
230057,14.91
82677,14.91
213953,13.96
109523,15.48
1084,15.12
48488,14.91
241880,15.48
123353,14.91
20752,14.91
229582,13.96
171832,14.91
84570,15.48
197079,14.91
75024,14.91
76968,14.91
38630,15.12
129086,14.91
32388,13.96
232998,15.48
33385,15.12
95807,14.91
179943,14.91
180973,14.91
66872,13.96
77461,15.48
269287,14.91
19665,14.91
276317,14.91
158981,14.91
133914,14.91
291986,14.91
38028,14.91
160301,14.91
143180,15.48
191421,14.91
205917,14.91
184874,14.91
80765,14.91
105113,14.91
162595,15.13
289472,14.91
27616,14.91
7956,14.91
115084,15.48
48513,15.12
27414,14.91
71188,13.96
265608,14.91
176399,14.91
220459,14.91
258149,15.48
289373,13.96
20484,14.91
289116,15.48
176287,14.91
24050,14.91
241020,14.91
91798,14.91
148631,14.91
126149,14.91
188836,14.91
77418,14.91
255642,14.91
213129,14.91
79753,14.91
73328,14.91
143594,14.91
10421,15.48
256529,14.91
168840,13.96
41844,14.91
27482,14.91
52965,14.91
288715,14.91
116218,14.91
52827,14.91
100971,14.91
210119,15.48
136551,14.91
146948,14.91
70173,14.91
279513,13.96
193454,13.96
185602,14.91
253277,14.91
100713,14.91
255290,15.48
51518,14.96
159024,13.96
298261,15.48
256483,14.91
157480,15.48
269077,15.48
48451,15.48
35773,15.05
14164,15.48
82983,14.91
45447,15.48
93826,15.13
179135,13.96
150514,15.48
105157,15.48
136493,14.91
59667,14.91
173651,14.91
247069,14.91
253867,15.48
293192,15.13
276690,15.48
179282,14.91
195947,14.91
169961,14.91
46212,14.91
114263,14.91
111261,14.91
21080,14.91
214629,14.91
295339,14.91
77329,14.91
221361,14.91
299302,14.91
111827,14.91
262217,15.48
240060,14.91
297861,14.91
72335,14.91
199731,15.05
50018,14.91
68667,14.91
278599,14.91
282362,14.91
177130,14.91
240097,14.91
98620,14.91
279363,13.96
188533,14.91
165456,14.91
20646,14.91
140565,15.13
88066,14.91
120807,14.91
135041,14.91
235651,14.91
218694,14.91
290115,14.91
54985,14.91
73351,14.91
174411,14.96
247780,14.91
149159,14.91
221850,13.96
256069,14.91
73521,15.48
125433,15.48
92043,14.91
34384,15.48
97888,14.91
29326,14.91
163005,13.96
226211,14.91
53531,14.91
62394,15.48
195676,14.91
277061,15.48
68103,15.48
30674,13.96
126845,15.48
260635,14.91
78213,15.48
130623,15.48
279565,14.91
78417,14.91
251358,14.91
179214,14.91
180588,14.91
133784,15.48
145985,14.91
190593,15.12
260070,14.98
186575,14.91
115791,14.91
49558,14.91
295409,15.12
149576,15.48
37064,14.98
34383,15.12
47669,14.91
16193,14.91
144889,13.96
220497,14.91
246022,15.48
217207,15.48
259504,14.91
236163,14.91
100511,15.05
268389,14.91
131036,14.91
40511,15.48
279102,13.96
221907,14.91
156668,14.91
249965,14.91
205469,15.48
216482,14.91
282932,14.91
143426,14.91
44159,15.05
37580,14.91
65880,14.91
226387,15.48
198456,14.91
78443,14.91
242829,15.48
73174,14.91
122609,15.48
262523,14.91
212697,14.91
44551,14.91
61338,14.91
164935,14.91
272174,14.91
11148,15.05
226955,14.91
275676,15.13
44423,14.96
230825,14.91
285085,13.96
138623,15.13
270376,14.91
126046,14.91
183235,14.91
71344,14.91
201430,14.91
59051,14.91
5958,15.13
188153,14.91
209842,14.91
13124,14.91
148136,15.48
128169,15.48
63253,14.91
34031,14.91
147021,14.91
191822,14.91
237067,15.48
105672,15.48
261115,15.48
26089,15.48
243540,14.91
5382,14.91
40454,14.91
27200,14.91
17767,14.91
144806,14.91
250480,15.13
216086,15.48
160114,15.48
110863,15.48
24977,14.91
247324,15.48
79559,15.48
49686,15.48
10983,15.48
228751,13.96
141249,14.91
134457,14.91
168539,14.91
231780,15.48
99637,14.91
10931,15.05
3467,15.48
161688,14.91
42775,15.48
88509,14.91
42352,14.91
233435,14.91
66873,14.83
294427,14.91
127892,15.48
36411,15.05
71892,14.91
244013,14.91
283600,14.91
229839,13.96
196031,14.91
235769,14.91
70449,15.48
24176,14.91
145423,15.48
214718,14.91
288922,14.96
198963,14.91
216991,14.91
150019,14.91
270354,14.91
153668,14.91
169177,15.48
89320,14.91
156425,15.48
94970,15.48
121083,15.48
267190,15.05
292055,14.91
52257,15.48
169916,14.98
86149,14.91
181856,15.48
281178,14.91
81321,14.91
145047,14.91
198306,15.48
122165,14.91
242103,14.91
261533,14.91
75482,15.12
195172,14.91
255707,14.91
38157,14.91
239796,14.91
141517,14.91
42316,14.91
72276,15.12
160172,14.91
71535,14.91
66812,14.91
42694,14.91
243797,15.48
203783,15.48
138642,14.91
196866,15.48
201498,14.91
68739,14.91
294485,14.98
138653,14.91
241295,14.91
134939,15.48
288052,14.91
256403,14.91
154438,15.48
175563,15.48
71527,14.91
149773,15.48
56216,15.48
192771,14.91
84022,15.05
235476,14.91
147850,14.91
295926,14.96
18766,14.91
132961,14.91
21861,14.91
19421,14.91
70039,14.68
273471,14.91
154785,14.91
128202,14.96
3863,14.91
86050,15.48
97461,14.91
165756,13.96
3765,15.48
40698,13.96
45477,14.91
56804,14.91
153664,14.91
254518,15.48
249841,15.48
51362,14.91
214265,14.91
181400,14.91
135116,14.91
252998,14.96
105036,14.91
98313,14.91
228508,14.91
96314,14.91
263944,14.91
98245,14.91
277323,15.05
268232,14.98
39233,14.91
167441,14.91
283346,14.91
60920,14.91
219037,15.05
281220,14.91
145313,14.91
95278,14.91
254050,14.91
164664,13.96
229332,14.91
221986,13.96
281189,15.48
42475,14.96
26114,15.48
265504,14.91
106478,14.91
232142,15.48
271257,14.91
33206,14.91
281716,14.91
13546,14.91
168081,14.91
10831,14.91
221282,14.91
200052,14.91
2916,14.91
158487,14.91
136249,14.91
67830,14.91
286872,14.91
190562,14.91
103314,14.91
214490,14.91
110070,14.91
230752,14.91
272130,15.48
245871,15.48
288521,14.91
42871,14.91
38963,14.91
179367,14.91
181558,14.91
74574,14.91
199793,15.48
56920,15.48
278325,14.91
30955,14.91
52625,14.91
19723,15.48
168374,14.91
14847,14.91
260797,14.91
33818,15.48
97675,14.91
279475,14.91
181091,15.48
198308,15.48
67412,14.91
110577,15.48
41649,15.48
246179,14.91
59374,14.91
222206,15.12
94066,14.91
211198,15.48
251311,15.12
22857,15.48
237097,14.96
105969,15.48
33807,15.48
19120,14.91
58468,14.91
223918,15.48
33157,14.91
38128,14.91
113350,14.91
51306,14.91
228031,15.05
229195,14.91
84309,14.91
3154,14.91
141368,14.91
153999,14.91
269220,14.91
156798,15.48
144133,14.91
7606,15.12
33180,15.48
133012,15.48
296397,14.91
116449,15.48
179071,13.96
159529,13.96
218606,15.48
117544,15.48
175432,14.91
181485,15.13
211720,15.48
163100,15.12
49760,15.48
111379,14.91
86920,15.48
4300,14.91
157578,15.48
25065,14.91
40776,14.91
122433,14.91
212273,15.48
136397,15.13
57825,14.91
122156,14.91
93805,14.91
155505,14.91
220338,15.48
184096,14.91
248268,15.48
257686,15.48
241215,14.91
106634,14.91
290127,13.96
28069,15.05
244633,14.91
243084,14.91
182315,13.96
120547,14.91
65216,14.91
49113,14.91
184406,14.91
139126,14.91
82482,15.48
91694,14.91
5243,14.91
88653,15.48
23380,14.91
121357,14.91
168241,14.91
157949,14.91
274991,13.96
44736,14.91
170395,14.91
181032,15.48
24293,15.48
13729,14.91
20341,14.91
231130,14.91
199226,15.48
97777,14.91
273756,14.91
242186,14.91
170806,14.91
46100,15.48
4826,14.91
148513,14.91
123518,14.91
82081,14.91
252950,14.91
173493,14.91
127458,15.48
46433,14.91
277077,15.05
1439,14.91
76036,15.48
82931,14.91
275325,14.91
218657,14.91
228498,14.91
31926,14.91
198267,15.13
221334,14.68
214455,14.91
263007,14.91
248109,14.91
70518,15.13
269998,15.48
114116,15.48
174062,14.91
256079,14.91
228060,14.91
108521,14.91
149099,14.91
294022,14.91
283666,14.91
262212,15.05
271976,14.91
36820,14.91
73952,14.91
50328,15.48
61778,15.48
14763,13.96
107624,15.48
262282,13.96
91236,15.48
164770,14.91
69526,14.91
294284,14.91
143821,14.91
131629,14.91
209305,14.91
286913,14.91
20312,14.91
83645,14.91
266969,15.48
286878,14.91
99979,14.91
72191,14.91
179769,15.48
112463,14.91
59345,14.91
192353,15.48
40791,14.91
30184,13.96
264956,15.48
59480,14.91
227568,13.96
109263,14.91
171120,14.91
177425,14.91
80802,15.48
111409,14.91
242069,13.96
4769,13.96
83884,14.91
103848,15.48
195445,14.91
49611,14.91
81240,14.98
4010,14.91
264342,14.91
32767,13.96
70143,14.91
94712,15.09
36286,14.91
39310,14.91
277596,14.91
63185,14.91
103028,14.91
185238,14.91
174580,14.91
22656,15.48
29617,14.91
231611,15.48
174045,15.48
18932,14.91
1782,14.91
176970,14.91
227377,14.91
270517,14.91
5421,14.91
121229,14.91
258806,15.48
190314,14.91
217251,14.91
162794,14.91
229763,14.91
219813,14.91
45433,14.96
203936,14.91
198318,15.48
297037,14.91
102396,14.91
237551,14.91
10637,14.91
192772,14.91
95077,13.96
186522,14.98
68557,14.91
248826,14.91
119396,14.91
164946,14.91
223897,15.48
190833,14.91
119777,15.48
45085,14.91
179500,14.91
120836,14.91
164395,14.91
93490,15.48
252311,14.91
294671,15.48
274245,14.91
200699,14.91
173953,14.91
89767,15.48
105355,14.91
74001,15.12
81544,14.91
63765,15.05
120935,14.91
53325,15.48
92969,14.91
37558,14.91
193048,14.91
14160,14.91
227538,15.48
145983,14.91
85879,14.91
167439,15.05
97078,14.91
195539,14.91
4662,15.48
299180,15.48
234525,13.96
191223,14.91
68339,14.91
143552,14.91
170701,14.91
184202,15.48
117964,14.91
254011,14.91
266214,15.48
67910,14.96
148883,14.91
226299,14.91
259154,14.91
18687,14.91
150870,14.91
96469,15.05
33610,14.91
149210,14.91
270927,14.91
257773,15.48
191612,14.91
252294,14.91
14661,14.91
17686,14.91
103410,15.48
72285,14.91
247930,14.91
145044,14.91
237182,14.91
226595,15.48
28888,14.91
218187,15.48
186570,14.91
76767,14.91
211327,14.91
107341,15.12
284356,14.91
4435,14.91
189142,14.91
131614,14.91
17914,14.91
203660,14.91
272661,15.13
98471,14.91
193882,14.91
25205,15.48
147372,14.91
42516,15.05
222822,14.91
162564,14.96
139495,14.91
293015,14.91
34929,15.05
48755,14.91
54968,14.91
112721,15.48
196104,13.96
166096,15.48
120844,14.91
137913,14.91
90421,14.91
3124,14.91
270368,14.91
23510,14.91
64195,14.91
19386,14.91
235444,15.48
198443,15.05
239094,14.91
764,14.91
27959,14.91
189655,14.91
9374,14.91
128504,14.91
287009,14.91
181480,14.91
230735,14.91
174336,14.91
108453,14.91
203744,14.91
87248,14.91
18245,14.91
130725,14.98
146384,15.48
261796,15.48
225329,14.96
139220,15.48
12027,15.48
225564,14.91
222235,15.05
222300,14.91
29436,13.96
181889,15.48
147926,14.91
142464,14.91
195936,14.91
155308,14.91
258678,14.91
268963,15.48
118234,14.91
136441,14.91
207209,14.91
215823,14.91
156397,14.91
283330,14.91
27288,15.48
291914,14.91
165439,14.68
1426,13.96
153963,14.91
254308,13.96
1464,14.91
38123,14.91
72235,15.48
281114,15.12
29329,14.91
54077,14.91
7048,15.48
26242,15.48
21946,15.13
73540,14.91
189947,14.91
86014,15.48
64101,15.48
206433,14.91
143369,14.91
160346,15.48
61689,14.91
579,15.05
61909,14.91
89935,15.48
125031,14.91
288154,13.96
139188,14.91
1098,15.48
13067,14.91
277370,14.91
60010,13.96
51406,14.91
32016,15.48
32781,15.13
128306,14.91
144385,15.05
252198,14.91
120681,14.91
61662,15.48
145086,14.91
219021,15.48
223877,14.91
1660,14.91
220869,14.91
173424,14.91
286282,14.91
46047,14.91
108619,13.96
269847,14.91
237600,15.48
74406,14.91
111067,14.91
257296,15.48
163295,15.48
284545,15.13
288937,14.91
23336,13.96
159842,14.91
54702,13.96
279082,14.91
18769,14.91
179014,14.98
113248,14.91
254474,15.48
24249,14.91
132839,14.91
103493,15.48
124380,14.91
214263,14.91
160333,14.91
248054,14.91
287953,15.05
189489,15.48
113998,15.13
292163,14.91
166251,15.05
82417,14.91
175672,15.48
273225,14.91
169051,14.91
163744,14.91
84248,14.96
253541,14.91
153758,14.91
198288,15.05
202233,14.91
205029,14.91
286460,15.48
73165,15.13
117032,14.91
32374,14.91
45182,15.05
162386,15.05
243616,14.91
53421,14.91
298582,14.91
129368,14.91
219029,14.91
70772,14.91
49464,15.48
14606,13.96
211440,14.91
1386,14.91
153113,14.91
26361,14.91
258467,15.13
292364,14.91
12170,15.48
97043,15.05
87860,14.91
2414,14.91
207126,14.91
22842,14.91
272433,14.98
224238,14.91
231936,14.91
124724,14.68
70603,14.91
157645,14.91
50687,14.91
211792,14.91
20257,14.91
209231,14.91
94133,13.96
248276,14.91
115190,14.91
213783,14.91
152116,15.48
93258,14.91
196064,14.91
93786,15.48
150640,14.91
237504,14.91
288062,14.91
138290,13.96
234852,15.48
220580,14.91
40293,14.91
149083,14.91
165854,14.91
125164,15.48
220322,14.91
69181,14.91
49159,14.91
231515,14.91
135251,14.91
12566,14.91
165048,14.91
73397,15.48
191205,14.91
113165,15.48
112559,14.91
138219,14.91
126156,13.96
298521,15.48
59057,15.48
227553,14.91
296739,14.91
281331,15.13
151876,14.91
293342,14.91
171824,15.48
206315,13.96
38938,14.91
280101,14.91
250076,14.91
183652,14.91
133735,14.91
145770,14.91
142465,14.91
173029,14.91
52354,14.91
71322,15.48
268473,15.48
123736,14.56
182785,14.91
192529,14.91
238611,15.48
144977,14.91
100775,14.91
276945,14.91
276018,14.91
220062,13.96
192599,15.48
34202,15.48
234981,14.91
184123,14.91
53871,15.05
193282,14.91
148849,14.91
188826,14.91
235192,15.48
249063,15.48
196901,14.91
72158,14.91
250324,15.48
205061,14.91
18716,14.91
215667,14.91
97223,15.48
294265,14.91
43228,14.91
71630,15.48
239599,15.48
297735,15.48
113989,14.91
154739,15.48
107456,14.91
195489,14.91
206269,14.91
28874,14.91
121804,14.91
79828,15.05
27961,15.48
242919,13.96
36184,15.05
295983,14.91
78999,14.91
122149,14.91
189782,15.48
160335,14.91
278179,14.91
199260,15.05
287027,14.91
266433,13.96
143698,14.91
66263,14.91
235805,14.91
253466,14.91
51220,14.91
61610,14.91
235041,15.48
231925,14.91
51794,14.91
68182,14.91
61640,14.91
62616,14.91
264756,13.96
116803,15.48
155950,15.48
54621,14.91
51096,14.91
12935,15.48
225763,14.91
277074,14.91
263385,14.91
198808,14.91
204362,15.48
245150,14.91
286529,15.13
213731,15.48
289356,14.91
162496,14.91
70642,14.91
55648,14.91
177500,14.91
167890,14.91
18578,14.91
148032,15.48
229717,14.91
130651,14.91
14945,13.96
149986,14.91
191352,13.96
157066,15.48
214015,14.91
191965,14.91
181322,13.96
36848,14.96
115041,15.48
109888,14.91
254273,14.91
134865,14.91
243253,15.48
22854,14.91
270344,14.91
20392,14.91
47502,14.98
98253,14.91
121178,14.91
262291,15.05
101506,14.91
9862,14.91
293361,15.48
68756,14.91
174928,14.91
134038,15.48
105419,14.91
135046,15.48
244674,14.91
138744,14.91
195166,14.91
39457,14.91
267090,14.91
222585,14.91
262776,14.91
111671,14.91
68701,14.91
19613,14.91
35541,14.91
188925,14.91
241671,14.91
4344,15.12
1591,14.91
251370,15.48
180273,14.91
276948,14.91
55982,15.05
163627,14.91
247382,14.91
136862,14.91
125867,14.91
234064,14.91
158419,14.91
150015,14.91
78738,14.91
267264,13.96
80452,14.91
116805,15.48
94850,14.91
169157,15.48
64317,15.48
134610,14.91
217481,14.91
260685,13.96
288374,14.91
82828,14.91
184471,14.91
226067,14.91
224498,14.91
279767,14.91
208740,15.48
138719,14.96
127155,15.48
11184,15.48
248170,15.48
77089,15.12
55111,15.48
176194,14.91
178312,14.91
264741,14.91
5783,14.91
186035,14.91
180330,14.91
206952,14.91
114716,13.96
15898,14.91
139942,15.48
96672,14.91
146067,14.91
164130,14.91
177811,15.05
1791,14.91
171731,14.91
175583,14.91
276753,15.13
266637,14.91
289881,14.91
56356,14.91
156012,15.48
277526,14.91
239970,14.91
148667,14.91
146991,14.91
160360,13.96
165742,14.91
44699,14.91
246808,14.91
243222,14.91
98322,14.91
142145,14.91
119441,14.91
160797,14.91
66306,13.96
180247,15.05
160460,14.91
149443,15.48
202280,14.91
1524,14.91
53137,15.48
70577,14.96
180802,15.48
8691,14.91
240749,14.91
256375,14.96
34442,15.48
177017,15.12
153313,15.13
57539,14.91
280865,15.48
212763,14.91
190301,14.83
231457,14.91
74339,15.48
130143,14.91
210692,14.91
180496,14.91
5911,15.48
98669,15.05
135381,14.91
245415,14.91
143746,14.91
254871,14.91
60187,15.48
30991,14.91
282087,14.91
217565,14.91
72136,14.91
252483,14.91
75478,14.91
127499,15.48
251614,14.91
211657,14.91
266218,14.91
190939,14.91
235590,14.91
282455,15.05
9850,14.91
120173,15.05
297333,15.48
60278,14.91
37142,15.05
20481,14.91
77122,15.13
109154,15.48
209876,14.91
182239,15.05
277390,15.05
250776,14.91
265426,15.05
57339,14.91
227954,14.91
236397,14.91
178955,15.48
95976,14.91
94278,15.13
214716,15.48
289942,14.91
176570,14.91
193170,14.91
292696,14.91
118627,14.91
204520,13.96
86940,14.91
13636,14.91
123626,15.05
246127,14.91
52658,14.91
289580,14.91
179982,14.91
203867,15.48
248115,14.91
155573,15.48
242322,15.48
76473,14.91
266339,15.48
278734,13.96
60982,14.91
241941,14.91
130845,13.96
125665,14.91
125288,14.91
249467,15.48
216560,14.91
294699,14.91
254719,14.91
282125,14.91
232465,14.91
54939,14.91
266038,14.91
159575,15.48
167653,14.91
161517,14.91
296184,14.91
60421,15.48
135777,15.48
270830,14.91
72422,14.91
284743,15.13
280014,15.48
265699,14.91
235829,14.91
230330,14.91
224738,15.48
215243,14.91
258591,13.96
209918,14.91
106825,14.91
292146,15.48
185597,15.48
64002,14.91
187627,15.48
221642,14.91
116932,14.91
131112,14.91
119254,15.48
255975,14.91
83317,14.91
265207,15.13
280535,13.96
259253,14.91
113432,14.91
5274,14.91
28853,14.91
126365,14.91
99837,14.91
98486,15.48
221066,14.91
274580,15.48
140719,15.48
63655,14.91
286043,14.98
84281,14.91
75242,15.48
12598,15.05
100054,14.91
93217,15.48
231027,14.91
196088,14.91
156800,14.91
41229,14.91
148811,14.91
187442,14.91
96305,14.91
152152,15.48
143316,14.91
143120,14.91
53577,14.91
113341,14.91
289186,14.91
16778,14.91
4323,14.91
232993,14.91
90750,15.13
181243,15.13
144830,14.96
206786,14.91
77322,15.05
288985,15.48
142993,14.91
73339,15.48
247529,15.48
112665,15.05
51479,14.91
274497,15.12
107668,14.91
48644,15.48
132629,14.91
103900,15.05
257668,15.12
195152,15.48
237308,15.48
175048,14.91
23359,14.91
179162,14.91
225198,15.48
213282,14.91
95139,14.91
24200,14.91
3058,14.91
30979,14.91
70749,14.91
66839,14.91
151533,14.91
153640,15.48
193318,13.96
32338,14.91
48972,14.91
190905,15.48
19965,14.91
224005,15.05
69910,14.91
81766,15.05
270455,14.91
53245,15.48
53841,14.91
96706,14.96
293926,15.16
35283,14.91
188109,14.91
139264,15.12
298797,15.48
53160,14.91
48598,14.91
268819,15.13
279656,14.91
208146,14.91
65004,15.48
7400,14.91
167703,14.91
271694,14.91
282389,14.91
63292,14.91
177974,14.91
132739,13.96
277784,13.96
248532,15.48
28683,15.48
260973,14.91
243570,14.91
103403,14.91
144660,15.12
151960,15.48
8315,14.91
182472,15.12
39883,14.91
239090,15.48
186674,14.91
66213,14.91
173062,14.91
169858,14.91
157685,14.91
92001,14.91
62524,14.91
229646,14.91
167824,15.48
228621,14.91
194625,15.48
96587,15.05
80852,14.91
95716,14.91
273377,15.05
215193,13.96
179732,14.91
276755,15.48
254324,15.05
7035,14.91
24539,14.91
43070,15.05
129453,14.91
51719,15.05
144390,14.91
23807,14.91
263015,14.91
169693,14.91
117413,14.91
114084,14.91
15384,14.91
69110,15.48
48718,14.91
287824,14.75
186394,13.96
245891,14.91
219225,15.48
55777,15.48
272756,14.91
196541,14.91
194542,14.91
135235,15.48
11299,14.91
35258,15.48
223268,14.91
186653,14.91
66192,14.91
50082,14.91
115873,14.91
159838,14.91
231585,14.91
225249,14.91
228750,15.48
171018,15.48
74272,15.48
180611,15.48
285949,15.48
204177,14.91
285430,14.91
100216,14.91
83138,14.91
116705,14.91
271985,15.48
226502,13.96
33706,15.48
30513,14.91
128262,13.96
191562,15.48
238023,14.91
250631,14.91
275162,14.91
183037,14.91
255047,15.48
7270,14.91
198023,14.91
269894,14.91
177344,14.91
2554,14.91
133977,14.91
145841,14.91
266249,14.91
295993,15.48
89617,14.91
107229,14.91
186687,13.96
109782,14.91
3322,15.12
51721,14.91
1240,15.48
124788,14.91
58923,14.91
270947,14.91
68094,15.48
109783,14.91
208157,14.91
27342,14.91
205669,14.91
71780,14.91
136841,14.91
186308,14.91
17586,14.91
97441,15.48
76143,15.48
86582,15.13
123243,14.91
290813,14.91
155951,14.91
160142,15.48
126829,14.91
124292,15.48
89607,14.91
102138,15.48
70512,14.91
118428,14.91
22382,15.48
84555,14.91
59343,15.48
110932,15.48
267594,15.12
238570,15.48
294169,14.91
151024,14.96
193821,14.91
240317,15.48
132490,15.48
90849,14.91
182558,15.48
231795,14.91
126688,14.91
35847,14.91
240073,15.13
148729,14.91
108387,14.91
199577,15.48
96156,14.91
107892,14.91
43824,14.91
212599,14.91
177896,15.05
299239,14.91
198530,15.48
25484,14.91
113685,14.91
77051,14.91
166021,15.48
289657,13.96
257121,14.91
184868,14.91
178962,15.13
18195,14.91
180825,15.12
1222,14.91
297536,15.48
229374,14.91
194540,14.91
77317,15.13
228482,14.91
1153,14.91
78165,14.91
10568,14.91
253353,14.91
180787,14.91
208250,14.91
104403,14.91
296344,14.91
211698,15.05
129967,14.91
227719,14.91
228785,14.91
187782,14.96
219509,14.91
177188,15.13
91047,15.48
256254,14.91
209541,15.48
3305,15.48
163179,15.48
245232,14.91
295858,14.91
98515,13.96
224564,14.91
26190,13.96
8698,15.48
64135,15.05
12496,15.48
203523,14.91
184793,14.91
288810,13.96
59925,14.91
158009,14.91
6950,15.13
76071,15.48
27138,15.48
295383,14.91
217599,14.91
61905,14.91
253377,14.91
174233,14.96
116231,14.91
210285,14.91
27491,14.91
239764,13.96
54324,15.48
192611,15.12
192928,14.91
107484,14.91
201205,14.91
102832,15.05
245802,15.48
197785,14.91
22905,14.91
237315,15.05
145011,14.91
62482,14.91
421,14.91
114499,14.91
203810,14.91
119126,14.91
129945,14.91
271517,14.91
98872,15.48
160904,15.48
15806,14.91
99962,15.48
213199,14.91
226220,15.05
4668,14.91
44285,14.91
115245,14.91
188040,14.91
200949,14.91
129674,14.91
78246,14.91
66968,14.91
270252,14.91
141723,14.91
283222,14.91
233322,15.48
215479,15.05
586,15.13
188856,14.91
299152,15.48
17396,14.98
156249,14.91
56749,14.98
145094,14.91
230195,14.91
175335,15.05
46508,13.96
183134,14.91
261939,14.91
139480,14.91
85449,14.91
291263,15.48
164015,14.91
121988,14.91
80315,15.48
144669,14.91
61869,14.91
255063,14.91
55132,15.48
295321,14.91
166777,13.96
133882,15.48
254075,15.05
178075,14.91
197125,15.48
98257,15.48
233368,14.91
100307,15.05
282953,14.91
140893,14.91
55729,14.91
76854,14.91
23618,14.91
291434,14.91
251951,15.48
160635,14.91
207069,15.48
52904,15.48
180941,14.91
196488,14.91
47099,14.91
245337,14.91
295730,14.91
215396,14.91
287862,14.98
78426,14.91
181655,14.91
191263,14.91
197077,14.91
289789,14.91
137404,15.05
199516,14.91
280269,14.91
115160,14.91
273965,15.13
178149,14.91
279791,15.05
100347,14.91
3053,14.96
9379,13.96
295629,15.05
205009,14.91
43963,15.48
98189,15.48
278321,14.91
250547,14.91
24723,15.48
148232,15.13
286322,15.48
19552,14.91
10769,15.48
262244,14.98
237627,14.91
100779,15.13
265890,15.48
32432,14.91
265488,14.91
84336,15.48
230603,15.48
56907,15.48
102405,15.48
160673,15.12
129908,15.48
178991,15.48
268754,14.91
187297,14.91
260733,15.05
169344,14.96
250060,14.91
139935,14.96
143461,13.96
188547,15.05
39182,15.48
196677,14.91
148363,14.91
255461,14.91
147898,14.91
144949,14.91
99613,15.48
163853,15.48
170381,14.91
128327,14.91
293043,14.91
177363,15.12
14208,15.48
114594,14.91
24137,15.05
111572,14.91
69847,15.48
255660,15.05
60716,15.48
229805,14.91
289456,15.48
39946,15.48
275972,15.12
247654,15.48
296571,15.48
80215,14.91
172688,15.48
46315,14.91
113047,14.91
41304,14.91
40852,14.91
33934,14.91
148552,14.91
15013,15.48
215786,14.91
31812,15.48
98564,13.96
296699,15.13
136378,15.48
225307,14.91
5740,14.91
244787,15.05
232285,14.91
99749,14.91
171345,15.13
6594,14.91
207850,15.48
44577,15.48
85975,14.91
174962,14.91
120768,14.91
197305,13.96
273546,14.91
49778,15.13
236164,14.91
58620,14.91
63506,14.91
225298,14.91
166993,14.91
75449,14.91
282188,14.91
60039,14.96
82823,13.96
280650,14.91
37122,14.91
34364,14.91
207933,15.48
176144,15.12
154902,14.91
122868,15.48
2021,14.91
206537,15.05
297405,14.96
70691,14.91
91119,15.48
84905,14.91
149859,14.91
45279,14.91
274619,15.48
9719,15.48
205859,14.91
223407,14.91
91276,14.91
176981,14.91
230148,14.91
101711,14.91
16213,14.91
27140,15.48
253544,14.91
232154,14.91
5434,14.91
139414,14.91
255246,15.12
77357,15.48
260182,15.48
136635,15.48
144533,15.48
181212,15.05
152836,14.91
270815,15.48
33666,14.91
83148,14.91
249862,14.91
128125,13.96
289215,14.91
220632,14.91
267822,14.91
197332,14.91
9132,14.91
141006,14.91
236840,13.96
64908,14.91
155830,14.91
216584,14.91
150357,14.91
108613,15.48
129465,15.48
149897,14.91
146235,14.91
268495,14.91
30080,15.48
218054,15.13
171686,15.05
67872,14.91
222715,14.91
248460,14.91
54738,14.91
229571,15.48
192746,14.91
227955,15.48
176927,14.91
254681,15.05
127265,14.91
244981,14.91
231799,13.96
149365,14.91
188272,14.91
167510,14.91
176322,14.91
266330,15.48
54148,14.91
282147,14.91
123642,15.48
201847,15.48
227536,15.48
187804,14.91
200163,14.91
132048,13.96
268712,15.48
7313,14.91
91004,14.91
99219,14.91
225292,15.05
215938,14.91
274224,14.91
225395,14.91
24821,15.48
280541,14.91
124289,14.91
5501,15.48
75093,15.48
34574,14.91
115565,15.48
223404,14.91
287878,15.05
26808,14.91
19377,14.91
218709,14.91
270994,15.48
105897,14.91
112350,14.91
270620,14.91
214880,14.91
92568,15.48
287060,14.91
9062,14.91
108064,14.91
153585,15.05
248361,14.83
278896,15.48
134496,14.91
15150,14.91
174279,15.05
247988,14.91
199990,14.91
18958,14.91
137779,15.13
202364,15.48
161610,14.91
181794,14.91
147356,14.91
211845,14.91
123432,14.91
158464,15.48
255214,15.13
160040,15.48
182135,15.48
252014,15.48
284150,14.91
200712,15.48
115279,14.91
254637,14.91
164158,15.48
297144,14.91
100653,15.48
276966,15.48
244609,14.91
182247,14.91
153416,15.05
134454,15.48
198884,15.48
24422,14.91
178317,14.91
22903,13.96
57622,15.48
193995,15.13
119079,14.91
250283,14.91
203735,14.91
156521,14.91
257350,14.91
105011,14.91
208313,14.91
93252,15.48
129659,14.91
206265,14.91
28493,14.91
16950,14.91
191542,15.48
123891,15.48
260100,15.05
212365,15.48
249185,14.91
97768,14.96
203392,14.91
116147,14.91
188660,15.48
36106,15.13
125596,14.91
240137,14.91
118051,14.91
65129,14.91
62953,14.91
231186,14.91
74225,14.91
139792,14.91
187753,14.96
187612,14.91
145466,14.91
145254,14.91
59323,14.91
180524,14.91
16662,14.91
290709,15.13
272682,14.91
192555,14.91
146302,14.91
46210,13.96
147871,14.91
25605,13.96
275849,14.98
15966,14.91
81019,14.91
274500,15.05
48221,13.96
24924,14.91
74181,14.91
117598,14.91
264636,14.91
122315,14.91
73961,14.91
184575,14.91
281113,15.16
50182,14.91
204005,14.91
196911,15.48
31018,15.48
131000,14.91
107251,14.91
204269,14.91
86142,14.91
73303,14.91
142212,14.91
198580,13.96
147772,14.91
171613,14.91
269810,15.05
167400,14.91
156819,14.91
119341,14.91
209315,15.48
42462,15.48
131152,15.13
295036,14.91
151005,14.91
78245,13.96
281286,14.91
287834,14.91
26532,14.91
50120,13.96
258509,15.12
34620,14.91
83798,15.48
131407,15.48
240192,14.91
151216,15.48
298177,15.48
79770,14.91
251275,14.91
9903,14.91
139908,14.96
182891,13.96
154011,14.91
187387,15.05
42028,14.91
229697,14.91
227759,14.91
285318,15.05
7769,14.91
244170,15.48
167084,15.13
87036,14.91
156121,15.48
53319,15.48
70311,15.48
244303,14.91
204828,14.91
105464,14.98
238137,13.96
183272,14.91
34186,14.91
113488,14.91
294492,14.91
201004,14.91
43300,14.91
435,14.91
193710,14.91
91811,13.96
44504,15.05
28270,15.48
108354,14.91
71047,14.91
69184,14.91
171494,14.91
137792,14.91
289892,14.91
220916,14.91
201144,14.91
118377,14.91
172924,14.91
170913,14.91
101095,14.91
272353,14.91
26125,14.91
134765,14.91
224823,14.91
229559,15.48
239369,15.48
101961,14.98
242668,14.91
90515,14.91
98249,14.91
157429,15.48
191720,15.05
57187,14.91
34912,15.12
147884,14.91
198847,14.91
108781,14.91
22264,14.91
173186,14.91
37436,14.91
205848,14.91
34576,15.48
46138,14.91
59574,15.48
127406,14.91
36022,14.91
232026,14.91
191639,13.96
142083,14.91
241816,14.91
247477,14.91
224050,15.48
157384,15.48
28630,14.91
181168,14.91
50113,14.91
188571,14.91
159987,15.48
291279,14.91
198549,15.48
39787,14.91
38465,14.91
277017,15.48
265568,14.91
87479,14.91
136646,15.48
157407,15.05
60235,15.48
282948,14.91
55932,14.91
164215,15.48
160745,15.05
193837,14.91
124614,14.91
263531,15.48
224986,14.91
2317,14.91
120923,15.48
291656,15.48
297189,14.91
114769,14.91
102014,14.91
217554,14.91
31030,14.91
170131,15.05
286263,14.91
201975,14.91
229348,14.91
132558,14.91
214330,14.68
9686,15.48
70342,14.91
179218,14.91
63427,13.96
265625,14.91
255675,14.91
246293,15.05
246546,14.91
226856,14.91
80431,14.91
279502,15.48
298105,15.48
13599,14.91
219237,15.48
263927,15.05
131154,14.91
145920,14.91
269796,14.91
136197,15.48
296913,15.48
91342,15.13
5536,14.91
46970,14.91
69447,15.48
171513,14.91
182110,15.05
229080,15.48
57580,14.91
47395,14.91
72934,14.91
133047,14.91
97447,14.91
298423,15.48
81845,14.91
110927,14.91
179138,15.48
20990,14.91
280470,13.96
191651,15.05
178723,15.09
257149,13.96
101901,14.91
117613,14.91
887,14.91
247488,15.48
273188,14.91
232968,14.91
195756,14.91
67669,14.91
67241,15.48
132395,14.91
204192,15.48
130382,14.91
140765,15.48
87659,14.91
177967,15.48
251683,14.91
268445,14.91
192085,14.91
5819,14.91
254807,15.48
200747,13.96
272360,14.91
138960,14.91
27541,14.91
23377,14.91
181459,15.05
83414,15.05
11224,15.13
192069,14.91
122080,14.91
135849,14.91
132331,14.91
135092,15.48
42972,14.91
231079,14.91
123370,14.91
160469,14.91
183325,14.91
223344,13.96
151900,15.05
100168,14.91
31028,14.91
51131,14.91
294708,14.91
8587,14.91
215675,15.48
17410,15.13
25313,14.91
238926,14.91
212472,14.91
78463,14.91
43891,14.91
22928,14.91
49494,14.91
84041,14.91
194752,14.91
92098,14.91
124072,15.48
88737,14.91
222178,15.48
62320,14.96
266141,14.91
69507,15.48
101381,14.91
142593,14.91
226452,15.48
223230,14.91
31382,14.91
7555,14.91
282366,14.91
223865,15.48
163379,14.91
3157,15.48
269197,15.48
281080,15.05
92419,15.48
198289,14.91
295070,13.96
51706,14.91
224340,14.91
228013,14.91
115910,14.91
143226,14.91
61961,14.91
158278,14.91
134142,15.48
283846,15.48
134138,15.48
54284,15.48
254884,14.91
93441,14.91
152995,14.98
160404,14.96
84711,14.91
91072,15.48
205510,14.91
245199,15.05
271443,14.91
266630,14.91
95701,13.96
72283,14.91
196285,14.91
241155,14.91
227904,14.91
229583,14.91
103142,14.91
260355,14.91
114251,14.91
9947,14.91
182692,14.91
257251,14.91
243963,15.48
264222,15.05
172536,13.96
204747,14.91
92993,15.48
192548,15.48
281529,15.48
102789,15.48
181512,15.48
227268,13.96
258827,14.91
214842,15.48
195977,14.91
225127,15.48
207690,15.48
78240,15.05
118022,14.91
150874,14.91
188679,14.91
245211,15.48
19722,14.91
45351,14.91
36452,14.91
295959,15.48
259953,14.91
20366,14.91
72949,14.91
248953,14.91
129145,14.91
74132,15.05
87320,15.48
197300,15.48
82511,14.91
52753,15.48
24503,14.91
80648,15.05
1773,14.91
70590,15.05
133436,15.13
225871,14.91
271290,15.48
29600,14.91
210096,14.91
223938,15.48
243926,15.48
281837,15.48
104935,14.91
233407,13.96
145119,14.91
137452,14.91
138528,15.48
152698,14.91
31816,14.91
299287,15.48
88123,14.91
76874,15.48
4712,15.48
86179,14.91
211939,15.48
290039,14.91
171108,13.96
36958,15.05
47874,14.91
98665,14.91
153080,14.91
203311,14.91
160075,13.96
94285,15.48
276576,14.91
47486,14.83
254447,15.48
197615,14.91
76056,14.91
40754,14.91
171546,14.91
241906,14.91
45051,14.91
183082,14.91
299306,15.05
155032,13.96
256129,14.91
23901,15.13
221871,14.91
126821,14.91
187044,14.91
91885,15.48
162253,14.91
125209,14.91
240707,14.91
75052,15.05
201150,14.91
195745,14.91
274562,14.91
154923,14.91
6758,14.91
97794,15.48
259977,14.91
7821,15.05
191676,15.05
253701,14.91
231829,14.91
267615,14.91
145085,14.91
83971,15.12
37491,14.98
100626,14.91
253441,14.91
192899,15.48
88314,14.91
264351,14.91
178391,14.91
270349,14.91
267117,14.91
235085,15.48
242433,14.91
250179,14.91
88255,14.98
201024,14.91
159396,13.96
159022,14.91
37173,15.48
21302,13.96
269798,15.12
97114,14.91
153477,14.91
173984,13.96
43567,14.91
215637,14.91
223599,15.48
132416,15.48
296137,15.05
62943,15.48
204572,15.48
44259,15.48
292445,15.48
238357,14.91
121994,14.91
202554,15.13
36032,14.91
71868,14.91
7905,14.91
175043,14.91
219820,14.91
83899,14.96
254625,15.48
93082,15.48
195311,14.91
31577,13.96
211901,15.05
109735,15.13
186767,14.91
91540,14.91
160893,15.48
186314,14.68
5479,14.91
110594,14.91
136983,13.96
223,14.91
195907,14.91
289065,15.13
53161,14.91
198121,15.48
248031,14.91
118472,13.96
207711,14.91
276211,15.05
282645,13.96
85022,15.48
199125,15.48
118703,13.96
167173,14.91
163178,15.48
195122,14.91
83531,14.91
180489,14.91
153230,15.48
43233,14.91
174236,14.91
274812,14.91
22501,14.91
223045,14.91
21877,14.91
190859,14.91
58826,14.98
167825,15.13
61978,14.91
137683,15.48
53285,14.91
269770,14.91
111961,14.91
286611,14.91
58999,14.91
125488,15.48
295711,15.48
298934,14.91
47759,15.05
151525,14.91
20561,15.48
93719,15.12
122587,13.96
118063,15.48
113512,14.91
136392,15.48
132966,14.91
174959,14.91
245414,14.91
272563,13.96
67584,14.91
221356,15.48
255746,15.48
193747,14.91
130105,13.96
33424,14.91
40807,14.91
114236,14.91
325,15.05
41635,15.48
62205,13.96
273808,14.91
62926,14.91
77413,14.91
105500,14.91
202900,15.48
27282,14.91
40619,14.91
115337,15.48
252904,14.91
50816,14.91
269974,14.91
20421,14.91
43553,15.13
283907,14.91
36227,14.91
77247,15.48
7364,14.91
172122,14.91
260620,14.91
17353,14.91
209819,14.91
31559,14.91
235146,15.48
20771,14.91
270195,15.13
277735,14.91
158576,15.48
228540,14.91
237655,14.91
132516,13.96
265249,14.91
249067,15.48
202563,15.48
116409,13.96
111582,14.91
276382,14.91
102704,14.91
28505,14.91
145648,14.91
211771,15.48
223667,15.48
89618,14.91
265209,14.91
159618,14.91
74554,14.91
44800,15.48
277991,14.91
91164,15.48
51018,14.91
20701,14.91
166951,14.91
141876,15.48
4482,14.91
268845,15.48
167271,15.48
280632,15.48
32074,13.96
83771,14.91
123272,14.91
141541,14.91
275257,14.91
105413,14.91
58758,14.91
294217,14.91
277609,14.91
99324,15.48
247068,15.48
197216,15.48
114313,15.48
101703,14.91
235148,15.48
188952,13.96
133427,13.96
283670,14.91
26684,14.91
188117,14.91
72438,14.91
88665,15.13
192621,14.91
65376,14.91
68320,14.91
117897,14.91
277205,14.91
279703,14.91
277738,14.91
291592,14.91
166450,15.48
287142,14.91
205853,13.96
263240,14.91
125232,14.91
123286,14.91
221976,14.91
231598,15.48
296077,14.91
146379,13.96
93306,13.96
58831,13.96
13650,14.91
102743,15.48
294183,14.91
146513,14.91
114347,14.91
288199,15.48
175164,15.13
105835,14.91
54024,15.13
171262,14.91
12594,14.91
128830,14.91
246394,14.91
206956,14.91
180542,15.48
134306,14.91
84877,15.48
61904,15.48
79014,14.91
277635,14.91
4439,14.91
271589,13.96
245674,15.48
42177,15.48
9077,14.96
14148,15.48
204776,14.91
72474,14.91
128804,14.91
257019,14.91
243586,14.91
1459,14.91
9861,14.91
11634,15.48
284803,14.91
99360,14.96
132235,14.91
156614,14.91
24729,15.48
208323,14.91
5553,14.91
123637,15.48
27605,14.91
228988,14.91
186791,14.91
79725,15.05
239648,14.96
61741,14.91
178861,14.96
227822,15.48
145964,14.91
90479,15.48
188789,15.48
165999,15.48
135901,13.96
52028,14.91
298560,14.91
13734,14.91
52091,14.91
249247,14.91
72033,14.91
122383,14.91
285101,15.48
191685,14.91
19251,14.91
283581,15.05
265173,14.91
21522,14.91
88738,14.91
48533,14.91
161903,15.48
167210,15.12
176501,14.91
97786,14.91
61168,13.96
85833,15.48
233589,14.91
181189,14.91
164766,14.91
209777,14.91
169369,14.91
18180,14.91
115796,14.91
227094,15.05
177760,14.91
224972,14.91
79259,15.13
99258,14.91
260500,14.91
181377,14.91
175005,15.48
237701,14.91
166220,15.48
62878,14.91
173659,14.91
127234,14.91
75978,15.48
239670,14.91
284395,15.13
82109,14.91
51074,14.91
16739,14.91
178530,14.91
207184,14.91
60797,14.91
171530,14.91
161629,14.91
66201,14.91
210352,14.91
206735,14.91
297523,13.96
289411,14.91
31573,14.91
148132,14.91
208330,15.48
6056,14.91
53728,15.48
261758,14.91
58771,14.91
242596,14.91
16284,14.91
245618,14.91
102723,15.48
156804,15.48
40953,15.48
40382,14.91
297266,14.91
286022,14.91
265670,14.98
139874,14.91
222249,15.05
128497,14.91
36380,14.91
76522,14.91
4187,14.91
275432,14.91
175194,14.91
291953,14.91
14916,14.91
269386,14.91
112510,15.48
106520,13.96
27692,14.91
104609,14.91
296379,14.98
87372,13.96
27710,14.91
77769,14.98
10573,14.91
135361,14.91
235781,14.91
40568,14.91
63242,14.91
34295,14.91
171532,14.91
217492,14.91
185591,14.91
174856,14.91
177431,14.91
289357,14.91
83165,15.48
49556,14.91
54825,14.91
55611,14.91
85854,15.48
110020,14.91
133986,14.91
85932,15.05
248720,15.48
173816,14.91
254887,14.91
176820,13.96
179967,14.91
297576,14.91
105591,14.91
274030,14.91
106652,15.48
65610,15.13
103375,14.91
204053,14.91
203871,14.91
160590,15.48
226732,14.91
9549,14.91
87613,15.48
207843,15.48
199827,14.91
233026,13.96
126208,14.91
170613,13.96
164409,14.91
51005,13.96
118967,14.91
238284,15.48
115580,14.91
98643,14.91
31100,15.48
295355,13.96
65933,14.91
283773,14.91
140211,14.91
291345,14.91
202217,14.91
13006,14.91
89362,15.05
72702,14.91
36800,15.48
176373,15.05
55589,15.48
81330,14.91
64490,14.91
130754,14.91
91884,15.48
256736,15.13
72681,15.13
206378,14.91
105104,14.91
71779,14.91
221728,14.91
29148,14.91
285727,15.48
203542,13.96
78648,14.91
151827,15.48
264304,14.91
266975,14.91
291994,14.91
158391,14.91
48247,14.91
85903,15.48
274315,15.48
161129,15.13
75687,15.48
155703,15.48
232566,14.91
99442,15.48
182516,14.91
220827,14.91
19960,14.91
20435,15.48
152466,15.48
92146,15.48
161923,15.48
37996,14.91
72483,14.91
292111,13.96
234691,14.91
197002,14.91
143818,14.91
148544,14.91
293527,14.91
279032,14.91
113152,15.48
265104,14.91
272740,15.48
262147,15.13
159502,14.91
149352,14.91
232990,14.91
25755,14.91
77026,15.48
70375,14.91
132445,14.91
3542,15.48
11742,14.91
291849,15.48
95644,14.91
79147,14.91
117623,14.91
98572,14.91
273984,13.96
97550,14.91
136768,15.05
5350,14.91
21712,14.91
124198,14.91
201056,14.91
102581,14.91
104806,15.48
121883,14.91
171738,15.05
188091,14.91
125268,14.91
109491,14.91
229186,13.96
85703,15.48
145894,14.91
294226,14.91
53156,14.91
239944,15.48
83532,15.48
296270,14.91
148501,14.91
285780,14.91
230997,14.91
157062,15.13
249168,14.91
22911,14.91
249562,14.91
217423,15.48
260409,15.12
198696,14.91
186897,14.91
222363,14.91
229301,14.91
279607,14.91
162184,15.48
24121,15.48
195574,14.91
175412,14.91
278350,14.91
16466,14.91
248820,14.91
293485,14.91
254003,15.48
240872,14.91
86083,14.91
288681,14.91
45245,15.48
252002,14.91
263528,15.05
40074,14.91
26181,15.48
77361,14.91
81041,14.91
130309,15.48
168460,14.91
127142,14.91
285979,14.91
5207,14.91
3122,14.91
39133,14.91
199184,14.91
161207,15.48
141196,14.91
11632,14.83
237805,14.91
40123,14.91
292953,14.91
42552,15.48
258647,15.48
115658,14.91
264575,14.91
182960,14.91
152656,15.05
97620,14.91
281682,15.05
99361,14.91
217939,15.48
52336,14.91
196716,15.48
294097,14.91
46686,14.91
205409,14.91
183223,14.91
213578,14.91
272881,14.91
131850,14.91
158720,14.91
34294,14.91
247073,15.48
198659,14.91
108523,15.48
236310,15.48
94679,15.13
65770,15.05
226766,14.91
58888,14.91
225405,14.91
34004,13.96
86785,15.48
200311,15.48
69003,14.91
171252,15.48
25877,14.91
154023,14.91
21043,14.91
142526,14.91
295128,15.48
292002,13.96
247158,14.91
256271,14.91
115741,15.48
43766,14.91
233809,14.91
55634,14.91
67024,14.91
144337,14.91
245212,14.91
54423,15.48
285600,14.91
255726,14.91
88363,14.91
69831,15.48
8536,14.91
33737,14.91
262027,14.91
137784,14.91
40085,15.48
145175,14.91
255225,14.91
195320,14.91
195460,14.91
252729,14.91
149104,14.91
89816,14.91
20823,14.91
138032,14.91
123959,13.96
38099,14.91
288593,14.96
207141,15.48
83001,14.91
10919,15.05
121421,14.91
222315,14.91
164494,13.96
147287,14.91
50694,14.91
103603,14.91
257303,15.48
179413,15.48
69193,14.91
123440,15.48
52585,14.91
80175,14.91
85826,15.48
278990,14.91
287108,14.91
55540,14.91
116245,15.05
63081,14.91
272585,14.91
68605,14.91
255428,15.13
224207,15.48
193445,14.91
168129,15.48
122611,14.91
94198,14.91
213949,15.48
282396,15.48
74824,14.91
71424,14.91
38342,15.48
10396,15.48
150690,15.48
135163,14.91
199650,15.05
227712,14.91
268414,14.91
111206,15.48
187726,14.91
240868,14.91
120655,14.91
86810,14.91
31106,14.91
222742,14.91
119294,14.91
209732,14.91
23909,15.48
86384,13.96
17759,14.91
574,15.13
200484,14.91
45122,14.91
220306,14.91
105026,15.48
159533,14.91
219929,13.96
266863,14.91
51814,14.91
128895,14.91
57302,15.48
169354,14.91
197523,15.48
109031,14.91
298138,14.91
254199,14.91
133413,15.48
62165,15.48
177493,15.05
225148,14.91
138753,14.91
250546,14.91
140378,15.48
185063,14.91
25071,15.48
23362,15.48
274782,14.91
240018,15.48
265326,15.48
164884,14.91
109790,14.91
46943,14.91
46436,14.91
212401,14.91
76702,14.91
288585,15.48
287934,15.12
213519,14.91
122548,15.48
20288,14.91
179450,15.48
120287,15.48
287435,15.48
35128,15.48
50164,14.91
242866,14.91
159670,14.91
164556,14.91
162231,15.05
235429,14.91
275842,15.48
49440,14.91
156309,14.91
5782,14.91
49567,14.91
9240,15.13
225655,14.91
296285,14.91
228962,14.91
29678,14.91
96236,14.91
195827,14.91
28459,14.91
103348,14.91
123931,14.91
184045,14.91
21329,15.13
60452,14.91
205131,14.91
145605,14.91
44404,14.91
165819,14.91
44330,14.91
147445,14.91
36699,15.48
256694,14.91
188030,15.48
229897,15.48
245090,14.91
262893,14.91
199408,15.13
262754,15.48
217377,14.91
149822,14.91
206997,14.91
266585,14.91
145504,14.91
152308,15.48
216099,15.48
111614,15.48
145188,14.91
137583,15.13
154953,14.91
22235,14.91
100869,15.48
101306,14.91
279863,14.91
196179,14.91
119733,14.91
99720,14.91
154654,15.48
181159,15.48
60866,14.91
218012,15.48
165027,15.48
285537,14.91
184013,14.91
105264,14.91
10437,15.48
296230,15.48
127587,14.91
80106,14.91
69213,14.91
235691,14.91
257319,15.48
188354,15.48
10900,14.91
1973,14.91
111965,14.91
142103,14.91
150777,15.48
66505,14.91
127757,14.91
258917,14.91
126354,13.96
247226,14.91
220761,14.91
99087,15.48
69748,14.91
261583,14.91
211008,15.48
184631,15.48
219714,14.91
223018,15.13
235124,14.91
175876,14.96
239876,15.48
63137,14.91
81232,14.91
192466,15.48
25372,15.48
59400,14.91
122227,15.48
25937,13.96
124542,15.48
139761,14.91
206489,15.48
215910,14.91
206304,15.48
276398,15.05
79826,14.91
277044,14.91
200468,14.91
163591,15.13
238031,14.91
283512,14.91
217624,15.48
58952,15.48
264063,14.91
270632,15.48
243201,13.96
184321,15.13
275661,15.48
116278,13.96
187427,14.91
291338,14.91
91311,14.91
209513,14.91
192587,15.48
265600,14.91
139541,15.48
28939,14.91
104608,14.91
2892,15.48
138275,14.91
78938,14.91
135416,14.91
260931,14.91
163779,14.91
72729,14.68
258196,14.91
220429,14.91
51267,15.48
153361,14.91
152933,14.91
61816,14.91
284796,14.91
15759,14.91
275748,15.48
10050,14.91
294347,14.91
112747,15.48
118204,14.91
181363,14.91
129849,14.91
58486,14.91
247108,14.91
196598,14.91
253834,14.91
106091,15.48
245619,14.91
123155,15.48
291425,14.91
55349,14.91
131493,15.48
30589,14.91
70972,14.91
13536,15.48
117318,14.91
218505,13.96
51552,14.91
258909,14.91
78830,14.91
126435,15.48
3386,14.91
196187,14.91
292405,15.48
47131,15.05
291695,14.91
59225,14.91
213524,13.96
66170,14.91
99448,14.91
168726,15.48
86177,14.91
99572,15.48
276806,15.48
193000,14.91
163831,14.91
48159,14.91
129012,15.13
136595,14.91
22008,15.48
63414,14.91
95586,15.48
160864,14.91
20400,14.91
8886,15.48
5632,14.91
78891,14.91
254821,14.91
19615,14.91
143439,14.91
155263,14.91
28658,14.91
115606,14.91
50770,15.48
147868,14.91
86223,15.48
53232,14.91
50782,14.91
212779,14.91
291922,15.48
223305,14.91
262712,14.91
282262,15.05
94084,14.91
121436,13.96
263778,15.48
137983,14.91
24031,14.91
64801,14.91
228958,13.96
176701,14.91
155393,15.12
114118,15.48
68640,14.91
58070,14.91
118670,14.91
44454,15.13
92964,14.91
54162,15.48
221621,13.96
195657,14.91
220933,14.91
211770,15.48
60118,14.91
105029,14.91
117760,14.91
260207,14.91
93597,14.91
111681,14.91
252027,15.48
233583,14.91
17010,14.91
123970,14.91
149327,14.91
291217,14.91
267959,14.91
91131,15.48
185287,15.05
19790,14.91
202943,14.91
213845,15.48
287148,14.91
182965,14.91
145761,14.91
214640,15.48
258017,14.91
116889,14.96
238225,14.91
258506,14.91
15882,14.91
206223,14.91
99447,14.91
153791,14.91
40723,14.91
220226,14.91
221663,15.48
14723,14.91
230835,14.91
193565,14.91
131695,15.05
131848,15.48
153339,15.05
26539,14.91
78271,14.91
75706,14.91
150419,14.98
29392,15.48
95821,14.91
19616,15.48
254700,14.91
176745,14.91
215176,13.96
101664,14.91
274648,14.91
227569,14.91
64139,15.48
146664,14.91
216648,14.91
154722,15.48
148253,14.91
255093,14.91
40871,15.48
173388,14.91
236419,14.91
151161,14.91
190798,15.48
107039,15.48
174029,15.48
241918,14.91
245442,15.13
55362,15.05
247423,13.96
100180,14.91
234313,14.91
172553,15.48
77260,14.91
28356,14.91
295119,14.91
229268,14.91
107745,14.91
38787,14.91
292029,14.91
210501,14.91
1106,14.91
292090,14.91
237205,14.91
162169,15.48
244911,14.91
180625,14.91
189397,14.96
241018,15.48
117898,14.91
89764,15.05
295559,14.91
145563,14.91
151597,13.96
295142,13.96
138549,14.91
6038,14.91
246373,14.91
292813,14.91
6953,15.48
227758,15.48
108485,15.48
204445,14.91
229341,14.91
160950,14.91
213560,14.91
261705,14.91
250015,15.48
165673,15.05
151622,15.05
287017,15.48
74727,14.91
182908,14.91
21028,14.91
15988,14.91
65086,14.91
250433,14.91
217293,15.48
22830,15.05
19929,14.91
41534,14.91
4967,14.91
77203,14.91
75922,15.48
19052,14.91
5568,14.91
213151,15.48
238672,14.91
34869,14.91
261153,14.91
46069,15.48
78892,15.48
32344,14.91
179758,14.91
146563,14.91
257814,14.91
262176,15.48
242068,14.91
214915,13.96
167802,14.91
147805,14.91
66648,14.91
218120,14.91
167701,14.91
262092,14.96
83028,14.91
95105,14.91
136476,14.91
142560,14.91
181287,14.91
214306,15.48
214424,13.96
149034,14.91
232230,15.48
184824,15.05
72383,14.91
130383,14.91
219865,14.91
152394,15.48
76057,14.91
66180,15.48
254891,14.91
30411,15.13
219474,13.96
198067,14.91
195143,14.91
30118,14.98
70863,14.91
274063,14.91
200247,14.91
277180,14.91
235274,15.48
174786,14.91
66604,14.91
195151,14.91
171910,14.91
164398,14.91
184941,15.48
178584,14.91
118000,14.68
165469,14.91
68426,14.91
79868,13.96
66855,14.91
137725,14.91
168786,14.91
105777,14.91
102037,14.91
75682,14.91
148011,14.91
288059,15.48
92687,14.91
194058,14.91
11784,14.91
249484,14.96
50872,15.48
12695,14.98
291470,13.96
112571,14.91
265004,14.91
280267,13.96
8733,14.91
147487,15.48
136916,14.91
3751,14.83
6761,15.48
27214,14.91
270261,14.91
9662,14.91
22444,14.91
109594,15.12
118794,14.96
253290,14.91
79392,14.91
213889,14.91
11376,13.96
282880,15.12
253002,15.13
146088,14.91
88442,15.48
154039,14.91
152516,15.48
2250,14.91
239120,14.91
224516,14.91
49502,15.48
162863,14.91
143646,14.91
53636,14.91
145652,14.91
122765,14.91
237372,15.48
128349,15.48
4161,14.91
269481,13.96
14436,14.91
41486,14.91
159809,15.05
266857,14.91
290741,15.05
103646,15.48
285698,15.48
253847,15.48
249346,14.91
284666,14.91
163376,14.91
2216,14.91
141495,15.05
45139,14.91
43513,15.48
290986,14.91
236427,13.96
102363,15.12
273397,14.91
121305,14.91
36766,14.91
278847,13.96
261065,14.91
135738,14.91
43437,15.48
237650,15.48
60926,14.91
56531,15.48
108955,14.91
290443,13.96
68712,14.91
10976,14.91
93850,15.05
161899,15.48
215328,15.05
7495,15.48
124035,14.91
211952,14.91
92401,14.91
60416,14.91
239386,14.91
36138,14.91
159223,14.91
86189,14.91
37024,15.48
177731,14.91
81052,15.48
176661,14.91
192510,15.48
2670,14.91
229659,14.91
269126,14.91
50592,14.91
195334,14.91
73075,14.91
53753,14.91
93401,15.48
282617,15.48
106103,14.91
284344,14.91
166003,14.91
63743,14.91
95068,14.91
266990,14.91
190336,15.48
120839,14.91
75148,14.91
200608,15.48
272646,15.48
257044,14.91
203081,14.91
247221,14.91
258862,14.91
287929,14.91
291304,15.48
65162,14.91
168521,14.91
41106,15.48
136888,14.91
3217,14.91
262705,14.91
29270,14.91
52454,14.91
151119,14.91
39378,14.98
207031,15.05
161496,14.91
78221,15.48
246676,14.91
198704,14.91
154487,15.48
169617,14.91
62548,15.48
33689,14.91
117005,14.91
44598,14.91
276639,15.12
151970,15.48
119855,15.05
70167,14.68
54292,14.91
105106,14.91
24421,14.91
255203,15.48
205909,14.91
84646,14.96
130833,14.91
249929,14.91
179451,13.96
170075,14.91
295506,15.05
12353,13.96
33908,14.91
8076,14.91
66144,14.91
205003,13.96
68698,15.13
234266,15.48
53346,14.91
193125,14.91
100576,14.91
71157,14.91
164798,15.48
160243,14.91
292016,13.96
287909,14.91
289805,13.96
224721,14.91
200362,14.91
28165,15.48
2217,14.91
53256,14.91
156032,14.91
11933,15.48
192410,14.91
279587,15.48
271182,14.91
125343,13.96
47192,15.48
185076,14.91
146040,14.91
194220,14.91
54439,13.96
230385,14.91
93536,14.91
209200,14.91
49172,14.91
163751,14.91
26021,15.48
38818,14.91
10476,15.48
284746,15.48
83468,14.91
95022,14.91
130611,15.48
61508,14.91
153835,14.91
295157,14.91
253678,14.91
55801,14.91
215018,14.91
257042,14.91
116821,15.48
209830,14.91
111590,14.91
172018,14.91
210572,14.91
158325,14.91
52398,14.91
84346,15.48
223535,14.91
37254,14.91
133235,15.48
70058,14.91
239551,15.48
294348,14.91
153092,14.91
245345,14.91
83074,14.91
222015,14.91
106627,14.91
67259,14.91
215559,14.91
58537,14.91
221415,14.91
179530,14.91
74795,14.91
263463,14.91
50617,15.48
89797,14.91
101076,14.91
135177,14.91
193030,14.91
238546,14.91
16003,14.91
280389,14.91
111260,15.48
155424,14.91
285357,14.91
142111,14.91
68692,14.91
232063,14.91
44774,14.91
24518,13.96
110520,14.91
105856,15.48
40877,14.91
24093,14.91
161058,15.48
63523,14.91
138881,14.91
222050,14.91
65843,14.91
17733,14.91
136965,15.48
105992,13.96
81189,14.91
14942,14.98
38206,14.91
289733,14.91
147323,14.91
283252,14.91
174325,13.96
11111,15.48
142806,14.91
41072,15.05
34556,14.91
6930,14.91
20137,14.91
216094,15.48
194183,14.91
115072,15.48
209847,15.48
115028,14.91
24285,15.48
41930,14.91
216432,14.91
189306,14.91
76666,14.91
103761,15.05
130660,15.48
7511,14.91
235396,15.48
223883,15.48
162376,14.91
21889,13.96
124858,15.48
289123,14.91
80693,14.91
64478,14.91
287713,14.91
276533,15.48
183373,14.91
168857,14.91
164275,14.91
80296,14.91
116815,15.48
211207,15.48
146454,14.91
67358,14.91
286792,14.91
95160,15.48
80777,14.91
217197,13.96
276606,15.48
31325,14.91
221856,14.91
205345,15.05
141825,14.91
160096,14.91
232633,14.91
182667,14.91
262038,14.91
152690,14.91
38260,14.91
297466,14.91
14363,15.48
235971,15.48
218604,14.91
172320,14.91
171659,14.91
192473,15.48
198932,15.12
3035,14.91
243770,14.91
77528,15.48
197954,15.48
85425,14.91
92524,14.91
37650,14.91
56686,15.48
207117,15.48
298870,15.48
133483,14.91
244111,14.91
165007,13.96
148212,14.91
179520,15.48
35368,14.91
164826,15.48
68804,14.91
7272,13.96
229505,14.91
5971,14.91
46358,14.91
28984,14.91
149201,14.91
282301,14.91
101567,14.91
253412,15.05
58617,14.91
25124,15.05
86770,14.91
245100,14.91
126109,13.96
289923,14.91
86611,14.91
140493,15.48
85050,14.91
63444,14.96
24782,15.48
267680,14.91
287517,14.91
84013,15.48
264045,14.91
220101,14.91
234012,14.91
37214,14.91
224758,14.91
213226,14.91
274687,14.91
78181,14.91
136549,14.91
270264,14.91
240147,14.91
183708,13.96
250206,15.48
283040,15.48
17261,14.91
273064,14.91
102002,14.91
276791,15.12
83724,14.91
190318,14.91
205813,14.91
162258,14.91
232237,14.91
120149,14.91
72358,14.91
76093,14.91
137298,14.96
238134,14.91
156233,13.96
30666,15.48
284792,14.91
172315,14.91
70539,14.91
13553,14.91
67618,14.91
38880,14.91
262822,15.48
106926,14.91
261255,15.13
126323,15.48
182682,14.91
209995,14.91
260523,14.91
137426,14.91
227736,14.91
191378,15.48
25558,14.91
40509,13.96
209249,14.91
141464,14.91
32391,14.91
142436,14.91
103270,15.05
289299,14.91
289020,14.91
294565,15.48
280364,14.91
231068,14.96
287788,14.91
101590,15.48
153071,14.91
185990,14.91
287229,14.91
12646,14.91
208766,14.91
292497,13.96
127669,14.91
123444,14.91
249028,14.91
260108,14.91
143699,14.91
123733,14.91
107390,14.91
2962,14.91
264668,14.91
206076,15.48
31720,14.91
104182,13.96
142737,14.91
143394,15.48
189259,15.05
289548,14.91
15886,14.91
194139,14.91
264301,14.91
276757,15.05
112004,14.91
230719,14.91
169595,14.91
232,14.91
279470,14.91
205395,14.91
225263,14.91
21781,14.91
284797,14.96
47988,15.48
148902,14.91
279991,14.91
41357,14.91
254247,15.48
164863,13.96
197950,13.96
59562,14.91
134743,14.91
291509,15.48
66811,14.91
93011,15.48
110235,15.48
69788,14.91
179833,14.91
293000,14.91
198640,14.91
47390,14.91
133764,14.91
201105,15.48
96676,14.91
34769,14.91
245524,14.91
254381,15.48
116199,14.91
134213,14.91
204098,15.48
165625,14.91
73423,14.91
267205,13.96
272606,14.91
274724,14.91
71996,14.91
164402,14.91
249427,15.13
270515,14.91
28910,14.91
263338,15.48
171498,14.91
247047,14.91
212108,14.91
102922,15.48
108456,15.48
216255,14.91
108596,15.48
147573,15.48
263125,15.48
142085,14.91
104418,15.05
187698,14.91
75087,14.91
82836,14.91
221659,15.48
145374,14.91
33247,14.91
83486,14.91
283682,14.98
21339,14.91
892,15.48
265700,14.91
121489,15.48
157967,15.48
194061,15.05
47326,15.05
221308,14.91
299412,15.48
145525,14.91
38735,14.91
173975,14.91
222466,14.91
3470,15.48
275555,13.96
125956,14.91
216462,14.91
30649,15.05
69158,15.48
56677,15.48
174156,14.91
46477,14.91
291756,14.91
284216,15.12
171667,14.91
287875,14.91
25451,14.91
243006,14.91
38811,14.91
292272,14.91
110979,14.91
181882,14.91
48629,14.91
6870,15.12
153407,14.98
261791,14.91
266646,14.91
83801,14.91
282305,15.48
177139,14.91
47698,15.48
213590,14.91
3187,14.91
176028,14.91
211368,14.91
159839,15.13
156480,14.91
194924,14.91
133326,14.91
225555,15.48
190153,14.91
91263,14.91
132353,15.05
211234,15.48
255567,15.48
141369,14.91
156236,14.91
240492,14.91
67314,14.91
76408,14.91
156420,15.48
185060,15.48
138704,14.91
79028,14.91
228062,14.91
280324,15.12
83058,14.91
274527,14.91
88394,15.48
98721,14.91
250914,15.48
290063,14.91
221156,14.91
287942,14.91
7237,15.48
222618,15.48
86734,14.91
219811,14.91
84141,15.48
267567,15.48
175253,15.05
177859,14.91
282598,14.96
119412,14.91
97403,15.48
109785,14.91
167638,14.91
210499,13.96
35899,14.91
228471,14.91
294742,14.91
212966,14.91
163101,15.48
81818,14.91
88908,14.91
3914,14.91
123592,14.91
198902,13.96
217495,14.91
297019,15.48
46295,15.48
225213,14.91
132384,14.91
27392,15.48
240800,14.91
122971,14.91
119087,15.48
107885,14.91
142335,14.91
124973,15.48
264685,14.91
152968,14.91
139247,14.91
18385,14.91
5721,15.48
299033,14.91
181629,15.48
291566,14.91
123188,14.91
289277,14.91
25862,15.48
73280,14.91
177999,15.48
88916,14.91
220063,15.48
19511,14.91
266601,14.91
142938,14.91
13011,14.91
204934,15.13
231377,15.48
178852,14.91
268699,15.48
265768,14.91
272861,15.48
219352,14.91
226308,15.48
193608,14.91
194347,14.91
297411,15.48
122192,14.91
217332,14.91
166614,15.48
221771,14.91
96075,15.48
59763,14.91
112641,15.05
135080,14.91
113774,14.91
251020,14.91
182605,15.48
153312,14.91
228705,14.91
28421,13.96
191197,14.91
22156,14.91
32411,14.91
94079,14.91
83125,14.91
256779,14.91
54887,15.48
191527,14.91
180305,14.91
193288,14.83
142988,15.12
208240,14.91
144406,14.91
36678,15.48
81475,14.91
235218,15.48
231540,14.91
245239,15.48
101659,15.48
209425,14.91
165045,14.91
203802,15.48
234088,14.91
216,14.91
55255,14.91
29081,14.91
195521,14.91
34492,15.48
180127,15.48
45357,14.91
51239,14.91
283859,13.96
277302,15.48
73208,13.96
148844,14.91
176499,15.05
79628,14.91
124865,14.91
33795,14.91
121444,14.91
61988,14.91
268120,15.48
42797,15.05
228217,15.12
206431,13.96
183689,15.05
80179,14.91
185925,15.48
51238,14.91
243505,14.91
225867,14.91
42732,14.91
204622,14.91
119101,14.91
108863,15.48
155195,15.48
9294,14.91
195548,14.91
86914,15.48
69159,14.91
188977,14.68
19225,14.91
84122,14.91
294936,14.91
129563,14.91
145098,14.91
153156,14.91
75738,15.48
192065,14.91
153003,15.48
10126,15.48
143491,14.91
169726,14.91
63698,14.91
251097,15.48
86029,14.91
146357,15.48
6215,14.91
185482,14.91
21610,14.91
23364,14.91
134536,15.48
220624,14.91
110974,14.91
34380,14.91
287346,14.91
251268,15.48
141568,14.91
72906,14.91
206356,14.91
141314,14.91
104356,14.91
71864,14.91
262977,14.91
135497,14.96
199142,14.91
238000,14.91
159348,14.91
19,14.91
129266,14.91
242007,14.91
132221,14.91
35567,14.91
105405,14.91
167098,15.13
141080,15.12
247932,14.91
182335,14.91
126769,15.12
4153,14.91
41504,14.91
135743,15.48
122164,14.91
297465,14.91
100254,14.91
238651,15.48
152821,14.91
253196,14.91
45283,15.48
274818,15.48
180656,14.91
221146,14.91
23348,14.91
82515,15.48
91546,14.91
192710,15.05
229626,14.91
93164,14.91
58858,14.91
117880,15.12
271292,15.48
34508,14.91
246950,13.96
122429,14.91
448,14.91
210235,14.83
128205,15.13
105249,15.48
160925,15.48
73865,14.91
266319,15.48
69254,15.48
166372,15.48
43568,14.91
231040,14.91
118567,14.83
54241,15.48
26787,14.91
33590,14.91
293836,14.91
204060,14.91
221406,14.91
185125,14.91
95772,14.91
42468,13.96
171167,14.91
75049,15.48
42428,14.91
1092,14.91
204252,14.91
143033,14.91
19388,14.91
170456,14.91
63297,14.91
261286,14.91
65379,14.91
36426,14.91
117252,14.91
112331,14.91
244881,14.91
109929,14.91
172448,14.91
14501,15.48
134109,14.91
217009,13.96
149473,14.91
220200,15.48
207224,15.05
168653,14.91
5599,14.91
8124,15.48
265299,14.91
293512,14.91
281468,14.91
114205,14.91
289049,14.91
236096,14.91
219312,15.48
289623,14.91
217451,13.96
246320,15.05
133338,14.91
294291,14.91
62058,14.91
8723,14.91
226004,14.91
72290,14.91
278975,14.91
255639,14.91
100465,14.91
174090,15.05
265390,14.98
230854,15.48
220945,14.91
91578,14.91
51855,14.91
221769,14.91
176446,14.91
191427,14.91
197090,15.48
125637,14.91
152746,15.05
256909,13.96
203595,14.91
171433,14.91
257932,15.48
230621,14.98
211035,15.05
292442,14.91
110030,14.91
179263,15.05
139611,14.91
41725,15.48
131032,15.48
176532,15.48
26999,14.91
149565,14.91
160057,14.91
287002,14.91
9125,15.48
43155,14.91
185006,14.91
198427,14.91
98395,14.91
246292,14.91
109588,15.48
214452,14.91
40851,14.91
1551,14.91
34738,15.48
139007,15.48
210807,14.91
61506,15.12
97557,15.48
112844,14.91
144823,13.96
33912,15.48
131124,14.91
189964,14.91
130387,14.91
175801,15.12
170449,14.91
212232,14.91
78052,14.91
131069,13.96
298020,14.91
65344,14.91
226784,14.91
114188,14.91
236434,14.91
42945,14.91
77611,14.91
49389,15.48
103789,14.91
164623,15.16
9788,15.48
175049,14.91
10807,14.91
241136,14.91
255100,14.91
10502,15.48
118609,14.91
198864,15.48
199342,15.13
208189,14.91
41047,14.91
268997,14.91
133442,15.48
162813,13.96
174269,15.48
276884,14.91
119647,15.48
73938,14.91
57199,14.91
98356,14.91
131729,15.48
110994,14.91
279210,14.91
297322,13.96
270859,14.91
287993,14.91
287963,14.91
297478,13.96
164216,14.91
136484,14.91
15326,14.91
81870,15.05
3698,14.91
119481,14.91
297968,14.91
160420,14.91
235645,14.91
66452,14.91
55242,15.48
251499,14.91
278996,14.91
295572,14.96
157101,15.48
190357,14.91
187389,15.48
235308,15.48
108560,15.48
238169,14.91
148994,15.48
162768,15.48
78716,14.91
132297,15.48
221320,15.05
204176,14.91
2593,14.91
11524,15.48
45241,15.48
199805,14.91
61105,14.91
225083,14.91
123692,14.91
34971,15.48
89125,14.91
55088,14.91
58311,14.91
150513,15.48
141685,15.48
210867,15.48
158593,14.91
23975,15.05
104265,15.48
244966,15.48
30119,15.13
276832,14.91
51613,15.05
250409,14.91
183465,15.13
278206,15.48
88238,14.91
47971,15.48
115401,15.48
170023,14.91
237544,14.91
176337,15.48
153679,15.48
250534,14.91
263231,15.48
101128,15.13
130271,15.13
122809,14.91
26348,14.91
145456,14.91
273410,14.91
59132,15.48
110280,14.91
75732,14.91
46521,15.48
206396,14.91
238121,14.91
196785,14.91
39907,14.91
271547,14.91
227753,14.91
151060,15.48
54102,14.91
31435,14.91
284858,14.91
57355,15.48
282361,14.91
174249,15.48
194959,14.91
163970,13.96
203343,15.48
214654,15.48
184968,14.91
10634,14.91
124700,14.91
252183,14.91
55869,14.91
6677,14.91
7793,14.91
287785,15.48
198052,15.48
180260,14.96
243727,15.48
210730,14.91
187881,15.48
239704,14.91
63826,15.48
95887,15.48
123144,14.91
108434,15.48
117877,14.91
127374,14.91
277313,14.91
181553,15.05
284149,14.96
11495,15.05
57886,15.48
148300,14.91
50564,14.91
241651,14.91
37674,14.91
545,15.48
65592,14.91
284006,14.91
289783,14.91
239166,14.91
201989,15.48
188976,14.91
89482,14.91
262068,15.48
214844,14.91
67116,14.91
51329,14.91
45170,15.48
223473,14.91
144768,15.05
145038,14.91
129427,15.05
213712,14.91
252973,15.48
27780,14.91
11159,15.05
115274,14.91
177909,14.91
227522,14.91
19817,14.91
230805,14.91
286974,15.48
47635,14.91
9089,15.48
83610,15.05
149589,14.91
212838,14.91
22960,15.05
231,14.91
274294,15.48
33773,14.96
3675,15.05
48512,15.48
3843,14.91
29315,14.91
89656,14.91
23872,15.48
252227,14.91
243602,14.96
113051,15.48
276930,15.13
85407,14.91
133526,14.91
6179,15.48
230828,14.91
213747,14.91
249085,14.91
125044,14.91
250879,14.91
70482,14.91
242789,14.91
203394,14.91
236800,14.91
238632,14.91
288525,14.91
19224,14.91
287690,14.96
83107,15.48
213985,14.91
198370,15.48
228373,15.12
165728,14.91
113841,14.91
212608,14.91
165850,14.91
46131,14.96
143241,14.91
116006,14.91
5159,14.91
3138,15.48
234,15.48
107873,14.91
148296,14.91
193927,15.05
194124,14.91
185309,15.48
56834,14.91
141095,14.91
100905,14.91
62402,15.48
113409,14.98
172325,15.05
65777,15.48
118146,15.48
181539,15.48
193037,15.13
217611,14.91
237022,13.96
101627,14.91
153356,14.91
55353,14.91
12596,14.91
156047,14.91
258830,14.98
94072,14.91
104017,14.91
154399,14.91
236687,14.91
46487,14.91
216918,14.91
5444,14.91
199592,14.91
85980,14.91
211425,14.91
38746,14.91
26841,13.96
266122,14.91
80801,15.13
119743,14.91
154471,14.91
175036,14.91
151892,15.13
233764,15.13
160530,15.12
147551,15.48
218668,14.91
154776,15.05
182139,15.48
82994,15.48
101374,14.91
122463,14.91
14294,14.91
176867,14.91
17231,14.91
86985,14.91
281314,14.91
277618,14.91
168531,14.91
87926,14.91
250805,15.13
64756,15.48
160710,14.91
145494,14.91
107247,15.48
264888,14.91
11353,14.91
152206,15.48
104330,14.91
190166,14.91
126260,14.91
102305,14.91
8982,14.91
41939,14.91
89511,14.91
134328,14.91
170615,14.91
179410,15.05
231765,14.91
608,14.91
251727,14.91
141586,15.48
58594,15.48
164457,14.98
179973,14.68
200748,14.91
136210,14.91
41892,14.91
21241,14.91
136374,14.91
49339,15.48
158392,15.48
4223,14.56
42734,15.48
38419,14.91
212147,15.48
100638,14.91
4096,14.91
3602,14.96
28288,14.91
235046,14.91
111181,15.05
198011,14.91
129045,14.91
237163,14.91
31088,14.91
121212,14.91
69120,15.48
173572,13.96
130370,14.91
227104,15.13
291784,14.91
35629,14.91
269721,14.91
230768,15.48
184421,14.91
240600,14.91
250559,14.91
75624,15.05
207802,15.48
176025,14.91
247146,15.48
158634,14.91
110681,14.91
39537,14.91
211953,14.91
259523,14.91
10175,14.91
153528,14.91
11927,15.48
103424,15.48
36018,14.91
77333,15.05
102209,15.48
287352,15.05
297415,14.91
125400,14.98
171781,14.91
148498,14.91
198838,15.48
92356,14.91
27948,14.91
289699,14.91
85895,14.91
175394,14.96
201052,15.48
267366,14.91
207657,15.48
244410,14.91
11016,14.91
81617,14.91
140653,14.91
83451,14.91
174685,14.91
73929,14.91
170920,14.91
257799,15.05
139127,14.91
37622,14.91
192358,14.91
128272,15.48
97914,15.48
165120,14.91
159498,14.91
211190,15.48
162214,15.48
186865,14.91
20343,14.91
167432,14.91
98711,15.48
235473,15.48
38446,14.91
233130,14.91
144741,15.13
25304,15.05
43882,15.48
250169,14.91
18890,14.91
245713,15.48
287237,14.91
113860,15.48
265938,14.91
3513,15.05
27333,14.91
29998,15.48
90275,14.91
91039,14.91
93897,14.91
288321,14.91
9811,14.91
114490,14.91
5080,14.91
124457,15.48
150145,14.91
283566,15.05
135840,14.91
97313,15.48
264771,14.91
108798,14.91
20321,14.91
56308,14.91
169567,15.48
83408,15.13
123951,13.96
958,14.91
226870,14.68
267707,14.91
61790,15.48
195863,14.91
126197,15.13
137310,15.48
70723,14.91
124802,14.91
6326,15.48
242483,14.91
202288,14.91
153265,15.05
175430,14.96
271488,15.48
108519,15.48
110864,14.91
100606,14.91
172383,15.48
33625,15.05
158963,14.91
237034,14.91
291976,14.91
134037,15.13
83097,15.48
20168,14.91
242761,14.91
52466,14.91
254193,15.13
43124,15.13
143420,15.48
130226,14.91
258252,14.91
246350,15.05
13823,15.05
60989,14.91
94468,15.48
283974,14.91
150604,14.91
254446,15.48
201488,14.91
154322,15.48
184259,14.91
168033,14.91
21633,13.96
53044,14.91
124412,14.91
186294,14.91
263172,14.91
270670,14.91
61643,14.91
296189,14.91
112442,14.91
11793,15.48
207717,14.91
164487,14.91
207046,14.91
91695,14.91
10505,14.91
70664,14.91
6549,15.48
191029,15.48
106280,14.91
12801,15.13
27040,14.91
5931,14.91
272042,14.91
48793,14.98
221219,14.91
96791,15.48
113002,15.48
195624,14.91
115857,15.48
146557,14.91
229426,14.91
16308,15.48
277297,15.48
74140,14.91
194670,15.13
141486,14.91
208791,14.91
22720,14.91
269876,14.91
140677,14.91
224515,14.91
62502,14.91
101122,15.48
227868,14.91
163029,14.91
145432,15.48
198726,15.48
97574,14.83
181612,15.48
95632,13.96
283450,15.13
48145,15.13
56968,14.91
26820,14.91
76685,13.96
87862,15.48
142897,14.91
192330,15.48
169959,15.48
104303,15.05
90948,14.91
44398,14.91
253430,14.91
43689,15.48
272151,15.48
94100,14.91
40527,15.48
63447,15.48
139747,14.91
218891,14.91
110492,14.91
279845,14.91
93170,15.05
81578,14.91
134262,13.96
249896,14.91
213180,14.91
67,14.91
283990,14.91
99668,15.48
34832,14.91
37834,14.91
145611,14.91
131886,15.48
247698,15.48
274239,14.91
132572,15.48
100886,13.96
95929,14.98
282792,15.05
293958,14.91
51854,14.91
204939,14.91
149339,14.91
57599,14.91
14113,15.48
30426,14.91
226785,14.91
57414,14.98
246694,14.91
192496,15.48
5045,14.91
151952,15.13
243208,14.91
247782,14.91
10446,15.05
81454,14.91
187571,13.96
269408,14.91
1890,14.91
209790,14.91
1455,14.91
208900,15.05
52009,14.91
222961,14.91
231761,15.48
23854,14.91
213412,14.91
235687,14.91
208011,14.91
290553,15.05
117685,14.91
211203,15.48
28878,14.91
168078,14.91
177457,15.48
79114,14.91
23135,14.91
172030,14.91
291603,15.48
7764,14.91
98295,14.91
2435,14.91
212870,14.91
211085,14.91
111270,14.91
140087,15.48
25300,15.48
143717,14.91
280302,14.91
241592,15.48
161672,15.48
38289,14.91
203522,15.48
129666,14.91
142663,14.91
123499,14.91
20649,14.91
158589,14.91
63215,14.91
42030,14.91
135533,14.91
198471,14.91
11028,15.48
277486,14.91
107036,14.96
68475,15.12
166888,14.91
64181,14.91
108754,14.91
167114,14.91
268499,15.48
256070,15.48
219530,14.91
132322,14.91
97506,14.91
232979,14.91
134850,14.91
145214,14.91
37246,14.91
298682,14.91
44072,15.48
257633,14.91
74101,14.91
185888,14.91
138210,15.48
241516,15.48
274913,14.91
56316,15.48
89220,14.91
159200,14.91
181811,14.91
100284,15.48
81519,14.91
152603,15.05
70818,14.91
251016,15.13
44610,14.91
36528,15.05
187329,14.91
259064,15.12
115048,14.91
93653,14.91
275874,14.91
212640,15.48
143388,14.91
212201,14.91
280836,14.91
249861,14.91
24192,14.91
259,14.96
143478,15.48
114402,15.48
298605,14.91
20300,14.91
104665,13.96
74950,14.91
28586,14.91
159869,14.91
158015,14.91
75021,15.13
11573,14.91
99070,14.96
79331,15.48
133484,13.96
285261,14.91
165560,15.48
1823,14.91
141189,14.91
203972,14.91
206436,13.96
39983,14.91
190175,14.91
6621,14.91
46784,14.91
49914,14.91
100026,15.48
213498,15.48
152241,15.48
264263,14.91
44664,15.13
210312,14.91
124429,15.48
29396,14.91
235057,14.91
276419,14.91
190614,15.05
274675,14.91
254123,15.48
102646,14.91
179990,14.91
163493,14.91
45694,13.96
65976,15.48
261640,13.96
74010,13.96
151552,14.91
298271,15.48
261661,14.91
94588,13.96
188463,14.91
257976,14.91
13055,14.91
913,14.91
194484,14.91
289455,14.91
126997,15.48
235689,14.91
183327,15.48
145635,14.91
21720,14.91
9512,14.91
77335,15.12
150536,14.91
246780,14.91
110258,14.91
296577,14.96
220442,14.91
174920,15.48
40106,14.91
228221,15.48
83987,14.91
275451,14.91
72542,14.91
97479,14.91
297681,15.05
291879,15.05
165094,14.91
211262,15.13
204308,14.91
15406,14.91
179771,15.48
265160,15.48
29100,14.91
112107,14.91
275032,14.91
17048,14.91
161384,15.48
168124,14.91
134532,14.91
235932,14.91
37907,14.91
109787,15.48
215865,15.48
287868,15.48
134279,14.91
86276,14.91
217680,14.91
27083,15.13
145929,14.91
72248,15.48
270139,15.48
86145,14.91
70979,14.91
140352,14.91
294829,14.91
288140,14.91
50710,15.48
25966,15.48
10104,14.91
278261,13.96
24656,15.48
253945,14.96
252705,14.91
200782,14.91
240990,15.48
153453,15.48
180349,14.91
117430,14.91
54155,14.91
90111,15.48
86969,14.91
170500,14.91
42721,14.91
181752,14.91
288008,14.91
107435,14.91
135440,15.48
249746,14.91
261211,15.48
293440,15.48
121428,14.91
124592,14.91
190213,13.96
187455,15.48
297574,14.91
289246,14.91
148268,14.91
201971,14.91
93856,15.05
231740,15.48
44084,14.91
42846,14.91
93022,15.13
198429,14.91
81518,14.91
89429,14.91
177613,14.91
289371,14.91
47919,14.91
203050,15.48
90519,15.13
208856,14.91
10076,14.91
185619,14.96
52143,15.13
67750,14.91
298784,14.91
224590,15.48
251741,14.91
201361,14.91
222564,14.91
145971,14.91
240901,14.91
56852,14.91
241379,14.91
48465,15.48
191016,15.48
293050,14.91
21013,14.91
255381,14.91
43299,14.91
108196,14.91
108805,15.48
843,14.91
231337,14.91
155306,14.91
272291,14.91
127377,15.05
206600,13.96
169477,14.91
64276,15.48
285135,15.48
254297,15.48
183621,14.91
113887,14.91
296768,15.13
110626,14.91
66321,14.91
48205,14.91
121240,14.91
183150,15.48
278162,14.91
195862,14.91
102697,15.48
13739,15.48
35791,14.91
71811,14.91
48287,15.48
57297,14.91
16849,14.91
68068,14.91
199314,14.91
86316,14.91
162808,14.91
280100,13.96
1209,14.91
253510,13.96
100932,14.91
80884,14.91
211191,15.48
263977,14.91
126423,14.91
79077,14.91
178161,14.91
217932,14.83
229554,14.91
153614,14.91
171375,15.48
235853,14.91
95505,14.91
275655,14.96
26543,14.91
76419,14.91
175011,15.48
45703,15.05
110530,14.91
40902,14.91
209082,15.48
59201,14.91
295924,13.96
121395,15.48
196814,14.91
10159,14.91
242085,14.91
221814,14.91
231169,15.05
121320,14.83
253234,14.91
156886,14.91
269069,15.48
174647,13.96
42043,14.91
70183,14.91
106557,14.91
220005,14.91
132996,14.91
205920,14.91
281528,15.48
279194,14.91
178254,13.96
92771,14.91
144122,15.48
287468,15.05
105991,14.91
156678,15.48
255690,15.05
141987,14.91
277894,13.96
122520,14.91
139348,14.91
257793,15.05
23047,15.48
209911,15.48
207766,14.91
137389,14.91
18678,14.91
127242,15.05
103141,13.96
171046,14.91
237960,14.91
180220,14.91
173355,14.91
60037,14.1
20038,14.91
48284,14.91
57587,15.48
277500,14.91
217634,15.48
93136,14.91
289396,14.91
244747,14.91
86164,14.91
153993,14.91
89274,13.96
133435,14.91
94168,14.91
190329,15.48
254379,15.48
219039,15.48
145482,14.91
44623,15.48
52396,14.91
28552,14.91
277881,14.91
230732,15.48
11102,14.91
130868,13.96
212255,15.48
25826,14.91
80920,15.48
39430,14.96
38010,14.91
75875,15.05
181328,15.48
193330,14.91
265546,14.96
23575,14.91
74528,14.91
247597,14.91
118019,14.91
70655,14.91
12215,14.91
264895,14.91
86044,14.91
98815,14.91
261094,15.48
144096,14.91
183090,14.91
262216,14.91
84314,14.91
76955,14.91
270598,14.91
149810,14.91
56109,14.91
217349,14.91
177371,14.91
63318,14.91
24652,14.91
248534,14.91
168631,14.91
14189,15.48
189298,14.96
161930,14.98
51642,14.91
230120,14.91
153672,14.91
254705,14.91
220574,14.91
118957,14.91
181550,14.91
181312,14.91
231270,15.48
94855,14.91
61324,15.48
229744,14.91
233212,14.83
293204,14.91
274861,14.96
238834,13.96
13930,14.91
65346,14.91
258636,14.96
235725,15.48
159284,14.91
130329,14.91
62430,14.91
200137,14.91
178437,15.48
63720,14.91
182587,15.48
83593,15.48
190877,14.91
2790,15.48
224616,14.91
114361,15.48
293918,15.48
38867,14.91
223024,14.91
298912,14.91
115178,15.05
182186,15.48
112195,15.48
198699,14.91
156936,14.91
96780,15.48
235309,14.91
151807,14.91
94373,14.91
161620,15.48
231781,15.48
216744,14.91
70470,14.91
247309,14.91
53890,14.91
138844,14.91
63172,14.91
75640,14.91
172083,15.48
25550,15.48
197248,14.91
158172,14.91
229693,14.91
6944,15.05
232869,13.96
296208,14.91
83160,14.91
92703,14.91
2293,14.91
135263,14.91
182313,15.48
191218,15.13
6103,14.91
217306,14.91
141166,14.91
285040,14.91
11255,14.91
248718,14.91
260308,15.48
199183,14.91
64949,14.91
219550,15.48
58328,14.91
205974,15.48
241463,15.48
120714,14.91
251991,14.91
124409,14.91
272503,15.05
81628,14.91
144293,14.91
264255,15.05
208935,14.91
55001,15.48
97997,14.91
187755,14.96
39373,14.91
72251,15.48
82830,14.91
222872,15.48
7078,14.91
206454,15.48
133581,14.91
209261,14.91
62618,15.48
51113,15.13
77270,14.91
243043,14.91
286918,14.91
196746,15.48
27009,14.91
71445,14.91
230013,14.91
4955,14.91
204124,14.91
143943,14.91
96406,14.91
244323,14.91
10353,14.91
252541,15.48
212759,14.91
8779,14.91
171067,14.91
81084,14.91
247373,14.91
241840,14.91
163925,14.91
81964,14.91
187472,15.48
201687,13.96
105953,15.48
95615,14.91
250394,15.05
172078,15.48
122608,14.91
40668,15.48
115144,14.91
117000,14.91
80614,14.91
129658,14.91
56957,14.91
215612,15.48
253064,14.91
70277,14.91
157319,15.48
50403,14.91
293388,14.91
266948,14.91
281389,14.91
209034,15.13
186771,14.68
177252,14.91
51736,15.12
43404,15.48
107478,15.48
162412,14.91
242633,14.91
23399,15.48
231688,15.48
23886,14.91
100785,15.48
141425,14.91
77541,15.05
22989,14.91
165788,14.91
18406,14.91
3387,14.91
38728,14.91
108500,14.91
121924,14.91
43154,15.13
248935,14.91
71694,14.91
190270,14.91
41178,15.13
127301,15.48
2825,14.91
289731,14.91
50889,14.91
17311,14.91
70675,14.91
117271,14.91
170198,14.91
71693,14.91
170356,14.98
292804,15.05
48916,14.91
163428,15.48
19895,14.91
270883,15.48
278533,14.91
146942,14.91
157180,15.48
53282,15.48
63927,14.91
79975,15.48
62971,15.48
109066,15.48
182322,14.91
272749,15.05
288432,14.91
222678,14.91
244397,14.91
285856,15.05
216797,14.91
171521,14.91
247076,14.91
159312,14.91
13107,15.48
198745,14.91
11041,15.48
189229,14.91
248444,15.05
108135,14.91
243649,14.98
298249,14.91
8451,14.91
74496,14.91
252577,14.91
219472,14.91
110370,15.09
99008,15.48
84064,14.91
137246,14.91
110389,14.91
37631,15.13
220279,14.83
247186,14.91
37822,14.91
264496,14.91
273282,14.91
81065,14.91
248135,14.91
61945,15.48
252886,14.91
259260,14.91
13171,14.91
168546,14.91
17354,14.91
156624,14.91
149689,14.91
90319,14.96
172666,14.91
223926,14.91
183288,14.91
285792,14.91
259499,14.91
148473,15.05
205293,14.91
261873,14.91
187264,14.91
254391,15.48
40464,14.91
186147,14.96
172640,14.91
141624,14.91
76252,14.91
204410,13.96
260911,14.91
280511,13.96
152549,15.48
2434,14.91
46995,14.91
73123,14.91
45863,14.96
51218,14.91
6520,14.91
213725,14.91
277142,14.91
247059,14.91
240344,15.48
173728,14.91
253444,14.91
204944,14.91
197262,14.91
60538,15.48
132876,14.91
276405,14.91
211724,14.91
93728,15.48
9034,15.48
276461,14.91
145655,14.91
42576,15.05
273724,14.96
289480,14.91
270528,15.48
112257,13.96
290588,15.48
29621,15.48
176478,15.48
148633,14.91
105347,14.91
160472,14.91
147384,14.91
112976,14.91
188967,14.91
144243,14.91
8406,14.91
33660,14.91
105824,14.91
170237,15.05
19475,14.91
80499,14.91
100003,14.91
184953,14.91
231622,14.91
220543,14.91
173,14.91
54850,15.48
215013,14.91
19661,14.98
233688,15.13
141510,15.48
26814,14.91
40571,15.48
101472,15.13
289421,13.96
248885,14.91
288206,15.05
154084,14.91
87377,15.13
7650,14.91
15145,14.91
91535,15.48
209328,14.91
55033,14.91
164076,14.91
98736,14.91
84023,15.48
205175,15.48
60730,14.91
139229,14.91
18468,14.91
142199,14.91
55946,14.91
25618,13.96
171589,14.91
17561,14.91
95995,15.48
259839,15.48
61079,14.91
171388,15.48
166938,14.91
17035,14.91
198874,15.48
141219,14.91
189100,14.91
71567,14.91
206711,14.91
85477,14.91
147186,14.91
204426,14.91
20200,14.91
186985,15.48
63689,15.05
21555,14.91
6224,14.91
6276,15.48
162544,14.91
39225,14.91
285308,14.96
252535,14.91
166663,15.13
163370,13.96
76798,15.13
40270,14.91
261523,15.13
196989,14.91
124567,14.91
16712,14.91
151534,14.91
166786,14.91
237085,15.48
201178,14.91
266250,14.91
115433,14.91
84595,14.91
127481,14.91
234238,14.98
163000,14.91
122336,15.48
190256,14.91
117410,14.91
26730,15.48
191288,14.91
232271,15.48
129886,14.91
147728,14.91
103601,14.91
83425,15.05
79222,15.48
28919,14.91
69769,15.13
15811,15.48
120586,14.91
202652,13.96
198756,14.91
184475,14.91
153388,14.91
88490,14.91
26108,15.13
237696,14.91
25598,14.91
279772,14.91
43028,14.91
13787,13.96
287814,14.91
195199,14.91
288205,14.91
262546,14.91
39022,14.91
13147,14.91
167493,14.91
125417,14.91
37551,15.05
124605,13.96
292705,14.91
216557,14.91
225053,14.91
262256,15.48
236995,14.91
217816,14.91
103994,14.91
52176,14.91
250251,14.91
39820,14.91
201713,13.96
218260,13.96
102859,15.05
213930,14.91
248056,14.91
78102,14.91
283493,15.13
252702,13.96
29008,14.91
46804,13.96
245678,15.13
158277,15.48
144236,14.91
31986,14.91
290181,14.91
180429,14.91
118101,15.48
264027,14.91
238900,14.91
206720,14.91
86622,14.91
138577,15.48
51189,15.48
53478,15.12
30595,14.91
171093,14.91
201866,15.05
115880,14.91
12628,14.91
43307,14.91
177903,14.91
56064,14.91
172537,13.96
262849,15.13
16482,14.91
53569,14.91
237522,14.91
1758,14.91
170979,14.91
46637,14.96
178855,15.48
54137,14.91
257260,15.48
289624,14.91
194265,14.91
183484,14.91
279242,14.91
218900,15.48
245861,14.91
68108,14.91
235450,15.48
75153,14.91
145833,14.91
163909,15.13
89501,14.91
113918,15.48
284998,14.91
116886,15.48
100773,14.91
123173,14.91
76268,15.48
113850,15.13
156021,15.48
288968,15.48
291225,14.91
95193,14.91
10694,15.48
39842,14.91
22334,14.91
239879,15.48
252006,15.48
169540,14.91
102195,15.48
174529,14.91
257413,15.48
220065,13.96
93051,14.91
286195,14.91
36376,15.48
60135,14.91
136592,15.13
87059,14.91
245441,14.91
292967,14.91
137235,14.91
54616,14.91
173459,15.48
166607,14.91
206804,14.91
92119,14.91
173843,14.91
249377,14.91
176733,14.91
242115,15.48
286637,15.12
123818,15.05
95892,14.91
29108,14.91
118589,14.68
295199,14.91
8471,14.91
65081,14.91
39701,14.91
283726,14.91
53258,13.96
127479,15.48
34076,14.91
99238,13.96
283061,14.91
132792,14.91
83808,15.48
248249,15.48
93095,14.91
251354,14.91
10534,14.91
70168,13.96
62974,15.48
225532,14.91
16005,14.91
141892,14.91
213421,14.56
27837,15.48
216501,14.91
193130,14.91
296236,15.48
130564,14.91
234957,14.91
273732,15.48
179517,14.98
298805,14.91
279670,14.91
86344,14.91
154166,14.91
274769,14.91
283220,14.91
138253,14.91
96553,15.48
188515,14.91
139518,14.91
255588,15.48
52727,14.91
188092,14.91
52916,15.48
249400,14.91
121933,14.91
81725,14.91
146037,14.91
227908,14.91
143780,14.91
39396,14.91
149933,15.48
229350,14.91
95800,15.48
217281,15.48
246563,14.91
276698,15.05
6157,14.91
111404,15.12
9539,14.91
182305,14.91
126702,15.13
171624,14.91
124565,13.96
220635,15.13
195331,14.91
227889,15.48
126549,14.96
279935,14.91
2100,14.91
255969,13.96
37607,14.91
280889,15.13
92349,14.91
60068,14.91
144054,14.91
22091,14.91
56215,14.91
78720,14.91
49015,14.91
203653,14.91
174700,14.91
173876,13.96
269364,14.91
115447,14.91
91364,14.91
241664,14.91
23118,14.91
248659,15.48
293583,14.91
33549,14.91
31623,15.48
76894,15.48
166163,15.48
263863,14.91
29278,14.91
137843,14.91
170546,14.91
50648,14.91
139863,14.91
215413,14.91
239852,14.91
215505,14.91
122785,14.91
62584,15.48
247917,14.91
120724,15.48
91561,14.91
206414,14.91
187863,14.91
98067,14.96
259431,14.91
80727,15.48
161689,15.48
133125,13.96
19029,14.91
238881,14.91
255032,13.96
174872,13.96
163465,14.98
168544,14.91
91424,14.91
82375,15.48
47328,14.91
12607,14.91
130836,14.91
116570,15.48
152351,14.91
35579,15.05
254630,14.91
285985,14.91
39489,14.91
66919,14.91
37238,14.91
145434,14.91
47530,14.91
4043,14.91
53653,14.91
229313,14.91
32864,14.91
232406,14.91
53227,14.91
20907,14.91
102240,14.91
74918,14.91
253690,14.91
157437,14.91
18774,14.91
241095,15.48
225755,13.96
241234,15.05
285353,15.48
59198,14.91
276766,15.48
245063,13.96
110909,13.96
47141,15.48
153025,14.91
56060,14.91
168011,14.91
156644,14.91
162441,15.13
57746,14.91
53797,14.91
70174,14.91
191064,15.48
130972,14.91
128566,15.48
258618,14.91
10440,15.48
241751,14.91
169527,15.05
154532,14.91
31363,14.91
96195,14.91
84498,14.91
120471,13.96
232919,14.91
270690,14.96
98294,14.91
87931,14.91
103731,14.91
222739,14.91
108287,14.91
82842,14.91
13642,15.48
97218,15.13
228701,14.91
250799,14.91
174049,15.48
62273,14.91
67585,14.91
5523,14.91
273243,14.91
221176,15.48
99952,14.91
261152,14.91
31488,14.91
190940,14.91
61110,14.91
215887,14.91
24311,14.91
129129,14.91
98969,14.91
149992,14.91
79278,14.91
258391,14.91
242765,15.05
122404,15.48
275407,15.48
242049,14.91
279555,14.91
41746,14.91
137562,14.91
58899,14.91
114214,14.91
290327,14.91
215054,14.91
105101,14.91
63532,14.91
80831,14.91
7245,14.91
210200,14.91
156453,14.96
46998,14.91
145201,14.91
265102,14.91
146928,15.48
29712,15.48
149286,14.91
129497,14.91
18773,14.91
118698,14.91
31636,15.48
192986,14.91
14073,14.91
154551,14.91
19685,14.91
237217,14.91
298700,15.48
277110,14.91
104534,14.91
23823,14.91
80387,15.13
280508,14.91
212507,15.13
60853,14.91
61880,14.91
188867,15.05
1740,14.91
64770,14.91
289172,14.91
228636,13.96
52746,14.91
187925,15.48
127806,14.91
126657,14.91
51060,13.96
272282,15.13
257215,14.96
64896,15.48
215687,13.96
63402,14.91
172270,14.91
289458,14.91
144755,15.05
25430,14.91
178611,15.48
151084,14.91
47448,13.96
178886,15.48
187680,14.91
295154,15.48
156353,14.91
8714,14.91
111098,14.91
31135,14.91
48867,14.91
261951,14.91
36868,14.91
144018,14.91
146505,14.91
115886,14.96
157075,14.91
22917,14.91
133740,14.91
53529,15.48
118891,14.91
40302,14.91
273443,15.48
28259,15.48
158431,15.48
188255,14.91
127938,14.91
22479,15.48
97361,14.91
285862,15.48
153242,15.48
188248,15.48
169457,14.91
65287,15.48
272251,14.91
78509,15.48
71712,14.91
33076,14.91
263943,15.48
102878,15.48
120305,14.91
278568,14.91
97520,14.91
180847,15.05
26117,14.91
172964,14.91
219985,15.48
182208,15.48
215150,14.91
181398,15.48
1563,14.91
234528,14.91
24372,15.05
186326,14.91
269638,14.91
15928,15.13
26833,13.96
30224,14.91
13993,15.48
34942,14.91
62534,15.48
30425,14.91
27935,14.91
32602,14.91
109880,14.91
14996,14.91
25203,14.91
32034,14.91
41729,13.96
231973,14.91
66185,13.96
159990,15.48
277112,14.91
108414,14.91
19227,14.91
246495,14.91
82428,15.48
290089,14.91
21140,14.91
122841,14.91
192066,13.96
170276,14.91
124220,14.91
285412,14.91
179616,14.91
253271,14.91
234429,14.91
115815,14.91
234067,14.91
141003,14.91
290999,15.48
126343,15.48
108482,14.91
153898,14.91
68905,13.96
7744,14.91
21524,15.48
237023,14.91
53109,15.48
261892,14.91
168727,15.48
293995,15.13
251294,14.91
69906,14.91
110996,14.91
266493,15.48
166325,14.91
210549,14.91
97552,15.48
37030,14.91
291920,14.91
47068,14.91
267865,15.05
28880,14.91
232591,13.96
147406,14.91
108797,15.48
104384,14.91
279535,15.48
26513,15.48
278370,14.91
216434,14.91
68208,14.91
7894,15.48
145539,14.91
162645,14.91
57238,15.48
29558,14.91
163151,14.91
27915,14.91
236580,14.91
120652,14.91
186986,14.91
260257,15.48
253551,14.91
171301,14.91
156203,15.48
185079,14.91
131351,15.48
74777,14.91
129513,14.91
24427,14.91
19316,14.91
150865,14.91
234762,14.91
180192,15.48
12727,15.48
19193,14.91
267628,14.91
283103,14.91
275262,13.96
278892,14.91
124249,14.91
2973,14.91
261563,15.13
101778,15.48
270191,14.91
173452,14.91
54797,13.96
103232,14.91
108838,14.91
149795,15.48
114103,14.91
28248,15.05
10734,14.91
101297,15.48
5749,14.91
207950,14.91
67235,15.07
31664,15.48
18172,14.91
114509,15.05
136460,13.96
176578,14.91
40039,14.91
126514,14.91
237783,14.91
245671,15.48
273347,14.91
198393,15.48
105018,15.48
144569,15.13
265208,14.96
274654,14.91
243304,14.91
138301,14.91
79902,14.91
75300,14.91
83252,15.48
89109,15.13
14741,15.48
282151,15.05
229085,13.96
34673,14.91
55366,14.91
266834,15.48
163421,14.91
23005,14.91
134084,14.91
228570,15.48
184561,14.91
168136,14.91
136256,13.96
43331,14.91
179117,14.96
186918,15.48
52266,15.48
222474,14.91
264868,14.91
74875,14.91
12261,14.91
209789,14.91
177504,14.91
168948,14.91
49361,14.91
68867,14.91
268145,14.91
28360,14.91
236309,15.48
66029,15.48
176380,14.91
82755,14.91
142241,14.91
265067,15.48
278583,13.96
266762,14.96
190964,14.91
62746,13.96
87206,14.91
53707,14.91
123869,14.91
257781,15.13
108316,14.91
49223,14.91
82964,15.48
225316,14.91
296645,15.48
3704,14.91
180667,14.91
195677,14.91
145854,15.48
109670,14.91
294898,14.91
13408,15.48
88107,14.91
203416,14.91
220465,14.91
90630,15.13
140082,14.91
112070,15.48
200777,14.91
48702,14.91
271239,14.91
123571,14.91
27275,14.91
273213,14.91
133468,14.91
196336,14.91
98135,13.96
151853,15.13
75813,14.91
60115,14.91
62793,14.91
176285,14.91
87243,15.48
8819,14.91
114621,14.91
268529,14.91
194922,15.12
282448,15.13
41936,14.91
11452,14.91
43226,14.91
287820,14.91
242168,15.48
46414,14.91
44459,14.91
200062,14.91
139927,14.91
34489,15.05
37876,14.91
21750,14.91
212618,14.91
158605,14.91
36194,14.91
183679,14.91
96283,14.91
181774,14.98
199466,13.96
296967,14.91
78233,15.05
169704,15.48
3792,14.91
17725,15.48
84918,14.91
206715,14.91
28388,14.91
28626,14.91
207695,14.91
276415,13.96
169745,14.91
287365,14.91
101409,15.48
194769,15.05
13295,15.13
91646,14.91
281318,15.48
154549,14.91
98896,14.91
92500,14.91
141607,14.91
285809,14.91
284183,14.96
263608,14.91
213267,14.91
156914,15.13
282842,14.91
5283,14.91
159940,14.91
4379,14.91
63332,14.91
19478,14.91
33526,14.91
3444,15.48
269384,14.91
119088,14.91
146529,14.91
242110,14.91
194485,14.91
93324,14.91
204022,14.91
284224,14.91
259264,14.91
133911,15.48
265393,15.48
147254,14.91
227837,14.91
159743,15.48
125208,15.48
32794,14.91
171151,14.91
228578,15.48
283946,14.91
189240,14.91
12190,14.91
104217,15.48
37820,14.91
155127,14.91
273723,14.91
78294,15.48
88618,15.48
29994,15.48
33433,14.91
225165,13.96
11763,13.96
23019,14.91
165841,14.91
248346,14.91
209636,14.91
50009,15.48
64802,15.05
30437,14.91
7996,15.13
40585,14.91
127956,14.91
268323,15.48
296509,15.48
242779,15.48
134090,15.48
11383,14.91
45094,15.48
274764,15.48
295170,15.48
62803,15.48
72189,14.91
72691,15.48
210648,15.48
78680,15.48
32968,14.91
113546,14.91
242534,14.91
54681,14.91
39577,15.48
42148,14.91
110997,14.91
82186,15.48
246124,14.91
748,14.91
148207,15.05
43851,14.91
296984,15.13
255458,15.48
39312,14.91
88128,13.96
282034,15.48
268659,14.91
155781,14.91
221561,14.91
43952,15.48
287992,14.91
246074,15.48
198090,14.91
251797,14.91
114979,14.96
202309,14.91
94378,14.91
264173,14.91
106573,14.91
59371,15.48
268880,15.48
272903,15.48
32617,14.91
160171,15.48
266076,14.91
33622,14.91
74007,15.48
258859,14.91
253594,15.48
292356,14.91
280426,15.48
272683,14.91
199551,15.48
292104,14.91
11876,14.91
223828,14.91
128057,14.91
4502,15.48
116379,14.91
296004,14.96
47388,14.91
24218,15.48
34711,15.48
213770,14.91
243566,14.91
74632,15.48
80496,14.91
135363,14.91
277745,14.91
84027,14.91
41220,15.48
105142,14.91
292149,15.48
155283,14.91
35917,14.91
70295,14.91
194390,14.91
10090,15.48
224591,14.91
169064,15.48
11261,14.91
72493,14.91
126526,14.91
251490,15.48
172572,14.91
187412,13.96
238177,15.48
291264,14.91
88340,15.13
263351,15.05
228630,15.48
178199,14.91
63255,14.91
275858,14.96
90524,14.91
161643,15.48
153618,14.91
152333,15.48
267431,13.96
375,14.96
81280,14.91
32700,14.91
111833,14.91
154129,15.12
209458,15.13
28341,14.91
220628,14.91
4326,14.91
283170,13.96
228665,15.48
269689,14.91
67407,15.48
167952,14.91
77159,15.13
9192,15.13
81774,14.91
175626,15.48
195393,14.91
61138,14.91
74599,14.91
30487,15.48
74718,15.05
4437,14.91
128941,14.91
189483,15.48
178601,14.91
129272,15.48
31994,14.91
227042,14.91
263592,14.91
151032,14.91
262461,13.96
285465,14.91
136018,14.91
265338,14.91
93267,14.91
31233,15.48
271318,14.91
133777,15.05
131287,14.91
128848,14.91
98739,14.91
119770,15.05
168039,14.91
220385,14.91
211154,14.91
19500,14.91
99590,15.48
113767,15.48
68580,14.91
154114,15.48
159750,15.13
52100,14.91
23613,14.91
246019,14.96
221121,15.48
56777,14.91
171302,14.91
46692,14.91
96068,14.98
35509,14.91
179457,14.91
116564,14.91
190948,14.98
176483,14.91
57083,15.48
145136,14.91
57146,14.91
213249,15.48
202971,14.91
191041,15.48
24780,15.48
285890,15.13
123865,14.91
69936,14.91
211764,14.91
231450,15.48
77919,13.96
188777,13.96
213623,14.91
137652,14.91
77974,15.12
87617,14.91
178577,14.91
101572,15.48
211777,14.91
84005,15.05
194392,13.96
30202,15.48
179952,14.91
265960,14.91
93142,14.91
89301,15.48
251973,14.91
46661,14.91
90915,14.91
158432,14.91
287254,14.91
279276,14.91
277449,14.96
102945,14.91
140920,14.91
76189,14.91
85894,14.91
62164,14.91
104419,14.91
124189,14.91
105730,14.91
25809,15.05
103197,14.91
260722,15.48
242532,15.05
109752,14.91
29488,14.91
26997,15.48
11771,14.91
30900,14.91
166700,14.91
141299,13.96
10987,15.48
106057,14.91
64213,15.48
121110,15.48
61194,13.96
237867,14.91
17173,14.91
142096,14.91
276302,14.91
268506,14.91
194684,14.91
83661,14.91
91837,14.91
293654,14.91
113506,14.91
69901,14.91
233506,14.91
90907,14.91
232245,14.91
9589,14.91
101320,15.48
189568,14.91
21798,14.91
126630,14.91
141373,15.48
283481,14.91
77411,14.91
97465,14.91
253031,15.48
188576,14.91
285367,14.91
45221,15.48
10675,14.91
232879,14.91
27528,14.91
20357,14.91
100338,14.91
224488,14.91
114643,14.91
96485,15.48
71734,14.91
275397,15.48
37010,14.91
220292,14.91
190368,14.91
116552,15.48
152718,15.13
156262,15.48
119753,14.91
212624,15.48
299206,14.91
44896,14.91
7184,14.91
130041,15.48
236940,14.91
169711,14.91
16714,14.91
263704,14.91
196374,14.91
258694,15.13
189767,14.91
165764,15.48
114624,15.48
13789,15.48
243985,14.91
111847,14.91
219970,15.48
188128,14.91
67100,13.96
163311,14.91
105463,13.96
255952,15.48
229680,15.05
268893,15.48
224614,14.91
71863,15.05
53480,14.91
214727,15.48
26263,13.96
5332,14.91
99610,15.48
30964,14.91
273872,14.91
219012,13.96
107101,15.48
139857,14.91
9913,15.48
159417,14.91
140840,14.91
156266,14.91
23497,14.98
35224,15.05
138090,14.91
122445,14.91
178951,14.91
68885,14.91
171119,14.91
227149,15.48
228999,14.91
194939,14.91
188439,14.91
15964,15.48
81248,15.48
264317,14.91
202848,14.91
94843,14.91
159764,13.96
204692,15.48
182025,14.91
129386,14.91
163838,15.48
177987,15.48
179688,14.91
65636,15.05
270937,14.96
50654,15.48
108283,14.83
76868,15.12
215159,15.48
295243,14.91
151558,14.91
43791,14.91
192666,14.91
6275,14.91
178906,15.48
184165,14.91
187740,14.91
124213,14.91
221759,14.91
41893,14.91
154370,14.91
116529,14.91
267098,14.91
296847,15.13
118002,15.48
240256,13.96
221072,15.48
16693,14.1
273170,14.91
270294,14.91
67004,14.91
133761,15.05
210264,15.48
221595,14.91
170817,15.05
11654,13.96
60624,14.91
98716,15.48
75447,15.13
148211,14.91
57813,13.96
293389,14.91
266989,14.91
14322,14.91
283494,15.05
120897,14.91
113211,14.91
273861,14.91
142842,14.91
47078,14.91
106766,14.91
107983,14.91
215006,14.91
194739,15.13
261218,14.91
46558,14.91
178724,14.91
118788,15.48
172637,14.91
245558,14.91
169535,15.48
274454,15.48
281450,14.91
98259,15.48
105479,15.48
153789,15.13
232734,14.91
235840,14.91
78416,14.91
79843,14.91
40435,14.91
53120,14.91
151705,14.91
66314,14.91
205878,14.91
180374,15.48
268405,14.91
151522,14.91
241079,15.13
161067,14.91
288463,14.91
111290,14.91
34232,15.48
52050,13.96
122507,15.48
225544,14.91
251233,14.91
166575,14.91
272718,15.48
247802,14.91
232075,13.96
29904,13.96
110918,14.98
162854,14.91
297356,14.91
259406,14.91
98170,14.91
149203,14.91
110491,14.91
192148,14.91
125017,14.91
7586,15.48
197231,14.91
60765,14.91
176094,14.91
248046,14.91
180582,15.48
32593,15.05
117549,15.48
101525,15.05
83041,15.05
221378,15.48
101053,14.91
9877,15.48
159463,15.48
236060,14.91
39799,14.91
179314,14.91
227688,15.48
191832,14.91
189110,14.91
50479,15.13
96202,14.91
112095,14.91
240155,14.91
43930,15.48
285812,14.91
219873,14.91
168345,14.91
69467,15.48
243182,15.48
60149,15.48
45154,15.48
100437,15.48
163124,15.05
139060,14.91
37239,14.91
76720,14.91
133737,15.05
101738,14.91
99389,14.91
91068,15.48
35297,14.91
227652,13.96
170548,14.91
5472,14.91
244742,15.48
69049,15.48
4029,14.91
10251,14.91
286454,14.91
217711,15.48
180898,14.91
270749,14.91
132306,14.91
288911,14.91
258790,14.91
253625,14.91
296652,14.91
270791,15.48
245747,14.91
51121,14.91
238391,14.91
89647,14.91
228264,14.91
151955,15.48
100991,14.91
233691,14.91
246073,14.91
258084,14.91
245680,15.48
279921,15.48
130027,14.91
248414,14.91
204373,14.91
147960,14.91
134419,13.96
178502,15.48
19533,14.91
185362,14.91
176524,15.05
135590,14.91
61140,14.91
44279,15.48
67722,14.91
256580,14.91
3079,14.96
63794,15.48
125443,14.91
46369,15.48
40105,14.91
74076,14.91
86248,14.91
36497,14.91
220747,14.91
146616,14.91
130949,14.91
7183,14.91
290802,14.91
46883,15.48
39238,14.91
168576,14.91
203880,15.48
113553,14.91
126049,15.48
210118,14.91
251612,14.91
24156,14.91
149283,14.91
280551,14.91
16760,14.91
54731,14.91
145323,14.91
32983,15.48
207064,15.48
208050,14.91
119378,15.48
181522,14.96
275237,14.91
296203,14.91
195455,14.91
292412,14.91
12705,15.12
9867,14.91
70152,14.91
16773,14.91
151062,14.91
225358,14.91
266198,14.91
258190,14.91
48378,14.91
175340,14.91
195240,14.91
284508,15.48
2445,14.91
90456,14.91
225587,14.91
241157,14.91
51678,14.91
246636,14.91
138361,14.91
135573,14.91
273904,14.91
293537,13.96
127262,14.91
262916,15.48
17622,14.91
230484,14.91
213836,14.91
32293,14.91
168844,14.91
167446,14.91
114092,15.48
97211,15.48
273080,14.91
204512,14.91
109037,14.91
254405,14.91
63813,14.91
56723,14.91
77766,14.96
275800,15.48
128578,15.48
29103,14.91
293272,14.91
141172,15.48
142702,14.91
173160,14.96
37812,15.48
293059,14.91
118363,15.05
64569,14.91
208418,14.91
100194,14.91
87521,14.91
163387,15.48
118374,15.48
15507,14.96
122419,14.91
285349,14.91
32850,14.91
199217,14.91
90759,15.48
179719,15.12
165311,14.91
91464,14.91
253093,15.48
224181,15.48
181962,14.91
165114,15.48
279118,13.96
291828,15.48
33125,14.91
114364,15.48
231380,15.13
196021,14.91
110202,15.48
14337,15.48
227612,14.91
82578,15.05
79639,14.91
218205,15.48
164962,14.91
98839,14.91
211123,14.91
117572,14.91
262396,14.91
16335,14.91
119655,13.96
194938,14.91
258291,14.91
162466,14.91
134377,15.12
37329,14.91
266275,14.91
136752,14.91
244385,14.91
157433,14.91
211853,14.91
6033,14.91
44689,14.91
282879,15.05
211378,14.91
99018,14.91
251627,14.91
236014,14.91
90536,14.91
19871,14.91
240487,14.91
19256,15.48
99771,14.91
175377,14.91
53098,15.48
215134,14.91
116370,14.91
101262,14.91
245428,15.48
231026,14.91
212836,14.91
109189,15.13
113313,14.91
170070,15.48
251882,14.91
262974,14.91
197469,14.91
35654,14.91
283001,15.12
139678,14.91
237811,14.91
197764,15.48
150029,15.48
52760,15.48
136054,15.48
200779,14.91
237695,14.91
19219,14.91
133685,15.48
144138,14.91
283440,15.13
119590,15.48
63897,14.91
26920,14.91
183461,14.91
10013,14.91
151155,14.91
293620,14.91
260549,14.91
205903,14.91
4682,14.91
211148,14.91
106994,14.91
89657,14.91
250964,14.91
189063,14.91
189206,15.05
282048,14.91
25534,14.91
176726,15.48
200728,14.91
134120,14.91
70847,14.91
169485,14.91
163708,14.91
236276,14.83
78131,14.96
175588,14.91
224960,14.91
70787,14.91
39163,14.91
140694,14.91
96686,15.13
99293,14.91
20377,14.91
250518,14.91
166350,15.48
148704,14.91
91336,14.91
224261,15.48
242440,14.91
105495,14.91
140195,14.91
293041,14.91
97887,14.91
7005,13.96
63552,14.91
187024,15.48
95788,15.48
146493,14.91
152587,15.05
228260,14.91
26154,15.05
2410,14.91
198105,14.91
57121,15.48
211809,14.91
275443,14.91
118993,13.96
209667,13.96
217110,15.05
205507,14.91
213047,15.48
140075,13.96
68041,14.91
91258,14.91
280082,15.48
238057,14.91
137552,14.91
118323,15.48
270043,15.05
268070,14.91
13965,15.48
160994,15.48
43743,14.91
207811,15.48
222840,14.91
73239,14.91
141614,15.48
34820,14.91
115016,14.91
1432,14.91
68860,14.91
275798,14.91
284078,14.91
164068,14.91
157097,14.91
259704,14.91
125830,14.91
188807,14.91
165908,14.91
293293,14.96
190056,14.91
137718,14.91
282217,14.91
190011,14.91
89537,15.48
139828,14.91
77745,14.91
266255,14.91
12128,15.12
242567,14.91
77716,13.96
212649,14.91
168284,14.91
243004,15.48
85409,14.91
149896,15.48
298501,14.91
53800,14.91
71210,14.91
263567,15.05
48417,14.91
296976,14.91
56660,14.91
154972,14.91
10683,14.91
132165,15.05
21131,14.91
46662,14.98
156276,14.91
107443,15.48
198100,14.91
156239,15.48
174371,14.91
10051,14.91
156139,14.91
56746,14.91
238591,14.98
25562,14.98
269890,14.91
11015,14.91
229599,15.48
282139,13.96
94529,14.91
128078,15.48
278490,14.91
211308,14.91
245878,14.96
64407,14.91
225100,15.48
238155,13.96
255207,14.91
262433,15.48
279671,14.91
19343,14.91
259810,14.91
69509,14.91
171770,14.91
208376,14.91
7353,14.91
120758,15.12
34045,15.48
194679,14.91
248857,15.48
94816,14.91
267940,15.05
225824,13.96
52226,14.91
236414,15.48
180020,14.91
283676,14.91
18868,14.91
46750,15.48
33897,14.91
134276,14.91
37666,14.91
208967,14.91
214897,15.48
122647,14.91
269421,14.91
87558,13.96
159979,15.48
297843,15.48
100580,14.91
280153,14.91
121545,14.91
188202,14.91
113193,14.91
4140,14.91
273024,14.91
53696,14.91
82721,13.96
106135,14.91
62774,14.91
35580,15.48
257626,14.91
75462,15.48
81193,14.91
180992,14.91
164378,14.91
97054,14.91
108030,14.91
30733,14.91
275314,15.12
3604,15.13
282144,13.96
74188,15.48
273304,14.91
51942,14.91
236879,14.91
17671,15.13
19432,14.91
190223,15.48
256304,14.91
256485,14.91
165801,14.98
17129,14.91
17886,15.48
64556,14.91
225670,13.96
145177,14.91
125369,14.91
169953,14.91
3866,14.91
123754,15.48
268976,15.48
140342,14.91
274614,14.91
262442,14.91
38381,14.91
111125,14.91
30361,15.05
21999,14.91
231128,14.91
13746,15.12
250446,14.91
129333,15.48
79532,14.91
173734,14.91
270872,14.91
55012,14.91
219052,14.91
264820,14.91
256112,14.91
142330,14.91
83280,15.48
106424,14.91
111473,14.91
296484,14.91
153088,15.48
142351,14.91
185185,14.91
199987,14.91
280886,15.48
266199,14.91
216546,14.91
180990,14.91
233334,14.91
179906,13.96
10364,14.91
178750,14.91
66800,14.91
160568,13.96
105212,15.48
235594,14.91
218857,14.91
185679,14.75
52286,14.91
95013,14.91
244945,14.91
57916,15.48
140226,14.91
189429,14.91
96137,15.12
115485,15.48
3939,15.05
79904,13.96
186881,15.48
265217,15.13
53994,14.91
14272,14.91
119529,15.48
272932,14.91
172969,14.91
79889,14.91
211831,14.91
178650,14.91
234576,14.91
6646,14.91
122691,14.91
252435,15.05
164318,15.48
184034,15.48
47934,14.91
265949,14.91
124309,14.96
60901,15.48
287044,14.91
105075,14.91
63636,14.91
126948,15.48
93841,14.91
66393,14.91
237972,14.91
102605,15.48
43748,15.48
136725,14.91
108034,14.91
95832,13.96
175989,15.48
120720,14.91
35280,15.48
83499,14.91
122887,14.91
219306,14.91
270048,14.91
100866,15.48
124061,15.48
295293,14.91
153752,15.48
136035,14.91
27947,13.96
49349,15.48
234602,14.91
69600,14.91
150892,14.91
185448,14.91
88718,14.91
58583,14.91
161783,14.96
234422,14.91
253844,15.05
18044,14.91
169104,14.91
185802,14.91
44391,14.91
147662,14.91
203989,14.91
156187,15.48
7109,15.48
214106,15.48
249425,14.91
255067,15.13
293861,15.48
54639,15.48
100835,14.91
38284,15.48
231257,15.48
3391,14.91
74550,13.96
225315,14.91
245403,15.48
169437,14.91
100145,14.91
130292,15.12
222643,14.91
234411,14.91
104371,14.91
289235,14.91
84274,13.96
90134,15.48
260606,14.91
53170,13.96
217639,14.91
181858,14.91
38005,14.91
164928,14.91
181129,15.05
232924,14.91
188888,15.48
216514,14.91
162252,14.91
163821,15.48
275332,15.48
249192,14.91
13544,15.05
263756,14.91
18809,14.91
95616,14.91
52343,14.91
145197,14.91
173425,14.91
6874,15.48
269437,14.91
21420,14.91
205414,14.91
198562,14.91
282815,15.48
157386,14.91
190240,15.48
219326,13.96
217917,15.48
285359,15.48
190599,15.12
150047,14.91
224395,14.91
269615,14.91
201230,14.91
182897,14.91
89168,14.91
264912,15.48
24091,14.91
179169,15.13
110914,14.91
25632,14.91
190498,14.91
151466,15.05
218613,14.91
125077,14.91
209350,13.96
159205,14.91
119871,14.91
65587,14.91
84142,15.48
256589,14.91
47318,15.05
223854,14.91
5733,14.91
89271,14.91
36085,14.91
216374,15.48
266259,14.91
100789,15.05
128973,14.91
192242,15.48
68847,15.48
156825,15.48
258961,14.98
165446,14.91
36119,14.91
282145,14.91
159253,15.48
257534,15.48
129664,14.91
273098,15.48
139418,14.91
278146,14.91
299362,14.91
164030,14.91
216962,14.91
14141,14.91
56868,13.96
179128,14.91
163365,14.91
137868,15.48
297075,14.91
42342,14.91
107191,14.91
222193,14.91
10357,14.91
169819,14.91
222458,14.91
126361,14.91
71124,14.91
2213,14.91
298711,14.91
180185,15.48
81726,14.91
53142,15.48
262905,14.96
151055,15.05
34812,15.48
158889,15.48
204008,14.91
181178,14.91
119211,15.48
30342,14.91
276165,15.48
1365,14.91
117940,15.13
118241,15.48
110482,14.91
161977,14.91
87485,15.05
52436,15.13
49271,14.96
294426,14.96
176011,15.48
100968,14.91
106316,14.91
22014,14.91
204029,14.91
152997,15.48
30762,14.91
28836,14.91
232768,15.48
52563,14.91
161456,15.48
70282,14.91
191270,14.91
158186,14.91
259700,14.91
145986,14.91
162784,15.48
117838,14.91
265084,15.12
146193,14.91
178310,13.96
277145,15.48
293365,14.91
293795,14.91
199597,14.91
193957,14.91
79527,14.91
101190,15.48
295746,14.91
224596,15.05
54090,15.48
228,13.96
253718,14.91
104854,15.13
78610,14.91
248878,15.05
45174,14.91
167319,14.91
296715,14.96
12300,15.48
226397,14.91
98517,13.96
53955,14.91
271856,14.91
65150,15.48
107370,14.91
203945,14.91
217477,15.48
131215,14.91
52385,13.96
203150,14.91
186912,14.91
59665,14.91
127212,14.91
124664,14.91
39488,14.91
186489,14.91
31086,14.91
2116,14.91
272074,14.91
239150,13.96
112993,14.91
7122,14.91
46548,14.91
265895,15.48
297548,15.48
85430,14.91
146979,14.91
234753,14.91
290207,14.91
55020,14.91
253016,15.48
72911,14.91
256149,14.91
120704,14.91
7990,14.91
108382,14.91
268747,14.91
106639,15.48
117388,14.91
179234,15.48
226574,14.91
84012,15.48
144792,15.05
93706,14.91
199654,15.48
66015,14.91
157204,15.48
197939,13.96
66599,14.91
146421,14.91
222124,15.48
207327,13.96
86036,14.91
24836,14.91
254000,15.48
222941,14.91
131083,15.48
291731,14.91
162067,15.48
188058,15.05
196997,13.96
12971,14.91
93917,14.91
162928,15.48
11294,14.96
11460,14.91
224824,14.91
122098,13.96
108025,14.91
265760,14.91
93116,14.96
73649,14.91
180715,14.91
244294,14.91
94183,15.48
290171,14.91
237343,15.48
75794,14.91
17986,14.91
192405,14.91
279750,14.91
12468,14.98
32860,14.91
18798,14.91
269657,14.91
225042,14.91
31444,14.91
54389,13.96
163525,14.91
162655,14.91
223188,15.48
101311,14.91
287427,13.96
277414,14.91
190850,14.91
184009,14.91
71721,14.91
221665,14.91
89979,14.91
169269,15.13
241107,14.91
155362,14.91
27849,15.05
152628,14.91
181973,14.91
131682,14.91
292355,14.91
40954,13.96
149121,14.91
81567,14.91
178491,15.48
227314,14.91
17753,14.91
266647,14.91
65674,14.91
264639,15.48
201015,15.13
254367,15.48
20867,14.91
124518,14.91
91497,14.91
129649,14.91
185253,14.91
213419,13.96
122243,14.91
217238,14.91
241499,14.91
42271,14.91
261652,15.48
77437,14.91
254598,15.13
128167,15.48
249422,14.91
290007,14.91
73205,14.91
246279,13.96
275141,13.96
87635,14.91
78387,15.05
29171,14.91
224693,14.91
157866,14.91
83723,15.05
17458,14.91
111132,14.91
286819,15.48
6574,14.91
60835,14.91
181566,14.98
120156,14.91
168040,14.91
284840,15.48
81559,14.91
215510,14.91
94248,14.91
132869,14.91
188698,14.91
106234,15.48
140623,15.48
272649,14.91
118429,14.91
3703,14.91
83695,14.91
101105,14.91
187093,15.05
268940,15.13
149630,15.48
245360,14.91
248711,15.48
256769,14.91
180566,14.91
211935,14.91
200918,14.91
263986,14.91
127605,14.91
236348,14.91
73874,14.91
268872,14.91
147731,14.91
209932,14.91
20141,14.91
63041,14.91
185657,14.91
136991,14.91
44550,14.91
113962,15.13
120646,15.48
153137,14.91
28879,15.12
169827,14.91
36881,14.91
224579,14.91
176006,14.91
120668,14.91
200082,15.48
132493,14.91
56584,14.91
45940,14.98
230360,14.91
275216,14.91
277230,14.91
4857,14.91
56145,14.91
267559,15.48
170751,14.91
200591,13.96
25062,15.48
41592,14.91
215723,14.91
103340,14.91
210700,14.91
155724,14.91
77704,15.48
208285,14.91
180736,15.48
103513,14.91
168365,14.91
242439,14.91
256974,14.91
5696,14.91
188344,14.91
46827,15.12
18254,14.91
57247,14.91
283427,15.05
21009,14.91
129278,14.91
99752,14.91
179627,14.91
141462,14.91
195163,14.91
231135,14.91
18673,14.91
96602,14.91
198201,14.91
161511,14.91
246002,14.91
232629,14.91
77666,13.96
44906,14.96
266802,15.13
84986,13.96
290765,15.05
68107,15.48
63903,14.91
292691,14.91
210470,14.91
193701,15.13
193552,14.91
275319,14.91
149556,14.91
51973,15.48
287210,15.48
89821,14.91
82078,14.91
76003,13.96
120241,14.91
227906,14.91
257776,15.48
108537,14.91
130093,14.91
166900,14.91
205893,14.91
82,15.48
146267,14.91
129415,14.91
246778,14.91
156240,15.48
198504,14.91
27450,15.48
136030,14.91
235390,15.48
190962,15.48
169772,15.48
209232,15.48
193907,14.91
194240,14.91
34763,14.91
223738,15.48
268722,14.91
254385,15.48
123904,14.91
289808,14.91
252385,14.91
184473,15.48
44536,13.96
159563,15.48
46733,14.91
137353,14.91
6772,14.91
245474,14.91
248180,14.91
238201,15.48
182023,14.91
91978,15.48
148357,14.91
168210,13.96
17791,14.91
237409,14.91
172993,15.48
50842,14.91
293693,14.91
68998,14.91
257871,14.91
232236,14.91
117754,14.91
126239,15.48
120578,14.91
194735,14.91
192102,14.91
94516,14.91
265109,15.48
189624,14.91
274728,15.48
24242,14.91
7042,15.48
132574,15.48
291108,14.91
136527,15.13
234178,14.91
211380,14.91
225167,14.91
154200,14.91
290382,14.91
135432,15.13
209127,14.91
71,15.48
208488,14.91
56141,14.91
228963,14.91
237361,15.48
202671,15.48
55347,14.91
96003,14.91
128192,14.91
172061,14.91
4858,14.91
137869,14.91
64086,15.48
204696,15.48
296732,15.48
69394,14.91
225707,14.91
196508,14.91
274152,15.05
116,14.91
92689,14.91
77045,14.91
159341,14.91
19752,14.91
16825,15.48
115446,14.91
209389,14.91
112212,14.91
38946,14.91
153911,14.91
234547,15.48
226780,15.05
257,13.96
5853,15.48
14206,14.91
108873,14.91
17597,14.91
286179,14.91
61242,15.48
251024,14.91
179306,15.48
237332,14.91
129808,15.48
44732,14.91
221867,14.91
269733,14.91
23215,14.91
183157,14.91
7188,15.48
23670,14.91
23874,14.91
38397,14.91
10657,14.91
83400,13.96
147149,14.91
122341,14.91
214800,14.91
139064,14.91
250058,14.91
135195,14.91
196557,14.91
113443,14.91
296641,15.48
245225,14.91
234708,14.91
275821,15.48
125210,14.91
60736,15.48
81798,14.91
25699,14.91
85483,15.48
61980,14.91
124889,14.68
248686,14.91
115040,15.48
96128,14.91
285707,14.91
62960,14.91
142499,14.91
198720,14.91
51793,14.91
40425,15.48
249912,14.91
271181,15.48
220317,14.91
185187,15.48
81285,14.91
19311,14.91
205101,14.91
4806,13.96
278803,15.05
69136,14.91
145908,14.91
48787,14.91
207709,14.91
212793,14.91
72519,14.91
21773,14.91
235037,14.91
46811,14.91
222105,14.91
263460,15.48
281004,15.05
226276,15.48
167129,14.91
248073,15.48
175749,14.91
123816,15.48
172336,15.48
224778,14.91
181106,15.48
116408,14.91
63628,14.91
159836,14.91
102748,14.91
74106,15.48
103620,14.91
118174,15.05
230656,15.48
94389,14.91
37783,14.91
75111,14.91
196363,14.91
274993,13.96
38824,15.13
161304,14.91
211774,14.91
55272,15.48
228038,15.48
183224,14.91
86427,15.48
255354,15.48
156189,14.91
140405,14.91
51569,14.91
206947,14.91
214200,15.48
49602,14.91
178628,14.91
103932,13.96
154514,14.91
114358,14.91
273017,14.91
132455,14.91
245955,15.48
5765,14.91
155712,14.91
114946,15.48
46782,15.48
281091,13.96
161772,15.48
208703,14.91
135143,15.48
28936,14.91
62831,14.91
91483,15.05
65567,14.91
40043,14.91
97544,15.05
114383,15.48
222331,14.91
202516,14.91
216425,14.91
256005,15.48
168469,14.91
213331,15.48
68525,15.48
169743,14.91
201895,14.91
198689,14.91
71461,15.48
113584,14.91
60487,15.48
6647,14.91
95439,14.91
45972,14.91
283120,14.91
263085,14.91
31087,14.91
206418,14.91
146855,14.91
22969,15.05
231306,14.91
94840,14.91
162754,15.13
152505,15.48
89421,13.96
44895,15.13
102439,13.96
219403,14.91
239052,14.91
1521,14.91
46825,15.48
156577,14.91
166987,15.48
273328,14.91
222874,15.05
231067,15.48
277643,14.91
132703,14.91
85002,15.05
42297,14.91
17802,15.48
20287,14.91
80099,15.13
197117,15.48
171134,14.91
62468,15.48
197809,14.91
62189,15.48
270229,14.91
59354,14.96
232108,15.48
197421,14.91
230398,14.91
156473,14.91
109239,14.91
65109,14.91
154975,14.91
281467,15.48
288818,14.91
91216,14.91
149740,14.91
55153,14.91
153149,14.91
7931,14.91
282913,15.48
95133,14.91
211817,14.68
83144,14.91
48121,15.13
230513,14.91
117273,13.96
188722,14.91
218178,15.48
117004,14.91
158989,13.96
84321,14.91
104835,14.91
85793,13.96
38514,14.91
292236,14.91
165832,14.91
72381,15.48
41113,14.91
44357,15.48
186753,14.91
236470,15.48
143663,14.91
100641,15.48
32791,14.91
2488,14.91
209423,14.91
259058,14.91
199479,14.91
265820,14.91
131028,14.91
288768,14.91
58862,15.48
191198,14.91
134738,14.91
226699,14.91
3243,14.91
17921,14.91
259606,15.48
279954,14.91
101019,14.91
24527,15.48
170148,13.96
27682,14.91
251134,14.91
264748,14.91
175587,15.13
181917,15.13
144175,15.05
13792,13.96
26875,15.05
249580,14.91
174993,14.91
6938,14.91
16294,14.91
92144,15.48
153035,14.91
59657,14.91
231044,14.91
77934,15.48
50184,14.91
98861,14.91
208168,15.48
125211,13.96
167634,15.12
211057,14.91
38151,15.12
128919,14.91
192258,15.48
145060,14.91
7611,14.91
62985,14.91
91255,14.91
97760,14.91
282405,15.05
135789,15.48
276202,14.91
175361,15.13
61127,15.48
733,14.91
53694,15.48
80202,14.91
75237,14.91
232545,14.91
212313,14.91
161897,15.48
120598,13.96
62653,14.91
95350,14.91
141890,14.91
168671,14.91
229056,14.91
34984,14.91
79368,14.91
268766,15.05
237619,14.91
226199,14.91
102868,14.91
16867,14.91
137115,14.91
194689,14.91
38649,14.91
149275,14.91
185352,15.48
93399,14.91
122047,14.91
285186,13.96
277474,14.91
221703,14.91
295481,13.96
8837,14.91
261199,15.48
244795,13.96
259850,14.91
34537,14.91
135333,15.48
103949,13.96
162977,14.91
192550,15.48
8377,14.91
28940,13.96
225833,15.48
298513,15.48
82392,15.48
269778,15.05
157071,14.91
93353,14.91
26745,14.91
45108,14.91
106873,15.48
229953,15.48
291389,14.91
215531,14.91
67432,14.91
12198,15.48
291044,14.91
219590,15.48
249223,14.91
149728,14.91
211158,14.91
142395,14.91
227681,14.91
138410,15.48
73640,15.48
111992,14.91
95166,15.48
200544,15.05
237478,14.91
246047,15.13
290486,13.96
80094,14.91
68079,15.48
284248,14.91
258945,15.05
45248,14.91
277476,14.91
247910,14.91
279184,14.91
261049,14.91
80061,14.98
277893,14.91
296541,15.48
110583,14.91
109809,14.91
211919,15.12
219286,15.48
248925,15.48
190934,14.91
172463,14.98
218061,15.48
103073,15.48
149297,14.91
259739,14.91
248146,14.91
279281,15.48
73353,15.48
184017,14.91
111950,14.91
129739,15.48
209982,14.91
179481,14.91
152759,15.48
100566,15.48
17503,14.91
109623,14.91
62469,14.91
120972,14.91
121299,15.48
287663,14.91
103963,15.48
55244,15.48
33330,14.91
69703,14.91
182275,14.91
235352,14.91
54765,14.91
179871,14.91
151539,14.91
119771,14.91
104084,14.91
200899,15.48
138326,15.48
88385,15.13
161316,15.48
71813,14.91
184889,14.91
220701,14.91
93125,14.91
2906,14.91
115091,14.91
158185,14.96
170843,14.91
202858,15.48
2094,14.91
54226,14.91
135997,14.91
262935,15.48
102173,14.91
154353,15.48
281464,15.48
211084,14.91
60131,14.91
150271,14.91
106327,14.91
232810,14.91
234362,15.13
109573,14.91
197715,14.91
105128,14.91
56561,14.91
207459,15.48
186505,15.13
278484,14.83
110540,14.91
110123,14.91
198013,14.91
131421,15.48
148490,14.91
93411,14.91
229457,13.96
263021,15.48
218595,13.96
201650,15.48
266609,15.48
224389,14.91
170207,14.91
185396,15.48
51036,14.91
71736,15.48
210970,15.12
60644,14.96
51141,14.91
74227,14.91
263540,14.91
280953,15.48
123828,14.91
146681,14.91
279731,14.91
36409,15.48
191124,14.91
106111,13.96
31477,14.91
290330,14.91
271465,14.91
128219,15.48
105528,15.48
185629,14.91
17487,14.91
82533,15.48
3739,14.91
172401,14.91
170952,14.91
95803,14.91
206874,14.91
30245,14.91
173156,14.91
239334,14.91
30971,15.48
186218,14.91
41154,14.91
553,14.91
101542,15.48
82159,14.91
194895,15.13
121535,14.91
202112,14.91
163789,14.91
49157,15.48
266225,14.91
134115,15.13
4687,14.91
192185,13.96
175017,14.96
294289,14.91
122418,14.83
159108,15.48
162445,15.48
263919,15.48
106298,14.91
269467,14.91
27502,15.48
90583,15.48
261313,14.91
108618,15.48
153966,14.91
285599,15.48
42773,14.91
185519,14.91
1724,14.91
89374,15.48
97219,15.48
19744,14.91
120050,14.91
296952,14.91
152936,14.91
100408,15.05
190263,15.05
289637,14.91
16158,14.91
141878,15.48
143836,14.91
96381,15.12
63968,15.13
239058,14.91
94860,14.91
253922,14.91
139990,14.91
101764,13.96
146595,14.91
3943,14.91
137939,14.91
88765,15.05
113283,14.91
236801,14.91
279288,14.91
105888,15.48
24939,15.13
176389,14.91
184547,14.91
35316,14.91
168496,14.91
129599,14.91
258295,14.91
186656,14.91
175578,14.91
180101,15.48
282254,15.48
25162,14.91
27419,15.48
33341,14.91
20954,14.91
146553,14.91
178181,14.91
144527,14.91
54094,14.91
105071,14.91
213720,14.91
144729,14.91
205512,15.48
206549,14.91
38821,14.91
232819,15.48
280637,15.48
125526,15.13
103213,15.48
138111,14.91
197516,14.91
24238,14.91
179172,15.48
92955,14.91
3591,15.05
189378,14.91
244321,14.91
71501,14.91
15136,14.91
165802,14.91
214777,14.91
253797,15.48
111350,14.91
173014,14.91
156883,15.48
265556,14.91
54851,15.13
88647,14.91
23878,14.91
39034,14.91
66583,14.91
45116,15.48
178616,14.91
123555,15.05
142338,14.91
165371,15.12
153478,15.05
50464,14.91
268332,15.13
279053,14.91
10468,14.91
94506,14.91
155877,15.13
228130,14.91
235511,15.48
85375,14.91
177342,14.91
190137,14.91
253160,15.05
139139,14.91
27588,13.96
268917,14.91
72220,15.48
225538,14.91
169886,14.91
192681,13.96
260777,14.91
86850,14.91
39190,14.91
155359,14.91
52967,13.96
277430,14.91
231680,14.91
70437,14.91
114140,14.91
147434,14.91
147217,14.91
19012,14.91
102821,15.48
207481,14.91
179267,15.48
62938,15.05
289124,15.48
42239,14.91
286490,15.48
164232,14.91
39069,14.91
10208,14.91
116304,15.12
33444,14.98
34139,15.48
101694,14.91
207444,14.91
157798,14.91
201930,14.91
17754,15.13
295661,14.91
263699,15.48
19075,15.48
89249,15.48
215327,14.91
256645,14.91
45817,13.96
76479,14.91
132470,14.91
43422,14.91
10695,15.48
19788,14.91
59660,14.91
243130,14.91
44215,14.91
139062,14.91
14992,14.91
60312,14.91
120721,15.48
10497,15.48
271042,14.91
39512,14.91
174218,13.96
147989,14.91
242344,14.91
79143,15.48
78019,13.96
236110,14.91
35171,14.91
45628,15.13
176754,14.91
269480,14.91
288328,14.91
7945,14.91
106246,14.68
163075,14.91
76567,15.05
140284,14.91
171911,13.96
289027,14.91
70791,14.91
256656,14.91
152856,14.91
194437,14.91
127276,15.48
170018,14.91
67325,13.96
53074,14.91
186824,15.05
113866,14.91
90980,14.91
209314,14.91
171161,14.91
287903,15.48
56121,15.48
174800,14.91
124488,14.91
13574,15.48
225817,14.96
59602,14.91
52604,13.96
24525,14.91
170790,13.96
140012,15.48
276371,15.48
92272,15.48
182886,14.91
83779,15.48
251457,14.91
298563,14.91
135224,14.91
204787,14.91
260583,14.91
66304,14.91
109972,15.48
18018,15.48
73595,14.91
8828,14.91
282050,14.91
184122,15.05
31834,15.48
149344,14.91
32811,14.91
215739,14.91
247720,14.91
82688,15.05
193879,14.91
255075,14.91
118585,14.91
111837,14.91
35569,14.91
143937,14.91
167756,14.91
145501,14.91
113746,14.91
66091,15.48
30169,14.91
280990,15.48
10267,14.91
111407,14.91
73150,15.48
140429,15.48
185910,13.96
141216,14.91
40856,15.48
294553,15.48
261646,14.91
132910,14.75
291932,15.48
241334,14.91
215220,14.91
253489,15.48
291197,14.91
290703,15.48
8104,14.91
113305,14.91
243116,14.91
142604,14.91
1942,14.91
273395,15.48
166955,14.91
75479,14.91
217414,14.91
277583,14.91
49698,14.91
97210,14.91
172412,15.48
159491,15.13
182327,15.48
167782,15.48
254374,15.13
9537,14.91
277440,14.91
82567,14.91
125545,15.48
93724,14.91
80567,14.91
267684,14.91
135309,14.91
289927,14.91
189404,14.91
196779,14.91
175480,14.91
264784,14.91
43311,14.91
4237,14.91
149199,14.91
74178,14.91
191866,14.91
168068,14.91
55276,14.91
259544,14.91
254569,14.91
79747,14.91
238302,14.91
56433,14.91
260235,15.48
41795,15.05
82697,15.48
281880,14.91
15890,14.91
147397,14.91
78107,15.48
238613,14.91
43520,14.91
236373,14.91
217627,15.48
110398,14.91
45463,14.91
9413,15.13
3900,14.91
297622,14.91
285081,14.91
86049,14.91
182444,14.91
155768,14.91
5139,14.91
246119,14.96
269067,15.05
159501,15.12
172301,15.12
269328,14.91
101416,14.91
56925,14.91
36362,14.91
177450,15.13
104349,14.91
282278,15.13
296356,14.91
54351,15.05
228162,14.91
189222,14.91
35399,14.96
45231,14.91
3155,14.91
26451,14.91
290834,14.91
175934,14.96
115883,14.91
276711,14.91
228451,14.91
22979,14.91
9610,14.91
214602,15.13
191700,15.48
277822,14.91
108350,14.91
69459,14.91
80792,14.91
161943,15.48
216117,15.48
71168,15.48
250330,13.96
40544,15.48
93893,14.91
225377,14.91
272101,14.91
98347,14.91
201929,15.48
257899,15.48
241821,15.48
262153,14.91
205902,14.91
81927,14.91
297386,15.05
31545,15.05
291469,15.48
58827,14.96
155062,14.91
8847,14.91
134560,15.48
269090,14.91
59171,14.91
29527,15.05
54169,15.48
24685,14.91
126531,14.91
83800,14.91
295125,13.96
190130,14.91
203036,15.48
132076,15.48
282680,14.91
290883,14.91
59049,14.91
85737,14.91
12567,15.48
111895,15.05
76890,14.91
178074,14.91
125877,14.91
47343,14.91
191901,14.91
196258,14.91
174568,14.91
267857,14.91
229123,15.48
199596,14.91
218347,14.91
105210,13.96
289259,15.48
124907,14.91
1803,14.91
31365,15.05
43386,15.48
70717,14.91
151135,14.91
293984,14.91
233812,14.91
79138,14.91
15265,14.91
64394,15.16
297694,15.48
239578,14.91
145344,14.91
198243,14.91
236355,14.91
2052,14.91
38226,14.91
204006,14.91
23953,15.48
234002,14.91
233970,15.48
138677,15.48
26326,14.91
223019,14.91
121964,14.91
159447,14.91
149085,14.91
238843,15.13
242893,13.96
253089,14.91
64902,14.91
48294,14.91
159376,14.91
260034,13.96
111749,15.48
194320,14.91
251865,14.91
246841,14.91
261669,15.05
266627,14.91
275150,14.91
290438,14.91
3093,15.48
121321,14.91
140085,15.48
186829,14.91
174398,14.91
63376,14.96
41784,15.48
147475,14.91
81089,14.91
287179,15.48
173946,14.91
234646,14.91
110971,14.91
268675,15.48
214112,14.91
272265,14.91
248386,14.91
167687,15.48
36899,15.48
291863,14.91
58587,14.91
282180,15.05
194681,15.13
178318,15.05
226354,15.48
278012,14.91
143784,14.91
51459,15.48
256635,14.91
43543,14.98
209628,14.91
40711,14.91
284977,14.91
38316,14.91
84709,14.96
265483,14.96
17211,14.91
238378,14.91
20588,15.48
281008,14.91
22013,15.48
47813,14.91
171325,14.91
242621,15.05
29526,15.48
171141,14.91
168878,15.48
280254,14.91
187341,15.48
263387,15.05
83957,15.48
260520,14.91
54183,14.91
32519,15.48
87099,15.48
41572,14.91
25897,14.91
235774,14.91
114173,14.91
204386,14.91
53583,14.91
73492,15.05
52945,14.91
218918,14.91
7539,14.91
253079,14.91
183191,14.91
149149,14.91
272205,14.91
59337,14.91
273185,15.12
152779,14.91
211703,15.48
36777,15.48
52900,15.48
283966,14.91
253683,14.91
125323,14.91
148884,14.91
156450,15.12
220961,14.91
205911,14.91
143449,14.91
73368,14.91
159127,14.91
59750,14.91
26763,14.91
133051,14.91
157794,14.91
49061,15.48
75759,14.91
161480,15.48
196976,14.91
252230,14.91
186936,14.91
165078,14.91
215765,15.48
240982,14.91
161731,14.91
76942,15.48
19733,14.91
191258,15.48
254155,15.48
22489,14.75
18703,14.91
16545,14.91
96521,14.91
229081,14.91
79525,14.91
227343,15.48
130090,14.91
296622,14.98
114629,14.91
127782,15.48
268830,14.91
67579,15.48
109444,15.48
38708,15.48
117608,14.91
64532,14.91
11391,15.05
183799,15.05
33059,14.91
109591,14.91
117469,15.48
187959,14.91
217849,14.91
139493,14.91
29232,14.91
71512,14.91
62903,15.48
24129,14.91
291825,15.48
85641,13.96
143999,14.91
216068,15.48
200287,15.48
4047,14.91
170081,14.91
259929,15.48
219769,14.83
256382,14.91
291705,14.96
83988,14.68
24940,14.91
16771,14.91
262364,14.91
231311,15.12
139829,13.96
13562,14.91
167667,14.91
57428,15.48
86938,14.91
230964,14.91
163107,15.05
217761,15.48
100148,15.48
273730,15.48
214943,14.91
205894,14.91
94410,14.91
51810,14.91
107705,14.91
194794,14.91
275777,14.91
298254,14.91
208181,14.91
260820,15.48
283368,14.98
85160,14.91
193185,14.91
106320,14.91
63140,14.91
21227,14.91
56644,14.91
82805,14.91
58996,14.91
207353,14.91
88901,14.91
179056,14.91
288267,13.96
244718,14.91
94984,15.48
159806,15.48
108192,15.48
153860,15.48
294081,14.91
220170,14.91
55701,15.48
240494,14.91
137751,15.13
5830,15.48
1757,14.91
272226,13.96
77565,15.05
123594,14.91
160462,15.13
56850,14.91
87718,14.91
105678,15.13
218323,14.91
210686,14.91
173478,14.91
59043,14.91
143291,14.91
29269,13.96
217824,14.91
15068,14.91
263876,15.48
26887,14.91
266576,15.05
75459,13.96
22355,14.96
93716,14.91
27340,14.91
39260,14.91
193697,14.91
231616,15.48
174859,14.91
267894,14.91
29140,14.91
180446,14.91
118690,14.91
247590,14.91
291765,15.48
172839,15.48
42925,14.91
182911,14.91
289203,14.91
2650,14.91
129095,14.91
204988,14.91
53111,14.91
156805,15.13
273907,14.91
23263,14.91
129463,13.96
83321,15.48
56263,14.91
133322,14.91
161243,14.91
296580,15.12
147902,14.91
143990,14.91
184396,15.13
13064,14.91
80625,15.48
155786,14.91
106905,14.91
247293,14.91
115645,14.91
165783,14.91
211224,15.48
136164,14.91
190487,15.05
173259,14.91
42073,14.91
244796,15.48
12251,15.48
237321,15.48
267130,14.91
139535,15.16
131279,14.91
123085,15.48
94756,14.91
98567,15.48
207323,14.91
89416,14.83
279585,14.91
153315,14.91
195293,14.91
186104,14.91
116052,14.91
189439,14.91
242379,14.91
22104,14.91
171406,14.91
206179,14.91
288949,13.96
36861,14.91
38302,14.91
1158,15.48
185930,14.91
277780,14.91
130571,14.91
119343,15.48
88564,14.91
198742,15.48
103180,15.48
64202,15.12
55546,14.91
26455,14.91
14263,13.96
160574,14.91
220195,14.91
288016,13.96
193504,15.48
92981,15.12
12324,14.91
108165,14.91
183214,15.13
79949,15.48
37846,14.91
287159,15.48
146145,14.91
105077,14.91
166090,14.91
176172,14.68
253269,14.91
45814,14.91
37473,14.91
263113,15.13
37901,14.91
140079,15.48
42095,14.91
204247,14.91
247055,14.91
255129,14.91
232546,15.48
123958,14.91
59999,14.91
272480,15.48
52650,14.91
121652,14.91
125274,14.91
295198,14.91
139548,14.91
40345,14.91
177010,14.91
130530,15.48
83764,15.48
155559,15.13
91210,15.12
216504,15.13
4886,14.91
254756,15.48
83064,15.48
210943,14.91
290456,15.48
188175,14.91
276851,14.91
52861,15.48
245571,14.91
281709,14.91
182859,14.91
130670,14.91
131220,15.48
153695,14.91
209849,14.91
79738,14.91
257293,15.48
95642,14.91
259123,15.13
59264,15.48
278995,14.91
135326,14.91
220083,15.13
10620,14.91
203464,15.48
45216,14.91
282903,14.91
128053,14.91
6040,14.91
254704,14.91
297243,14.91
107376,15.48
116707,14.91
41819,14.91
156679,15.12
146830,14.91
23347,14.91
160466,14.91
112233,13.96
263289,14.91
189835,14.91
202250,13.96
113362,14.91
20509,15.48
58976,14.91
59724,15.48
238045,14.91
191994,15.48
87773,14.91
124258,14.91
51700,14.91
17734,14.96
55296,14.83
226897,14.91
23998,15.48
117930,14.91
24587,14.91
299294,15.48
146003,14.91
262699,14.91
175285,14.91
176226,14.91
140600,13.96
63113,15.48
109159,14.91
11416,14.48
157119,15.48
64627,14.91
206579,14.91
198361,15.48
143854,14.91
54860,15.48
224469,14.91
44617,14.91
204490,14.91
19804,14.91
148591,14.91
105784,14.91
143644,14.91
13185,14.91
113591,15.48
37339,14.91
163344,15.13
223254,14.91
120555,14.91
73509,13.96
94391,14.96
212380,15.05
56849,15.05
246846,14.91
234359,15.48
83274,15.05
278575,15.13
174759,14.91
124463,15.48
243724,15.48
6140,14.91
121600,13.96
162171,15.05
143533,15.12
159540,15.48
169008,14.96
109306,15.48
180193,14.91
86586,14.91
39293,14.91
20614,14.91
62406,14.91
294250,14.91
103115,14.91
212878,14.91
114785,14.91
147564,15.13
69619,14.91
262122,15.48
168747,14.91
243607,14.91
235970,14.91
111817,14.91
139724,14.91
182310,14.96
85122,14.91
108903,15.48
111546,15.48
52848,14.91
213268,14.91
118058,15.48
46086,15.48
84243,14.91
27238,13.96
74060,14.91
98879,14.91
132054,14.91
122684,14.91
131971,14.91
64589,15.48
269037,14.91
255194,15.48
219895,14.91
222823,15.48
276482,14.96
273571,14.91
296254,14.91
11355,15.48
225410,14.91
252593,14.91
262374,14.91
293387,14.91
73136,14.91
296970,14.91
289323,14.91
174268,15.48
148993,14.91
53459,14.91
157471,14.96
94123,14.91
292677,14.91
272176,15.05
143082,14.91
84277,14.91
200675,14.91
195883,14.91
50465,14.91
123678,14.91
272985,15.48
141688,15.48
283474,15.48
4412,14.91
188193,14.91
154903,14.91
227101,14.91
135722,15.48
205454,14.91
22716,14.91
77977,15.48
259074,15.48
215905,14.91
217277,14.91
175758,15.48
286080,15.05
233463,13.96
249774,14.98
138303,14.91
45986,14.83
119607,15.13
52200,14.91
225454,15.48
145283,14.91
23940,14.91
89268,14.91
186645,14.91
262682,14.91
103985,14.91
145286,14.91
127867,14.91
208640,14.91
186504,14.91
242178,13.96
215578,14.91
161284,14.91
203247,14.96
108363,14.91
28094,14.91
160543,14.91
264427,14.91
200109,14.91
177390,14.91
5224,14.91
202492,14.91
243106,14.91
72108,13.96
85236,13.96
272128,15.05
3293,14.91
37539,14.96
242051,14.91
28911,14.91
47369,14.91
84204,14.91
225144,13.96
78439,14.91
230214,14.91
18403,14.91
280968,14.96
87651,14.91
258406,15.48
47873,15.48
119478,14.91
8892,14.91
74232,14.91
100758,14.91
289436,14.91
211688,14.91
106809,15.48
136830,14.91
53303,15.48
178359,15.48
175599,15.48
11444,15.05
247857,14.91
10037,14.91
80125,15.48
28737,14.91
296249,14.91
103651,15.48
49430,15.48
271490,14.91
205378,15.48
104984,14.91
190659,14.91
157362,15.48
123105,15.48
126040,14.91
188001,15.48
261696,14.91
49257,14.91
246161,14.91
113020,15.48
168893,14.91
249319,15.05
102897,14.91
239592,15.48
65974,15.48
5468,14.91
17572,15.48
239370,15.48
164813,14.91
161124,14.91
279586,14.91
17467,14.91
188032,14.91
144254,14.91
171705,14.91
254493,13.96
268290,15.48
55461,15.12
57279,14.91
150634,14.91
247321,14.91
172738,14.91
152135,15.48
251531,14.91
204698,13.96
294491,14.91
102800,14.91
102169,14.91
212554,14.91
200106,14.91
31041,14.91
14072,14.91
174169,14.91
118602,14.91
26831,14.91
78053,14.91
135869,14.91
269928,14.91
131097,15.48
33399,15.48
20966,14.91
128450,15.05
244666,15.12
286397,15.48
286814,14.91
207471,15.48
136647,14.91
75494,15.48
186154,14.91
443,13.96
299394,15.12
86117,14.91
194697,14.91
213996,14.91
180288,13.96
139023,14.91
80513,15.48
229594,15.48
143915,14.91
95461,15.13
190000,14.91
25552,14.91
29235,14.91
46622,15.05
260754,15.05
214483,14.91
104457,14.91
68649,14.91
287833,15.48
12015,15.48
163941,14.91
290628,15.48
107747,15.48
292053,14.91
284856,14.91
108702,14.91
146125,14.91
59991,15.48
212124,14.91
161831,14.91
146112,14.91
227207,14.91
111693,14.91
105654,15.05
139085,14.91
155153,15.48
287420,14.91
17107,14.91
248008,14.91
291256,14.91
253727,14.91
29695,14.91
299001,15.48
290956,14.91
91092,15.48
14426,14.91
237815,14.91
97409,14.91
72988,15.48
197911,14.91
50029,14.91
182874,15.13
59737,14.91
46261,14.91
249201,13.96
128823,15.48
268281,15.48
202728,14.91
57861,14.91
217524,13.96
64684,15.48
55714,15.05
258303,15.48
287479,14.91
205335,14.91
147098,14.91
58054,13.96
135714,14.91
1867,14.91
197940,14.91
156673,14.91
106212,14.91
49962,14.91
118569,14.91
36994,14.91
168654,14.91
239673,14.91
232850,14.98
181201,14.91
208328,14.91
155797,14.91
107560,15.13
175126,13.96
188779,14.91
186300,14.91
260460,14.91
7421,14.91
146050,14.91
183694,13.96
32657,15.48
99450,15.48
87174,14.91
168337,14.91
181680,14.91
139875,15.48
123060,15.48
252790,14.91
297890,14.91
33683,15.05
275685,14.91
141105,14.91
248755,14.91
295917,15.13
31709,15.48
182526,13.96
38056,14.91
72771,15.05
290691,14.91
262639,14.91
40760,14.91
256297,14.96
203758,14.91
98582,14.96
22659,15.48
79374,15.48
291417,14.91
134117,14.91
33142,15.48
223320,14.91
261274,15.48
137586,14.91
9880,14.91
241527,14.91
230463,14.91
39232,14.91
158778,15.05
49094,14.91
254357,14.91
146587,14.91
37549,14.91
258976,14.91
238074,14.91
105909,14.91
137096,14.91
179086,14.91
181862,14.91
239610,15.48
82922,15.48
158880,15.05
151504,15.48
87684,14.91
245161,14.91
285934,15.48
55237,14.91
251798,14.91
289149,14.91
197306,14.91
68120,14.91
69650,14.91
152807,14.91
212137,14.91
136898,15.48
6369,15.48
103380,14.91
52828,14.91
158713,15.48
198402,14.91
206676,15.48
19006,14.91
39102,14.91
254468,15.48
153779,14.91
51933,15.48
76407,14.91
38178,15.48
40702,15.48
179615,15.48
65181,14.91
199714,15.05
286531,14.91
132181,15.13
159742,14.91
261707,14.91
101678,14.91
91964,14.91
63734,14.91
277315,15.48
150621,15.48
39299,14.91
150429,14.91
117221,15.48
123797,13.96
54236,14.91
213565,15.48
35151,15.48
210790,14.91
21823,13.96
216137,14.91
85733,15.48
260463,14.91
139372,14.91
288580,15.48
120574,15.48
204967,14.91
102690,15.05
126478,15.48
143801,14.91
27973,15.13
79036,14.91
186751,15.13
168475,14.91
136522,14.91
184605,15.48
195149,14.91
243135,15.48
122511,15.48
19431,14.91
30278,14.91
237909,14.91
173747,15.48
11690,14.91
67414,15.48
35742,14.91
209746,14.91
17061,14.91
21045,14.91
126394,14.91
149988,14.91
26333,14.96
159314,14.91
76216,14.91
234586,14.91
19984,14.91
235417,15.48
230888,14.96
141736,15.48
222364,14.91
21048,14.91
143004,15.48
11804,14.96
147801,14.91
296875,14.91
120138,13.96
164298,15.48
157079,15.48
285615,14.91
41250,14.91
29795,14.91
132280,14.91
202420,14.91
130218,14.91
239053,14.91
270111,14.91
170296,14.96
189684,15.13
7388,14.91
56112,14.91
227362,14.91
42779,15.48
100502,15.48
183696,15.48
177472,14.91
193491,14.91
73221,13.96
140854,14.96
39819,14.91
184006,14.91
199192,14.91
109265,14.91
77214,14.91
4808,14.91
148867,14.91
230716,14.91
167007,14.91
185573,14.91
242294,15.48
117415,14.91
193220,15.48
160100,14.91
198857,14.91
212880,15.48
88106,15.05
126901,15.48
20893,14.91
284212,15.05
15232,14.91
16945,15.48
92210,14.91
17628,15.48
277029,15.48
116562,14.91
124326,14.91
70013,14.91
70423,14.91
192872,13.96
103725,15.48
232611,15.48
247192,14.91
43798,14.91
26046,14.91
70734,14.91
24691,14.91
103246,14.91
165800,14.91
60715,15.48
191801,14.91
198737,13.96
187968,14.91
7317,15.48
261752,14.91
3779,14.91
220841,14.91
229689,14.91
267299,15.48
51932,15.48
57573,15.13
230465,15.48
197400,14.91
16225,15.48
266794,14.91
169491,14.91
204488,15.05
167257,14.91
56779,14.91
290551,15.48
15431,14.91
261369,13.96
236342,14.91
147092,14.91
259158,14.91
295017,14.91
242118,14.91
149175,14.91
198175,14.91
69389,15.48
126366,15.48
99851,14.91
143396,15.48
143068,14.91
151233,14.91
136046,14.91
47227,15.13
245509,14.91
103833,15.05
175078,14.91
297267,14.91
27154,15.12
80615,14.91
9210,14.91
185545,15.05
159678,15.05
98112,15.48
210660,15.48
77300,14.96
290622,14.91
169042,14.91
268889,15.13
178805,14.91
245532,14.91
70081,14.91
117266,14.91
136153,14.91
298498,15.05
150274,14.91
160533,14.91
226861,14.91
281926,14.91
255901,14.91
88744,13.96
18695,14.91
112230,14.91
104703,14.91
127819,14.91
185202,14.91
3938,14.91
151259,14.91
232942,14.91
263691,13.96
114550,14.96
284598,15.05
132501,14.91
121747,14.91
168452,14.91
277932,14.91
238046,14.91
86300,14.91
280046,14.91
28008,14.91
198815,15.48
226324,14.91
263874,14.91
233717,15.48
249044,14.91
297939,14.91
16614,14.91
129201,13.96
5694,14.91
298828,14.91
238286,14.91
99899,14.91
184914,14.96
272468,14.91
257096,14.91
230763,14.91
84389,15.48
70762,14.91
49348,14.91
298046,14.91
232101,14.91
60475,14.91
50933,14.91
192054,13.96
168925,14.91
130942,14.91
287155,14.91
283680,14.91
33971,14.98
148283,14.91
95736,14.91
29579,14.91
187930,15.13
54929,14.91
69668,14.91
176050,14.91
54801,15.05
116856,14.91
208078,14.91
274420,15.48
106331,14.91
36105,13.96
187231,14.91
32389,14.91
22783,14.91
75947,15.48
213746,14.91
199879,14.91
240899,14.91
36171,14.91
293371,14.91
156760,14.91
221727,14.91
56733,14.91
99118,14.91
94944,14.91
53255,14.91
202857,14.91
177185,14.91
296671,14.91
233966,14.91
183470,15.05
204621,15.05
172604,15.48
62968,14.91
132409,14.91
267899,13.96
175765,14.91
217802,15.48
289622,14.91
251245,14.91
197559,14.91
211920,15.05
94322,14.91
274526,15.48
65126,14.91
3466,14.91
19684,14.91
83702,14.91
124359,14.91
82002,14.91
75127,13.96
291606,15.13
116331,15.05
7179,14.91
270246,14.91
108463,15.48
42446,15.48
219017,14.91
76439,14.91
164330,14.91
258257,14.91
92099,14.91
180721,15.48
142615,14.91
67821,14.91
191882,15.48
220890,15.48
47612,14.91
227158,15.13
226938,15.48
208713,14.91
118780,14.91
280098,14.91
254819,14.91
251740,14.91
28694,14.91
132309,14.91
218633,15.48
276261,14.91
101470,14.91
205107,13.96
290908,14.91
61045,15.48
244447,14.91
199647,14.91
255842,14.91
250951,14.96
71605,14.91
166455,14.96
819,14.91
184778,15.48
259534,15.48
70671,14.91
18964,14.91
200371,14.91
267667,14.91
163230,15.48
108875,14.91
49496,14.91
80366,14.91
292348,14.91
33275,15.48
183307,15.48
200337,14.91
104977,14.91
244085,14.91
229506,14.91
145459,14.91
174999,15.13
171149,14.91
138468,15.13
144590,15.48
176278,14.91
60254,15.48
164085,14.96
49427,14.91
56964,13.96
295945,14.98
144579,14.98
178012,15.48
226697,15.48
44188,14.91
233220,14.91
3340,15.48
201441,14.91
18467,14.91
55696,13.96
23472,14.91
189916,14.98
73474,14.91
275996,14.91
11739,14.98
116441,15.48
237838,14.91
25270,15.48
146118,14.91
56822,14.91
142900,14.91
66964,14.91
4349,14.91
242034,13.96
195494,14.91
119002,15.48
130448,14.98
62871,15.48
19636,14.91
233513,14.91
274846,15.48
129420,14.91
23719,15.48
76185,14.91
65258,15.48
125409,15.48
162573,14.91
138609,14.91
69875,14.91
209175,15.48
270084,15.05
42956,14.91
43211,15.05
188311,14.91
121703,14.91
68149,14.91
216470,14.91
49866,14.91
37185,15.48
210983,14.91
42293,13.96
85726,14.91
116969,14.91
5634,14.91
265803,14.91
281371,15.48
278644,14.91
103812,14.91
255450,15.48
292942,15.48
23302,14.91
294676,14.91
229174,15.48
159072,14.91
292175,14.91
276387,14.91
269675,14.91
34349,14.91
280182,15.48
159226,15.48
148159,15.48
135508,15.48
209697,14.91
205819,14.91
115154,15.48
172632,15.48
220494,14.91
215267,14.91
191872,14.91
270142,15.48
124604,15.48
148998,14.91
146166,14.91
10017,14.91
203094,14.91
269351,15.48
54139,14.91
257262,14.91
237616,14.91
278612,14.91
204106,15.48
224962,15.48
199910,15.48
96541,14.91
31313,14.91
27281,14.91
213453,14.91
82675,15.48
192318,15.48
194251,13.96
298593,14.91
94568,14.91
63412,14.91
248160,14.91
282556,13.96
172784,14.91
208569,14.91
191567,15.48
115859,15.48
14538,14.91
57232,14.91
270964,14.91
229096,14.91
257153,14.91
59351,15.13
60306,15.48
183911,15.05
20339,14.91
11850,13.96
258689,14.91
15473,14.91
71507,14.91
202477,14.91
1593,14.91
127617,14.91
212109,14.91
287474,15.48
243330,14.91
221610,15.48
223447,14.91
181166,14.91
10071,14.91
238200,14.91
121154,14.96
151767,14.91
77510,14.91
80227,14.91
162347,14.91
280147,14.91
210290,14.91
26742,15.48
147490,14.91
297772,14.91
192968,15.48
21119,14.91
110987,15.48
10111,14.91
280410,14.91
217903,15.48
106577,15.48
19854,15.48
212055,13.96
104968,14.91
126251,14.91
293521,14.91
6726,13.96
19646,14.91
218971,14.91
101347,14.91
184716,15.48
264297,14.91
4405,14.91
115468,14.91
243549,14.91
295412,14.91
231964,14.91
16360,15.48
88591,14.91
220563,15.48
233509,14.91
140236,14.91
93761,14.91
70886,15.48
276144,15.12
202174,14.91
183168,14.91
285030,15.48
112493,14.91
111011,15.48
86175,14.91
222777,14.91
140716,15.48
264115,14.91
284451,14.91
30638,14.91
64065,14.91
44667,14.91
264378,14.91
33750,13.96
272732,14.91
104983,14.91
209497,13.96
283356,14.91
81501,15.12
64694,15.48
126580,15.48
298565,14.91
165065,14.91
204824,15.48
53475,14.91
284317,15.48
269919,14.91
113097,15.48
271708,14.91
261728,14.91
35276,14.96
207105,15.48
229234,14.91
233032,14.91
287632,14.91
237051,14.91
172813,15.05
158402,14.91
39612,14.91
239738,14.91
180079,14.91
241860,14.91
113823,15.13
4428,14.91
257548,14.91
284857,15.48
101495,15.48
30968,14.75
132976,14.91
217691,14.91
102211,15.48
64347,14.91
52318,15.48
247723,14.91
6889,14.91
185564,14.91
28647,14.91
244056,15.48
178943,14.91
260888,15.48
52006,14.91
292889,13.96
204159,14.91
238105,14.91
136553,14.91
77948,14.98
126162,15.13
178559,14.91
196315,15.48
269984,15.48
211062,15.48
22132,14.91
178931,14.91
284827,14.98
96279,14.91
281376,14.91
214089,14.91
193447,14.91
77213,15.48
95495,15.12
259249,15.13
47897,14.91
99066,14.91
225926,15.48
10200,14.91
151519,14.91
84431,15.05
228402,14.91
183974,14.91
201254,14.91
186889,15.05
184777,14.91
88069,14.91
118268,14.96
93406,14.91
104304,14.91
245941,15.12
242414,14.91
116151,14.91
203318,14.91
255725,15.48
161192,14.91
255329,15.05
122441,14.91
172651,13.96
293976,15.48
60555,15.48
298113,14.68
124052,14.91
144844,14.91
143542,14.91
58949,14.91
130551,15.48
168185,13.96
121257,14.91
143802,14.91
197311,14.91
226030,14.91
58456,15.48
77710,15.13
170406,14.91
31611,15.48
215116,14.91
18936,14.91
129133,14.91
141069,14.91
5108,14.91
7420,14.91
276657,15.48
165365,14.91
70009,15.48
96856,14.91
157446,15.48
137090,15.48
102458,14.91
113032,15.48
297412,15.48
264805,15.05
120015,14.91
266158,14.91
8969,15.48
35902,15.48
185366,14.91
38457,14.91
126614,14.91
67537,14.91
252537,14.91
115423,14.91
227315,15.48
86901,15.48
47114,14.91
132055,14.91
145222,14.91
54560,15.48
53250,15.48
67918,14.91
163590,14.91
152988,15.13
234363,15.05
267830,14.91
190358,15.48
43314,14.91
275822,14.91
91007,15.05
271011,14.91
54219,14.91
202267,14.91
101337,14.91
278781,13.96
258507,14.91
51826,14.91
197953,15.48
129228,15.05
153084,15.48
62637,15.48
64535,14.91
258565,15.48
248038,14.91
271648,14.91
230651,14.91
272498,15.48
58171,14.91
179881,13.96
258978,15.13
134883,15.48
107136,15.48
36200,15.48
245851,13.96
263965,15.13
271134,14.91
82373,15.13
116170,15.48
109582,15.48
97431,14.91
201317,15.48
152552,14.91
107549,14.91
238470,14.91
221813,14.91
204433,14.91
80436,14.91
20688,14.91
240877,14.91
135510,14.91
232893,14.91
152504,15.48
40602,14.91
80085,14.91
182766,14.91
80729,14.91
208040,15.48
108051,14.91
272747,15.48
1425,14.91
53886,14.91
292185,15.48
285326,14.91
109982,15.48
117884,14.91
153554,14.91
28147,13.96
216202,13.96
297967,14.91
162811,14.91
235614,14.91
92907,15.48
4952,14.91
259514,14.91
206130,15.48
198645,15.48
288845,14.91
154469,14.91
106039,14.91
168591,14.91
135747,14.91
18580,14.91
124737,14.91
213873,14.91
92103,14.91
230136,14.91
85768,14.91
204056,14.91
145354,13.96
157245,15.48
216199,15.48
127610,14.91
279943,14.91
263873,14.91
6864,15.48
193590,14.91
260167,14.91
119652,14.91
51566,14.91
61590,14.91
166885,14.91
20522,14.91
204241,15.48
283976,14.91
199261,15.48
56997,14.91
243762,14.91
94010,14.91
2752,14.91
54012,14.91
284730,14.91
82758,15.48
174536,14.91
202048,14.91
162381,14.91
119849,15.05
75315,15.05
237401,14.91
121834,15.16
133374,14.91
212902,15.48
257648,14.91
151562,14.91
184990,15.05
97185,15.13
186156,14.91
56718,15.48
102776,15.48
153969,14.91
163713,15.48
198559,15.48
244488,14.91
177792,14.91
212436,14.91
251399,15.48
238356,14.91
96411,14.91
255813,15.09
256971,15.48
149500,14.91
108159,14.91
56010,14.91
181756,14.91
183937,15.05
178953,14.91
116089,14.91
193637,14.91
194029,15.48
242020,14.91
7553,15.48
125645,14.91
233267,14.96
264396,14.91
181442,14.91
204636,14.91
131065,15.05
248920,14.91
149060,14.91
7111,15.48
293226,14.91
261200,14.91
66732,14.91
16862,14.91
268149,14.91
54617,14.91
69676,14.91
239949,15.48
215382,14.91
79918,14.91
231088,14.91
213850,14.91
157179,15.48
103227,14.91
225854,14.91
152908,15.48
247135,15.48
92246,15.48
25169,15.48
107248,14.91
274591,15.05
131406,15.05
73944,14.91
289633,14.91
21245,14.91
235514,14.91
180271,14.91
225843,14.91
237420,14.98
207778,14.91
51086,14.91
120249,14.91
267843,14.91
12199,15.48
112458,13.96
279839,15.13
267571,14.91
90690,14.91
207546,14.91
147340,14.91
254962,14.91
8882,15.48
27228,15.05
25258,14.91
278375,14.91
284568,14.91
219163,14.68
184405,15.13
201586,14.91
54029,15.48
4453,14.91
70854,14.91
140548,15.48
295969,15.48
175638,14.91
268422,14.91
152259,15.48
280009,14.91
142524,14.91
207998,14.91
195513,14.91
284035,14.91
15171,15.48
102591,14.91
272020,14.91
185493,14.91
53341,15.48
7053,14.91
116440,14.91
184956,15.48
252028,14.91
160321,15.48
92290,13.96
162394,14.91
188133,14.91
296829,14.91
60120,14.91
76323,14.91
121448,14.91
138608,15.48
12914,14.91
269941,14.91
26403,14.91
288881,15.48
120036,14.91
147681,14.91
66326,14.91
28800,14.91
134141,14.91
149078,14.91
78723,14.91
84487,14.98
172035,15.48
282895,15.48
269041,15.48
159219,14.91
196209,14.91
248768,15.48
236202,15.48
115434,15.48
211997,15.48
226592,14.91
151257,14.91
133025,15.48
85230,14.91
35306,14.91
12464,15.05
149277,14.91
22313,14.91
208670,14.91
110716,14.91
190660,14.91
11998,15.48
193537,14.91
243301,14.91
204641,15.05
234029,14.91
184505,14.91
260175,14.91
6909,15.48
292833,14.91
3941,15.48
122538,15.48
122155,14.91
76174,14.91
239291,15.05
107780,14.91
19856,14.91
3264,15.48
82372,15.48
278557,15.05
1229,13.96
284930,14.91
117949,14.91
17447,14.91
23161,15.48
59962,15.05
76647,14.91
68919,14.91
2929,14.91
123505,14.91
133212,15.48
132602,14.91
236130,14.91
154761,14.91
201115,15.48
285962,14.91
190031,14.91
181498,14.91
269219,14.91
2221,14.91
266205,14.91
19558,14.91
154251,14.91
235657,14.91
183699,15.13
33061,15.48
144594,15.05
60159,14.91
130180,14.91
64618,14.91
66629,14.91
33292,15.48
244972,15.48
121563,14.91
219087,14.91
236021,14.91
137415,14.91
74514,14.91
284390,15.13
137130,14.91
297781,14.91
153960,14.91
79987,15.05
165518,15.13
273342,14.91
153097,15.48
65037,14.91
143165,14.91
58844,15.12
142466,14.91
135210,14.91
50212,15.48
11367,14.91
58081,14.91
100369,15.48
284322,15.05
97643,14.91
74772,14.91
134482,15.13
140786,14.98
101075,14.91
107396,14.91
97196,14.91
218481,15.48
58327,14.91
94538,14.91
266550,14.91
35088,14.91
296181,13.96
113346,15.48
203304,14.91
115864,14.91
256039,14.96
192711,15.48
286867,14.91
214068,14.91
288510,14.91
23968,14.91
131807,15.48
232198,14.91
15451,14.91
231372,14.91
163764,14.91
166373,14.91
19305,14.91
7160,14.91
60574,14.91
202421,14.91
113100,14.91
61196,15.48
142953,14.91
224330,15.48
213203,14.91
289762,14.91
289010,14.91
155702,14.91
67854,14.91
16737,14.91
230372,15.48
181379,14.91
75048,15.48
59671,14.91
9646,14.91
160470,13.96
224494,14.91
278486,14.91
235354,14.91
253940,14.91
42186,14.98
17665,14.91
251393,14.91
296801,14.91
138459,14.91
62372,15.05
42231,15.13
278702,14.91
645,14.91
283378,14.91
296163,15.48
212135,14.91
165011,14.91
131855,15.48
243933,15.48
141376,14.91
9778,14.91
265076,14.96
275092,14.91
279681,14.91
4567,14.91
228324,14.91
207527,14.91
165635,15.13
157868,14.91
38554,14.91
198273,15.16
160747,15.48
102987,15.48
122207,14.91
244084,14.91
288041,15.48
57009,14.91
176946,14.96
186629,14.91
108985,14.91
133876,14.91
283274,14.91
117611,14.91
92340,14.91
219450,14.91
30702,15.48
176849,14.91
65266,14.98
159849,14.91
40887,14.75
151098,14.91
85675,15.48
286324,14.91
286097,14.91
241495,14.91
220115,15.48
151957,14.91
170142,13.96
142377,14.91
286177,14.91
94292,14.91
274064,15.16
181796,14.91
75191,14.91
74457,14.91
238151,14.91
279787,14.91
183746,15.48
207484,14.91
58266,14.91
50373,14.91
113612,14.91
39794,14.91
173234,15.05
165556,15.05
35215,14.91
116936,14.91
266456,14.96
141786,15.48
41456,15.48
217214,15.48
259708,14.91
295786,14.91
219570,15.05
185085,15.48
84727,13.96
142923,14.91
155196,15.48
72882,14.91
114312,14.91
244539,15.48
148893,14.91
152250,15.48
186073,15.48
234245,14.91
156745,15.48
277265,14.91
110269,14.91
298750,14.91
140795,14.91
65702,14.91
183576,14.91
81580,14.91
65708,15.48
58133,14.91
149417,14.91
296411,14.91
252617,15.48
281552,14.91
192758,15.48
282381,14.91
211983,14.91
144446,14.98
54784,14.91
187388,14.91
180586,15.13
227751,15.48
153879,15.48
279015,14.91
1986,14.91
284946,14.91
180753,15.05
211586,14.91
1907,14.91
220028,14.91
298691,15.48
75012,14.91
92334,14.91
12778,14.91
164290,15.48
167010,14.91
149642,14.91
190923,15.48
99364,15.48
137679,14.91
251127,14.91
68923,14.91
35690,14.91
292540,14.91
221458,14.91
210489,15.48
218124,15.48
190672,14.91
136268,14.91
216739,15.48
183406,15.48
103556,14.91
133009,14.91
9431,15.05
106094,14.91
63818,14.91
162935,14.91
120525,14.83
280194,14.91
192622,14.91
234050,14.91
77668,14.91
267294,14.91
290034,14.91
197386,15.48
222064,13.96
159074,15.48
52515,15.48
147407,14.91
255920,15.48
52934,14.91
134058,13.96
288056,14.91
108818,14.91
227414,15.05
248319,15.48
265111,15.48
55504,14.91
280996,15.48
141483,14.91
83857,14.91
13269,14.96
137715,14.91
214722,15.05
180664,15.05
233380,15.48
127640,14.91
94258,14.91
14612,14.91
261252,14.91
261234,14.91
189986,14.91
173033,14.91
48443,14.91
190927,14.91
71352,14.91
202899,14.91
14760,14.91
275880,13.96
27400,14.91
296691,14.91
181810,15.13
255878,14.91
110930,14.91
145771,14.91
108885,14.91
60528,13.96
172827,14.91
78880,14.91
199494,14.91
251025,15.48
80823,14.91
189692,14.91
190376,15.48
234365,14.91
195340,14.91
176148,14.91
296812,15.48
2639,14.91
225209,14.91
231422,15.48
204890,15.48
203431,14.91
209168,13.96
139223,14.91
174835,14.91
255645,14.91
100458,14.91
130184,15.48
171827,15.48
89854,15.48
269935,14.91
180023,14.91
177142,15.48
155055,14.91
181514,15.48
168307,14.91
220075,14.91
180607,15.48
242248,14.91
95981,15.48
186056,14.91
17197,14.91
88683,15.48
173112,15.12
116284,14.91
16192,14.91
197619,14.91
160620,14.96
71086,15.48
8903,14.91
254435,14.91
95934,15.12
175916,14.91
1980,14.91
76552,14.91
537,14.91
287639,14.91
240153,15.48
38100,14.91
176585,14.91
286753,14.91
284019,14.91
128325,14.91
129044,15.13
297083,15.48
205732,14.91
287695,14.91
251916,14.91
23349,14.91
8157,14.91
57012,14.98
238875,14.91
249117,13.96
244280,15.48
101159,14.91
108502,14.68
254457,15.48
113102,15.48
105635,14.91
99464,14.91
65416,14.91
71120,14.91
186293,14.91
118562,14.91
229071,14.91
139271,14.91
199372,15.05
196119,14.91
110122,15.48
206732,14.91
227581,15.13
53798,14.91
59593,14.91
145219,14.91
97164,14.91
176016,15.48
110383,14.91
11819,13.96
246888,14.91
271507,14.91
44237,14.91
237560,14.91
160344,15.48
44511,14.91
140729,14.91
184939,14.91
13302,14.91
261312,14.91
110988,14.91
73106,14.91
243808,14.91
283560,14.91
274637,15.12
86967,13.96
241509,14.91
193895,14.91
8351,14.91
231948,14.91
221157,15.48
93312,14.91
59658,14.91
8432,14.91
210714,14.91
258409,15.48
43604,15.48
7898,15.48
287619,15.48
183863,15.48
17265,15.48
224535,14.91
42115,14.91
295872,14.91
171011,14.91
79859,15.48
80748,14.91
91087,14.91
239464,14.91
275899,15.13
115718,15.12
138192,14.91
60854,14.91
128338,14.91
231588,14.91
217065,14.91
135038,15.48
95707,14.91
83349,15.48
129210,15.48
69248,14.91
62525,14.91
253021,15.13
238242,14.91
216919,14.91
226805,14.91
238720,14.91
129024,14.91
266502,14.91
277714,15.05
241806,14.91
288366,15.48
27475,14.91
20098,14.91
218131,14.91
43655,14.91
199076,14.91
267560,15.48
41474,14.91
146478,14.91
47650,14.91
41596,14.91
260515,14.91
153510,14.91
217501,14.91
247663,14.91
68309,15.48
142582,14.91
155934,14.91
152513,14.91
166416,14.91
156284,14.91
271415,14.91
21645,14.91
253080,14.91
85808,14.91
257058,14.91
69053,14.91
120056,14.91
149111,15.48
229645,14.91
291507,14.91
233586,14.91
247557,14.91
226610,14.91
193806,15.48
55061,13.96
195422,14.91
87332,15.12
115763,14.91
56436,14.91
9703,13.96
178568,14.91
55330,14.91
13796,14.91
59031,14.91
199538,15.48
181924,15.48
22709,13.96
286203,14.91
23038,15.48
42882,14.91
197610,14.91
196002,14.91
245117,14.91
232144,15.48
173854,14.91
104882,15.48
148750,14.91
295878,15.12
159920,15.48
24272,14.91
206297,15.48
229735,15.48
106459,14.91
232508,15.48
200020,15.48
51544,14.91
205855,14.91
7282,15.13
273217,14.91
35564,13.96
13549,14.91
138268,14.91
85647,14.91
18792,14.91
100904,14.91
184343,14.91
4258,14.91
270241,15.12
267506,14.91
26844,15.05
107046,14.91
39109,14.91
34173,15.48
76105,13.96
233901,14.91
164354,14.91
16552,14.91
234024,14.91
100091,15.48
241943,15.48
174311,14.91
94932,14.91
106815,14.91
269213,13.96
65696,15.48
52772,14.91
52239,15.48
4590,15.48
254536,14.91
195921,14.91
45567,15.48
114938,14.91
181695,14.91
265891,15.05
50975,14.91
191599,14.91
53535,14.91
190408,14.91
188044,15.13
295219,13.96
255644,14.91
276418,14.91
221935,14.91
45562,14.91
74852,14.91
121411,14.91
233098,14.91
94971,14.91
161825,14.98
135593,14.91
174357,15.13
220649,14.91
97616,15.48
221126,15.48
58022,14.91
13409,14.91
37606,14.91
278589,14.91
157540,14.91
49357,15.48
59048,14.91
125513,14.91
185070,15.48
246877,14.91
196610,14.91
103053,14.91
36419,14.91
199067,14.91
26503,13.96
75969,14.91
296024,15.48
5390,14.91
196571,15.48
202345,15.48
201416,14.91
241911,14.91
258474,14.91
110326,13.96
5817,14.91
41849,14.91
63109,15.48
145879,15.48
133099,14.91
65738,15.48
241856,13.96
134577,15.05
111376,14.91
181845,15.48
7604,14.91
84724,15.48
192259,15.48
136379,13.96
100434,15.48
49108,14.91
24610,14.91
116070,15.48
153573,14.91
211540,14.91
87599,14.91
52073,14.91
126803,14.91
66771,14.91
220970,15.48
103211,15.48
92534,15.48
28776,14.91
188151,14.91
98983,14.91
26965,14.91
53467,14.91
138703,14.91
56682,14.91
289334,13.96
146031,14.91
131135,13.96
60539,15.48
199212,14.91
90640,14.91
144909,15.48
103528,14.91
94265,14.91
282885,14.91
211213,15.48
34337,14.91
288043,14.91
84533,14.91
255693,15.05
52232,14.91
15494,15.48
228821,15.48
96544,15.48
70148,14.91
120759,15.12
271342,14.91
279391,14.91
40664,14.91
265491,15.48
254185,14.91
55084,14.91
87597,15.48
247543,14.91
253199,14.91
255385,14.91
164453,14.91
164575,14.91
296971,14.91
254047,14.91
13376,14.91
130101,14.91
51055,14.91
15788,14.91
31391,14.91
178681,14.91
177042,15.05
30711,14.91
295463,15.13
274487,14.91
13937,15.48
236088,14.91
130014,15.48
178217,14.91
279985,14.91
240385,14.91
147784,14.91
269076,15.48
84052,15.48
46408,15.48
260117,15.48
162377,14.91
151023,14.91
296819,15.48
151392,14.91
127215,15.48
261056,14.91
245605,15.48
30545,15.05
60216,14.91
227243,14.91
115754,14.91
171324,14.91
222316,14.91
283382,15.13
179702,14.91
83870,14.91
189954,14.98
18231,14.91
279979,14.91
242696,14.91
77240,14.91
30796,14.91
287600,14.91
263367,14.91
25118,15.12
41221,15.48
179807,15.48
102601,14.91
213446,14.91
1706,14.91
130591,14.91
277574,14.91
85702,14.91
252844,14.91
126190,14.91
296453,14.91
198822,14.91
54936,14.91
63917,14.91
277350,15.48
188387,14.91
145713,14.91
66500,13.96
199791,15.48
200772,14.91
47259,14.91
222029,13.96
274173,14.91
170750,14.91
204028,14.91
71317,14.91
5054,14.91
139355,15.48
242220,14.91
20575,14.68
221525,14.91
212213,15.48
27156,14.91
202192,14.91
203439,14.91
184028,15.48
190808,14.91
200006,14.91
79880,14.91
262933,14.91
285314,15.05
67002,14.91
15958,15.48
256146,14.91
96265,14.91
76008,14.91
196169,14.91
171064,14.91
297917,14.91
184938,14.91
68213,14.91
186258,14.91
215028,14.91
56439,14.91
110847,14.91
198554,15.48
278180,14.91
86070,14.91
278879,14.91
67967,15.48
36155,14.91
154737,14.91
275936,14.91
98172,14.91
297866,14.91
77115,14.91
9070,15.48
295342,15.48
18043,14.91
96649,15.05
94754,15.48
88859,15.48
247279,14.91
1471,14.91
69513,14.91
184727,15.48
125298,14.91
250835,15.48
214885,14.91
237406,14.91
280738,15.48
451,14.91
212886,14.91
103748,14.91
57407,14.91
286428,15.13
150407,15.12
215555,14.91
140290,15.48
195309,14.91
296377,13.96
109009,14.91
72005,14.91
109718,14.91
173329,14.91
214592,15.13
253154,15.05
154342,15.05
134547,13.96
59175,14.91
106568,15.48
137159,13.96
158385,14.91
61401,14.91
286087,14.91
168035,14.91
175946,14.91
287616,14.91
261643,15.05
79707,15.48
240164,14.91
48731,14.91
123516,14.91
62335,15.48
266104,14.91
32286,15.48
221723,14.91
120357,15.48
138054,14.91
204427,14.91
199874,15.48
256246,14.91
185426,14.91
156358,15.48
89547,14.91
52685,15.05
237309,15.48
189894,15.48
273862,15.05
42281,14.91
13736,14.91
9642,15.48
107399,14.91
81438,14.91
22254,14.91
161339,14.91
42706,15.05
287386,13.96
35571,14.91
123574,14.91
34902,14.91
117129,15.13
31772,14.91
284954,14.91
209962,14.91
28787,14.91
12669,14.91
101688,14.91
33779,14.91
170097,14.91
297429,15.48
44561,15.48
97292,14.91
227502,14.91
128595,15.48
35587,14.91
155126,14.91
283255,14.91
52340,15.48
75066,14.91
63948,15.48
67983,14.91
38639,14.91
171571,14.91
17660,14.91
265811,14.91
37210,14.91
299431,14.91
196913,14.91
117441,14.91
160567,14.91
187858,14.96
174943,15.12
60690,15.48
191718,13.96
61353,14.91
190855,14.91
180059,14.91
210792,14.91
197968,14.91
161172,14.91
163890,15.48
6531,15.48
283943,14.91
264161,15.05
127987,15.48
251267,14.91
140487,14.91
228802,15.48
62546,14.91
76427,13.96
124128,14.91
253156,14.91
108609,15.48
2539,14.91
55700,14.91
276243,15.48
57210,14.91
263155,15.48
291148,14.96
153594,14.91
22247,13.96
76668,14.91
276022,14.91
112436,13.96
265678,14.91
72209,15.48
182241,14.91
201704,15.48
101119,15.48
54740,14.91
68517,15.48
49217,14.91
172037,15.48
122766,14.91
35241,14.91
187708,14.68
24394,14.91
179383,13.96
71504,14.96
93104,15.13
297262,14.91
79712,14.91
38541,14.91
237497,14.91
116958,14.91
99427,15.48
184821,15.05
113949,15.48
240957,13.96
265399,15.13
257177,14.91
260895,15.48
92469,14.91
238750,15.48
43406,14.91
204793,15.48
273132,15.48
192792,15.48
131172,15.05
256097,14.91
23838,14.91
136475,14.91
171566,13.96
232816,14.91
53077,14.91
118296,15.48
294744,15.48
195174,14.91
285501,14.91
169461,14.96
280914,14.91
94047,14.91
53409,15.48
3062,13.96
75043,14.91
149115,14.91
222675,14.91
242763,15.48
124045,14.91
143894,14.91
88560,14.91
244470,14.91
83554,14.91
209402,13.96
273775,14.91
120456,15.48
193381,14.91
224420,14.91
143477,13.96
56035,14.91
23115,14.91
205573,14.91
293869,14.91
44183,14.91
253134,15.48
129613,14.91
149479,14.91
238092,14.91
228749,14.91
32800,14.91
57465,14.91
189726,14.91
193171,15.48
77313,14.91
52097,14.91
293878,14.91
139598,15.48
295664,14.91
152350,15.48
60874,14.91
194637,14.96
277895,13.96
137867,14.91
146441,14.91
195757,14.91
226236,15.48
147511,15.48
185333,14.91
28185,15.13
15009,15.48
174606,14.91
112355,15.16
280328,14.91
45602,14.91
295018,14.91
118409,14.91
178841,14.91
8086,14.91
184698,15.48
199613,14.91
249983,14.91
61969,15.48
151882,15.48
190028,14.91
10004,14.91
107385,15.48
7430,15.48
72353,15.48
133918,14.83
90236,14.91
238713,14.91
167170,15.48
193684,14.91
2479,14.91
69305,15.48
274801,15.13
98328,14.91
190922,15.48
190185,14.91
262041,15.48
1076,15.05
171656,14.91
58859,14.91
141257,14.83
264966,15.13
219547,13.96
295862,14.91
123297,15.48
65123,14.91
140909,14.91
244951,14.91
23855,14.91
193365,15.48
13319,14.91
70459,14.91
161754,15.48
91354,14.96
178295,14.91
117183,15.48
204278,14.91
43953,15.48
1420,14.91
289374,13.96
32894,14.91
112613,14.91
154256,14.91
172076,15.48
34120,15.48
277119,15.48
77481,14.91
129447,14.91
63571,15.48
3846,14.91
160373,14.91
17798,15.48
27005,14.91
284023,14.91
196282,14.91
2634,14.91
41104,14.91
200630,14.91
74397,15.48
120491,14.91
177395,14.91
137776,15.48
111902,14.91
117537,14.91
153079,14.91
8338,14.91
280234,14.91
201429,13.96
25158,14.91
166040,14.91
150856,14.91
211468,14.91
85049,14.91
60403,14.91
201818,14.91
56938,13.96
272880,15.48
5720,14.91
248271,14.91
55881,14.98
64936,14.91
196892,14.91
215330,15.48
208803,14.91
261290,15.48
129549,14.91
144210,14.91
159009,14.91
267600,15.05
223289,15.48
176035,15.48
159282,14.91
276204,15.48
96682,13.96
251326,14.91
113944,14.91
274346,14.91
97764,14.91
105858,14.91
160617,14.91
32835,14.91
202556,14.91
193833,13.96
29044,14.91
228510,15.48
207692,15.48
189219,14.91
55283,15.48
69231,14.91
123793,15.12
20243,14.91
233547,14.91
213528,14.91
165680,15.48
89179,15.48
234669,14.91
133745,14.91
189244,14.91
248380,13.96
98382,14.91
29018,14.91
90177,14.91
44933,14.91
187370,14.91
171869,13.96
293328,14.91
270082,15.13
292291,15.48
31712,15.48
266027,14.91
86934,13.96
287214,15.48
273567,14.91
296770,14.91
9933,14.91
89376,15.48
102255,14.91
101261,14.68
230083,14.91
102960,15.48
209826,14.91
42634,15.13
114162,13.96
170330,15.48
137558,14.91
138498,14.91
220651,14.91
234099,14.91
240269,13.96
186668,15.48
21310,14.91
12268,14.91
213023,14.91
91931,14.91
34075,15.13
181808,14.91
135938,14.91
57198,14.91
175613,15.48
135811,15.48
269346,14.91
111377,14.91
47062,14.91
178469,15.48
124387,14.91
66107,14.91
29152,13.96
169488,15.48
76939,14.91
261940,14.91
52460,14.91
66345,14.91
216855,14.91
154684,14.91
193463,15.48
41472,15.48
228917,14.91
214463,14.91
208623,14.91
192395,14.91
298979,13.96
47611,14.91
11612,14.91
267204,14.91
215754,14.91
296538,14.96
87017,14.91
30027,14.91
229500,15.48
298346,14.91
202605,14.91
132777,14.91
5678,14.91
66064,15.48
279458,14.91
202780,15.48
41253,15.48
236835,14.91
14003,14.91
285766,14.91
75440,15.16
14287,15.48
121443,15.05
79517,13.96
171396,14.91
154558,14.98
9926,15.48
217780,14.91
70942,15.48
121752,14.91
52810,14.91
14864,14.91
126081,14.91
173658,14.91
238782,15.48
207070,14.91
37874,14.91
168620,15.48
134730,14.91
127230,14.91
238625,14.91
147712,14.91
251914,15.48
87389,15.48
278447,14.91
219058,14.91
218252,14.91
109660,14.91
17670,15.05
143932,14.91
78243,13.96
62759,14.91
103838,15.48
57773,14.91
248093,14.91
179817,14.91
130877,14.91
122140,14.91
291128,14.91
210870,15.48
161468,14.91
153816,14.91
252718,14.91
145131,14.91
1634,14.91
119271,13.96
267867,14.91
256108,14.91
49190,15.05
207759,14.91
22625,15.48
130117,14.91
98525,14.91
76177,14.91
111757,15.48
218729,14.91
240920,14.91
177952,14.91
157011,15.48
87157,14.91
106485,15.48
159852,14.96
60117,14.91
231626,14.91
156714,14.91
202032,14.91
252988,14.91
164451,14.91
166823,14.91
81795,14.91
250156,14.91
58413,14.91
226935,15.48
177507,15.48
124453,15.48
237320,15.48
173908,15.48
69468,14.91
66036,15.48
102491,15.48
140332,14.91
47284,14.91
214038,14.91
124001,13.96
233542,15.48
137530,15.48
38865,14.91
250140,15.48
97654,14.91
32827,15.48
125113,14.91
28299,14.91
200224,14.91
41787,13.96
234494,15.48
278675,14.91
295956,15.05
166241,15.48
28015,14.91
171066,15.48
67762,14.91
269161,14.91
193717,14.91
134123,14.91
66473,15.05
217687,15.48
296293,13.96
36516,13.96
298555,14.91
252697,15.48
114988,15.48
92424,15.13
262160,15.48
133496,14.91
282375,14.91
73524,15.48
292910,14.91
191838,15.48
259495,14.91
229636,15.48
192528,15.05
157333,14.98
127310,14.96
298588,14.91
105850,15.48
154506,15.12
99291,14.91
55082,14.91
18610,14.91
114687,15.48
159162,14.91
121227,15.48
10300,14.91
204950,14.91
11311,14.91
128575,14.91
76964,14.91
34422,15.48
246328,15.05
256703,14.91
285629,14.91
259525,14.91
252536,14.91
3816,14.91
165630,14.91
3468,13.96
225368,14.91
9319,14.91
52195,15.48
281725,14.91
39459,14.91
215928,14.91
92326,14.91
260272,15.48
182337,14.91
173707,14.91
284164,14.96
175205,14.91
123938,15.48
12011,14.91
158459,14.91
30401,14.91
293831,14.91
257583,14.91
114432,15.48
273713,14.91
180702,14.91
25259,14.91
12155,14.96
154115,14.98
63073,15.48
162632,15.13
21747,14.91
85184,14.91
181410,14.98
157310,15.48
218102,15.48
282271,14.91
191506,14.91
136663,13.96
126077,14.91
170899,14.91
140216,15.05
49915,15.05
258554,14.98
146388,15.48
83026,14.91
137465,14.96
82415,14.91
169645,15.48
261079,14.91
28577,14.91
182387,14.91
95987,14.91
80987,14.91
101272,14.91
261894,14.91
19734,14.91
6508,15.48
105985,14.91
288657,15.12
285421,14.98
39214,14.91
193191,14.91
200633,15.48
166561,14.91
131067,14.91
38217,14.91
172193,14.91
90721,14.91
132721,15.48
271674,14.91
246709,15.48
203940,14.91
71997,15.05
70908,14.91
144051,14.91
221714,15.48
112661,15.05
44537,14.91
73072,14.91
177628,15.48
40194,14.91
219420,14.91
271862,14.91
243551,14.91
199969,15.16
245730,13.96
40849,14.91
37487,15.48
178114,14.91
76347,14.91
176031,15.48
50756,15.48
15327,15.48
143361,15.48
80908,15.48
289907,13.96
145891,14.91
80684,14.91
254686,14.91
247610,14.91
243892,14.91
6575,14.91
47285,15.48
281011,14.91
31818,14.91
204284,14.91
3877,14.91
154161,14.91
205446,14.91
97383,15.48
257882,14.91
90868,14.91
103558,15.48
59269,15.48
97972,14.91
211045,14.91
265446,15.05
116435,15.48
202456,14.91
283547,13.96
165189,14.91
148351,14.91
141072,14.91
249524,14.91
299085,14.91
119104,14.91
1378,14.91
86891,14.91
60064,15.05
79258,14.91
5202,15.48
256043,15.05
259546,13.96
267053,15.13
82888,14.91
201961,14.91
211917,15.05
93077,15.12
969,14.91
47266,15.11
37880,14.91
236729,14.91
149519,14.91
118339,14.91
93593,14.91
130792,14.91
289332,14.91
34261,15.48
268500,14.91
14987,15.48
7304,14.91
97083,14.91
100787,14.91
47672,14.91
93481,14.91
202458,13.96
177284,14.91
106892,15.48
57109,14.91
182636,14.91
77838,15.48
171503,15.48
199336,14.91
140105,15.48
286145,14.91
267535,15.48
47405,14.91
254031,14.91
212637,14.91
57942,14.91
183560,14.91
194080,15.48
239432,14.91
133943,14.91
216206,14.91
115784,14.91
163380,15.48
53214,15.48
174304,15.48
165583,14.96
2039,14.91
192535,14.91
109657,14.91
180112,15.48
288591,14.91
94535,14.91
87057,14.91
204635,14.91
11817,14.91
34635,13.96
44221,15.48
85054,15.48
7344,15.48
26866,14.91
280408,14.91
239056,14.91
279729,14.91
228137,14.91
2420,14.91
182277,15.48
293799,14.91
258312,14.96
207232,14.91
296382,14.91
38458,14.91
101173,15.48
157889,14.91
239200,13.96
250894,14.91
20428,14.91
196502,14.91
58308,14.91
24881,15.48
149389,15.48
59207,14.91
181613,15.48
105035,15.48
260603,14.91
238374,15.48
42517,14.91
108182,14.91
170759,14.91
191157,14.91
243617,14.91
28370,14.91
36294,14.91
171811,15.12
8164,14.91
126026,13.96
170525,14.98
34798,14.91
271677,14.91
231601,15.48
162814,14.91
155812,14.91
276386,14.91
130705,14.91
163073,15.48
216453,14.91
261360,14.91
267762,13.96
151714,14.91
155022,15.48
130305,14.91
4015,15.48
18277,14.91
233689,15.05
130119,15.13
146205,14.91
78845,15.48
96500,14.91
199269,15.48
214888,14.91
37459,15.48
217610,13.96
43937,15.48
88197,14.91
171347,14.91
91818,14.98
260204,15.48
171792,13.96
46381,14.96
278364,14.91
42044,15.12
279684,14.91
292664,15.48
244460,14.91
198878,14.98
251181,15.12
76023,14.91
256680,14.91
16565,15.48
112046,14.91
252602,13.96
107716,14.91
133984,14.91
187884,14.91
27014,14.91
182730,15.13
235550,15.13
34787,14.91
158207,14.91
195895,14.91
266591,14.91
69396,14.91
259718,14.91
113049,14.91
255311,13.96
145485,14.91
26250,13.96
211282,14.91
280988,15.48
27702,14.91
12470,14.96
1825,14.91
289121,15.48
144622,14.91
17344,14.91
188429,14.91
4122,15.48
102017,14.91
161403,14.91
275927,14.91
109337,15.48
194145,15.48
290014,14.91
265809,14.91
142189,14.91
273827,14.91
30539,14.91
39927,14.91
133140,15.05
104748,14.91
17813,14.91
173595,15.48
1611,14.91
111689,14.91
230721,14.91
184943,15.48
295649,15.05
27987,15.13
121952,14.91
127899,15.48
26082,15.13
299088,14.91
288849,14.96
271718,15.13
108050,14.91
46647,14.91
162352,14.91
233886,15.48
66573,14.91
220801,13.96
142127,14.91
11721,14.91
199748,14.91
241268,15.48
4225,14.91
48484,14.91
112259,14.91
286131,14.91
53821,15.48
145614,14.91
109619,14.91
17673,15.48
44935,14.91
215649,15.12
278477,14.91
12857,14.91
203379,14.91
224903,14.91
100274,15.05
272111,15.48
160059,15.48
159331,14.91
245649,15.48
85030,15.48
112319,14.91
287601,14.91
298275,14.96
116254,15.13
278829,14.91
204781,14.91
39530,15.48
294609,14.91
229714,15.48
125934,15.48
174504,14.91
222658,14.91
126875,15.48
90577,14.91
289392,15.05
274198,15.48
268266,14.91
86700,14.91
115729,14.91
275212,13.96
257075,14.91
131024,14.91
208922,14.91
18456,14.91
245152,14.91
181607,14.91
261085,15.48
238691,14.91
294943,15.13
40431,15.48
32481,14.91
231059,15.48
272700,15.48
270460,14.91
172483,15.48
241569,14.91
271969,14.91
78027,14.91
189009,14.91
159435,14.91
154229,14.91
39566,14.91
173697,14.91
23519,15.48
59117,15.48
158002,15.05
129986,14.91
175369,15.48
31977,15.48
43327,14.91
104302,14.91
25379,14.91
213411,14.91
67959,15.48
146216,14.91
243244,14.83
167035,15.48
60384,14.91
44379,14.91
27618,14.91
85566,14.91
210339,14.91
61711,14.91
114794,14.91
230324,15.05
51656,14.91
132321,14.91
275373,14.91
236600,14.91
250152,14.91
299359,14.91
215090,14.91
275364,15.48
240984,14.91
16915,15.13
44280,14.91
169629,14.91
86184,14.91
140702,14.91
123947,15.48
152963,14.91
154154,15.05
131692,14.91
34018,13.96
231582,15.48
23039,14.91
237685,14.91
103427,14.91
51372,14.91
41182,15.48
201489,14.91
74383,14.91
59046,14.91
259595,14.91
230921,14.91
279315,14.83
259258,15.12
242407,14.91
179503,15.48
34062,15.48
193766,14.91
90139,14.91
206796,15.48
211063,14.91
95833,13.96
168702,15.48
214075,14.91
54476,14.91
248492,14.91
90888,15.48
125890,15.05
210760,15.48
292681,15.48
296360,14.91
117278,15.48
204581,14.91
197553,14.91
142009,14.91
159244,14.91
240942,15.05
232074,14.91
245567,14.91
274068,14.96
175965,14.96
67484,14.91
2590,14.91
181721,14.91
220194,14.91
286526,14.91
78267,14.91
141981,14.91
29663,14.91
190067,15.48
254398,14.91
226371,14.91
41384,14.91
142624,14.91
68466,15.05
178751,15.48
36392,15.48
175721,15.05
5663,14.91
74635,15.48
270244,15.13
273953,15.48
212471,14.91
281757,15.48
34723,14.91
123307,15.48
199790,15.05
179933,14.91
193399,15.05
17857,14.91
200415,15.05
248965,15.12
183097,15.48
245776,15.48
205471,14.91
229982,14.91
91861,15.48
92862,14.91
282838,15.13
168444,13.96
85265,14.91
189001,14.91
79941,14.91
30192,15.05
231427,14.91
196166,14.91
134868,14.91
112446,15.48
223784,15.48
87986,14.91
193532,14.91
115455,14.91
5050,13.96
296341,14.91
140288,15.09
186499,14.91
141791,14.75
33512,15.05
19507,14.91
159353,14.91
98995,14.91
147683,14.91
55919,14.91
217838,14.91
192455,15.48
221913,14.91
248586,15.48
42568,14.91
120913,13.96
7784,15.48
242975,14.91
121232,14.91
29655,13.96
153481,14.91
103722,14.91
149385,14.91
120921,14.91
110848,14.91
174847,14.91
24887,14.91
271593,15.48
229810,14.91
269341,15.48
258140,14.91
148250,14.91
148369,14.91
10272,15.48
111466,14.91
62778,14.91
178874,13.96
23178,13.96
61134,14.91
246453,15.48
186059,14.91
299136,14.91
193585,14.91
233865,14.91
4476,15.48
41482,14.91
4966,14.91
120973,14.91
255848,15.48
233761,14.91
263575,14.91
67818,14.91
251608,14.91
157182,14.91
116048,14.91
212056,14.91
36417,14.91
192702,14.91
10270,15.13
194367,14.91
186793,14.91
94203,14.91
259004,14.91
3841,14.91
71035,14.91
201195,14.91
204381,14.91
166107,14.91
285652,15.05
3879,14.91
274841,14.91
1745,14.91
155579,15.12
143842,14.91
298983,13.96
48762,14.91
136344,15.05
178742,14.91
105737,14.91
133727,14.91
135724,15.48
169252,14.91
83299,14.91
24236,15.48
94200,13.96
285917,15.13
4334,14.91
226957,13.96
42898,14.91
20615,14.91
65035,14.91
60666,15.12
74975,14.91
248945,14.91
270127,14.91
215730,14.91
256286,14.91
38634,14.91
252428,14.98
236240,15.48
126530,14.91
249380,14.91
34121,14.91
30339,15.48
245301,14.91
41815,14.91
191309,13.96
224864,14.91
54325,14.91
47404,14.91
298269,15.48
96993,15.48
191635,14.91
237432,15.48
49409,14.91
124679,14.91
118778,14.91
140813,15.48
43086,14.91
258180,14.91
285553,15.13
23306,15.12
130204,15.48
107277,13.96
63305,14.91
208222,15.48
224350,13.96
183501,14.91
248089,14.91
71038,14.91
156018,15.48
247457,14.91
190409,14.91
141840,14.91
16263,14.91
262888,14.91
81434,14.91
55569,14.91
238282,14.91
58933,14.91
207091,14.91
111113,14.91
25090,15.48
119645,15.48
201462,15.48
123780,14.91
1304,14.91
288040,14.91
299144,14.91
424,14.91
155346,15.48
32171,15.48
220667,14.91
244443,14.91
106075,14.91
112696,15.48
192930,14.91
222172,14.91
11320,14.91
127148,15.48
235975,14.91
263025,14.91
185321,13.96
58642,14.91
17330,15.48
42987,14.91
530,15.48
211670,14.91
1833,14.91
224155,13.96
158027,14.91
211980,14.91
41986,14.91
170532,14.91
5560,14.91
267280,14.91
230582,15.05
213317,13.96
295979,15.48
191187,14.91
74797,13.96
55871,14.91
80260,14.91
114773,14.91
235787,14.91
132844,14.91
23902,14.91
263431,15.48
47582,15.48
219592,15.48
12987,13.96
45161,15.48
61377,15.48
220408,14.91
57899,14.91
105076,13.96
50368,14.91
164704,14.91
66421,14.91
112833,15.48
280232,13.96
163599,14.91
57402,14.91
51425,14.91
38795,14.91
156454,14.1
92656,15.48
84079,13.96
271246,15.13
129282,14.91
225152,14.91
147078,14.91
133878,14.91
235693,13.96
273994,15.48
264346,14.91
3477,15.48
274604,14.91
124147,14.91
174458,15.48
33743,14.91
75427,14.91
8002,15.48
142876,14.91
214480,14.91
243072,14.91
215031,14.91
15213,13.96
225472,14.91
229417,14.91
90214,14.91
151321,14.91
215045,14.91
181172,14.91
26576,14.91
210936,13.96
89606,14.91
218904,15.48
273482,15.13
176752,14.91
182403,15.48
180029,15.05
93391,14.91
54457,14.91
169924,14.91
127976,14.91
202382,14.91
207285,14.91
216511,14.91
230205,14.91
229561,15.48
23390,14.91
257974,15.05
197271,15.48
184802,14.91
27182,15.48
126170,14.91
80225,14.91
210926,14.68
140752,15.48
167858,15.48
120019,14.91
124135,14.91
209742,15.48
174141,14.91
80882,14.91
249791,14.91
108871,14.91
190040,15.48
158996,14.91
280850,14.91
107739,15.48
185123,15.48
285845,14.91
149667,14.91
203154,14.91
226445,15.48
238332,14.91
161961,15.48
252868,14.91
246605,13.96
47342,14.91
79946,14.91
60784,14.91
276682,14.91
128357,14.91
172413,15.48
127240,15.48
205404,15.48
164411,14.91
88898,15.13
4746,14.91
156118,14.91
97753,15.48
179077,15.48
156561,14.98
18243,14.91
280019,14.91
82951,14.91
19198,14.91
219983,15.48
234027,14.91
189748,14.91
269856,14.91
182545,15.48
81499,14.91
172473,14.91
158918,15.48
29346,14.91
239990,14.91
17985,14.91
280866,15.48
141186,14.91
222309,14.91
271994,13.96
56764,15.48
290365,14.91
185024,14.91
97354,14.91
138160,15.48
118179,14.91
255672,15.05
192012,14.91
289141,15.48
151170,15.48
298627,14.91
48330,14.91
255456,15.48
95384,14.91
72613,15.48
20543,15.48
137095,14.91
196326,14.91
192633,15.13
73042,14.91
186478,14.96
29715,14.91
297850,14.91
109119,14.91
202322,15.48
161845,15.48
268217,14.91
119261,15.13
291195,14.91
162958,14.91
163233,15.48
97052,14.91
267421,14.91
257057,14.91
262203,15.48
278295,14.91
239128,13.96
198752,14.91
36681,15.48
283121,14.91
196000,14.91
264952,14.91
143414,13.96
293621,14.91
41713,13.96
193545,14.91
50357,13.96
257391,14.91
137693,14.91
263116,15.12
209409,13.96
165529,14.91
199741,14.91
132216,14.68
143659,14.91
176289,14.56
88918,15.48
84946,15.05
289734,14.91
15063,14.91
119318,14.91
42262,14.91
225612,14.91
172296,14.91
155194,14.91
214529,14.91
134308,14.91
212338,14.91
148496,14.91
146477,14.91
137161,14.91
245389,15.48
21414,13.96
47577,14.96
226941,15.48
178501,15.13
230119,14.91
240776,14.91
175542,13.96
104820,15.48
222574,13.96
40058,14.91
270185,14.91
144143,14.91
289832,13.96
299003,15.48
278900,14.91
78488,14.91
237895,15.48
58639,14.91
236641,14.91
276476,15.48
212823,15.48
141985,14.91
1085,15.13
102592,14.91
45643,14.91
58951,15.05
100290,15.48
33178,15.05
175931,14.91
50374,14.91
57193,14.91
208051,14.91
41745,15.48
14418,14.96
62995,14.91
276800,14.91
176555,15.48
76949,14.91
19215,14.91
153813,15.48
221325,14.91
103018,13.96
210454,14.91
290614,14.91
234823,13.96
48435,14.91
143977,14.91
42974,14.96
250440,13.96
115407,14.91
182370,14.91
243095,15.48
169563,15.05
103655,14.91
211594,15.48
134277,14.91
169173,14.91
28478,14.91
231899,14.91
33645,14.91
54021,15.13
208267,14.91
115310,14.91
133271,13.96
146293,15.05
73480,14.91
280684,15.12
54714,14.91
719,15.48
13740,15.48
74525,14.91
59488,14.91
286014,15.12
221524,14.91
280309,14.91
51827,15.48
234818,14.91
255667,14.91
260784,14.91
124221,14.91
61457,14.91
58770,14.91
187237,14.91
54841,14.98
104919,14.91
121373,14.91
228339,14.91
32799,14.91
213699,14.91
49874,14.91
29418,15.12
214221,14.91
29295,14.91
198232,14.91
191037,15.48
34880,14.91
253116,15.48
75974,14.91
42290,15.48
33924,15.13
285474,15.05
62355,15.48
152330,15.48
55361,15.48
49849,14.96
124581,14.91
95140,15.48
217759,14.91
82990,14.91
73251,14.91
137662,14.91
55313,13.96
232686,14.91
154339,15.48
34510,15.48
130661,14.91
201632,14.91
133637,14.91
120270,14.91
154582,14.91
7838,14.91
229088,14.91
220943,15.48
206353,15.48
20140,14.91
38912,14.91
124906,14.91
62714,14.91
175225,15.12
255980,14.83
216907,15.48
298984,14.91
1963,14.91
282904,15.13
193222,14.91
29602,15.48
246150,14.91
74990,14.91
34980,15.48
74418,15.48
230765,14.91
77347,15.12
120550,14.91
22064,15.48
180838,14.91
68745,14.91
246968,14.98
98743,14.91
78711,14.91
231745,14.91
113744,14.91
248179,14.91
146450,14.91
74676,14.91
177189,14.91
18637,14.91
286025,15.05
191510,14.91
119586,15.48
45706,15.48
167570,15.48
51119,15.48
239282,14.91
249708,15.48
162013,15.48
224215,15.48
58001,14.91
252403,15.48
165675,15.12
288689,14.91
148055,14.91
2438,14.91
98039,15.48
51645,14.91
64022,15.48
207977,14.91
274244,14.91
287107,14.91
13138,14.91
207746,14.91
222368,14.91
190742,13.96
40857,14.91
50337,14.91
243415,14.91
74310,14.91
9864,14.91
249128,14.91
74492,15.48
91851,15.48
97547,14.91
67847,15.12
141321,15.16
180100,15.48
261196,14.91
96242,14.91
216426,14.91
86496,15.48
177297,14.91
109658,14.91
45097,14.91
66794,14.91
49008,14.91
201671,14.91
40733,14.91
26534,14.91
227961,15.48
37855,14.91
113057,15.48
1694,14.91
244335,14.91
268688,15.05
296845,15.48
245824,14.91
180626,14.91
297909,14.91
125626,15.48
205532,14.91
178152,14.91
53520,14.96
146162,14.91
88074,14.91
218474,15.13
233470,14.91
230092,14.91
269283,14.91
291215,14.91
95352,14.91
104777,15.48
58552,14.91
71727,14.91
142207,14.91
47878,14.91
132639,14.91
287808,15.48
81122,15.48
269432,15.48
169632,15.48
96621,14.98
216942,15.48
123299,14.91
92776,13.96
240705,14.91
61410,14.91
28273,14.91
202138,14.91
99473,14.91
232647,14.91
57995,14.91
8195,14.91
186502,14.91
245518,15.48
201984,14.91
198511,15.48
41057,14.91
200657,14.91
96421,14.91
254268,14.91
215340,15.48
49314,14.91
182159,14.91
51500,14.91
264250,14.91
43677,14.96
50094,14.91
128295,14.91
244187,14.91
16489,14.91
198989,15.48
32121,14.91
25433,15.48
191021,15.48
84738,15.48
51044,14.91
83452,14.91
77932,15.48
273399,14.91
275631,14.91
265467,15.13
262671,14.91
176636,14.91
97812,14.91
52142,15.48
254551,14.91
165693,14.91
113286,15.13
167956,13.96
66535,15.48
75147,14.91
88890,14.91
106945,13.96
297335,15.05
30996,15.12
23694,14.91
58204,14.91
43998,14.91
250690,14.91
130522,14.91
157642,15.48
251176,14.91
97357,14.91
83804,13.96
251287,15.13
150267,14.91
234625,15.48
237464,14.91
141779,14.91
41410,14.91
138148,14.91
173873,14.91
277637,14.91
87160,14.91
115925,14.91
216452,14.91
90153,14.91
210376,14.91
76313,14.91
34247,14.91
222424,13.96
31275,14.91
204775,14.91
140350,14.91
69694,14.91
269789,14.91
213058,15.48
159045,15.05
64005,15.48
81560,14.91
254743,15.48
155337,15.13
48017,15.48
13181,14.91
156484,14.91
80543,14.91
167953,14.91
150348,14.91
7101,14.91
76497,13.96
217789,14.91
280199,15.48
89831,15.48
188338,14.91
113389,15.48
126560,15.13
223410,15.48
273445,14.91
91150,15.48
132430,14.91
58185,14.91
3659,15.05
93676,13.96
86366,14.91
216937,14.91
298924,15.48
101639,13.96
298958,14.91
238350,13.96
218423,14.91
297711,15.48
56625,14.91
1112,15.48
297177,14.91
70648,14.91
76022,14.91
74888,15.48
148079,15.13
107732,15.48
119779,14.91
62979,15.48
264131,14.96
70949,15.48
218153,13.96
10728,14.91
189681,15.48
193953,14.91
42738,13.96
110670,14.91
281594,14.91
34725,15.48
11171,15.48
170801,14.91
245526,15.48
291981,14.91
199307,15.48
118025,15.48
36894,13.96
71519,14.91
147215,14.91
181370,15.48
39952,14.91
134556,15.48
206737,14.91
273591,14.91
149911,15.48
45217,15.05
94449,15.13
269192,14.91
246797,14.91
136243,15.48
65214,14.91
260851,14.91
204482,14.91
792,14.91
133005,14.91
244955,14.91
116972,14.91
135701,14.91
190276,14.91
154756,14.91
140940,15.48
66013,15.48
254988,14.91
3436,14.91
265968,14.91
49592,14.91
123546,14.91
187494,14.91
234051,14.91
292653,14.91
162372,15.48
297882,14.91
198462,14.91
171926,15.05
260775,15.48
20195,14.91
4333,13.96
135673,14.91
209421,14.91
274089,14.91
223080,14.91
259073,14.91
17580,14.91
84859,15.13
87601,14.96
181894,14.91
128307,13.96
153415,14.91
66141,14.91
34094,14.91
197872,15.48
160631,15.48
98331,13.96
277143,15.48
72468,15.48
225571,14.91
120756,15.48
272830,15.48
125812,14.91
227894,15.05
195647,14.91
194666,15.09
4370,15.48
86284,14.91
70687,14.91
207593,14.91
212810,15.48
231560,14.91
279811,14.91
163479,15.48
208929,14.91
248053,14.91
294141,14.91
220851,14.91
52494,15.48
138621,14.91
291764,15.48
99233,13.96
228464,15.48
267759,14.91
201107,14.91
179815,13.96
74134,14.91
54512,14.91
98354,14.91
281658,14.91
75675,14.91
251536,14.91
292548,14.91
62167,15.48
257156,14.91
175918,14.91
60616,14.91
293604,14.91
191112,14.91
211177,14.91
87846,14.91
177800,14.91
51319,14.91
104649,14.91
137166,14.91
146452,14.91
105137,14.75
174811,14.98
52330,15.48
140880,14.91
185431,14.91
153627,15.48
176225,14.91
262072,15.05
127048,14.91
231898,15.48
205658,14.91
34571,14.91
180402,15.48
205,14.91
60021,13.96
38469,14.91
133672,15.48
233259,15.12
245869,14.91
23758,15.48
61700,14.91
615,14.91
58650,14.91
32600,15.48
274233,14.98
204674,14.91
120754,15.13
119558,14.91
173104,13.96
11628,14.91
144177,15.05
50,15.48
282128,15.48
282387,14.91
172022,14.91
292063,14.91
209061,14.91
283392,15.48
20193,14.91
104755,15.48
190375,14.91
3625,15.13
173625,14.91
68896,14.91
182506,14.91
76737,14.91
982,14.91
221538,14.91
110282,13.96
254295,14.91
24507,14.91
178050,14.91
41163,15.48
15231,14.91
217850,14.91
115792,14.91
59612,14.91
155205,14.91
130843,14.91
292602,14.91
76519,14.91
33282,15.48
145991,14.91
82168,14.91
235237,14.91
39913,14.91
46659,15.48
131310,14.91
221582,15.48
268092,15.48
206068,14.91
111115,14.91
161919,15.48
181921,15.48
168990,15.48
85997,14.91
96344,14.91
205407,15.48
292716,14.91
138470,14.91
187160,14.91
265508,15.48
46057,15.48
140517,15.05
168904,15.05
85141,14.91
81443,14.91
217544,15.48
271767,14.91
102420,14.91
167157,15.05
218023,14.91
251529,14.91
52832,15.12
29328,14.91
2056,14.91
24067,15.48
268159,14.91
94583,15.48
176239,15.48
173226,15.48
209527,15.48
293585,14.91
99423,15.48
154805,14.91
169695,15.48
9179,14.91
161928,15.48
284850,14.91
129692,14.91
30215,14.91
99770,14.91
293467,14.91
214460,14.91
58906,14.91
280446,14.91
247496,14.91
296964,15.12
290520,13.96
94452,15.16
76620,14.91
219343,14.91
152093,15.48
177485,14.91
207780,14.91
271639,14.91
60285,14.91
115637,14.91
173167,14.91
121035,14.91
249240,15.48
158621,13.96
248719,14.91
266933,14.91
62325,15.12
168862,14.91
271601,14.91
53629,15.48
132715,14.91
147349,14.91
189668,14.91
36136,14.91
192527,15.05
149712,14.91
258019,14.91
240787,14.91
162246,14.91
43095,14.91
46073,14.91
138966,15.48
120484,14.91
14629,14.96
104668,13.96
83460,15.13
298415,15.48
33519,14.91
13418,14.91
205202,14.91
293290,14.91
88378,14.91
14718,15.48
231876,13.96
116583,14.91
245195,15.48
191026,15.48
224320,14.91
44864,14.91
217815,15.48
98171,14.91
164628,14.96
142195,14.91
47951,14.91
177071,14.91
36180,13.96
256492,14.91
198343,14.91
296774,15.48
8734,14.91
69770,14.91
297915,14.91
287419,14.96
231360,14.91
290701,15.48
94231,15.48
139489,15.48
114688,14.91
48242,15.48
267606,14.91
260114,15.48
150595,14.91
198879,15.48
140039,13.96
267800,14.91
23908,14.91
233597,14.91
97069,14.91
100245,14.91
202500,14.91
141123,14.91
278369,14.91
138213,14.91
244090,15.48
283054,14.91
229789,14.91
175725,14.91
115675,15.48
239139,14.91
184193,14.91
81271,14.91
131735,14.91
44258,14.91
99790,15.48
136692,14.91
268803,15.48
239285,14.91
155925,14.91
15583,15.48
91070,15.48
66046,15.48
97180,15.12
80664,14.91
213065,15.48
27949,13.96
10960,15.48
117639,14.91
210103,14.91
102077,15.48
71641,14.91
264946,14.98
9145,14.91
47728,14.91
87007,14.91
134718,14.91
173441,15.48
255623,14.91
293662,14.91
41516,14.91
288251,14.91
151243,14.91
217733,15.48
186280,14.91
128544,14.91
43794,14.91
22820,13.96
264818,14.91
239101,15.12
283891,14.91
170116,14.91
108277,14.83
274703,15.48
75276,14.91
290869,14.91
90693,14.91
120648,14.91
75952,15.48
285433,15.13
163645,14.91
104570,15.48
157306,15.48
16905,14.91
14323,14.91
140119,15.48
201290,14.91
202541,14.91
44941,14.91
2953,14.91
101041,14.91
13944,14.91
293694,14.91
139363,14.91
173312,14.91
283197,13.96
91954,14.91
214417,14.91
86545,14.91
16148,14.91
256196,14.91
125019,14.91
244944,14.91
114869,15.48
117512,13.96
205426,14.91
167806,14.91
195552,13.96
159402,15.48
218480,15.13
106948,14.91
107437,14.91
195507,14.91
137022,14.96
123252,15.48
144457,15.48
194399,14.91
54918,14.91
231296,14.91
135793,14.91
278210,15.05
65994,14.91
127838,15.05
94978,14.91
169162,15.48
189300,14.91
173806,14.91
126440,15.48
38233,13.96
231362,14.91
49079,15.48
24935,14.91
59395,14.91
241851,14.91
88636,15.13
115957,14.91
126788,14.91
139461,14.91
37739,14.91
221578,14.91
151171,15.48
213168,14.91
166234,15.48
155955,15.48
85237,13.96
151619,14.96
85666,14.91
183309,13.96
131572,15.05
133407,15.13
77001,14.91
113114,14.91
278796,14.91
53968,14.91
94242,14.91
187213,14.91
17373,15.48
209944,14.91
129980,15.48
123108,15.48
142298,14.91
207979,14.91
236107,14.91
81673,14.91
155161,15.05
23814,14.91
49282,14.91
192136,14.91
283446,14.91
271959,15.48
63969,14.91
167856,15.13
275087,15.16
145949,14.91
58528,14.91
246209,14.91
290226,15.48
229632,15.48
48415,14.91
201703,15.48
104493,13.96
186964,14.68
49334,14.91
291687,15.48
67388,14.91
10663,14.91
204470,14.91
242951,14.91
220079,14.91
139333,14.91
174563,14.91
12279,14.91
251420,15.48
28887,14.91
155355,14.91
139334,14.91
183403,14.91
297178,15.48
290493,14.91
14990,15.48
80145,15.05
119952,14.91
203114,14.91
243990,14.91
261484,14.91
216197,15.48
141248,14.91
68582,14.91
176660,14.91
40658,14.91
80337,15.05
163148,15.48
266401,14.91
14281,15.48
150716,15.48
139830,14.96
120650,14.68
130704,14.91
127441,14.91
298410,15.48
218259,15.48
80520,14.91
165882,15.48
116775,13.96
24194,14.91
15154,14.91
194499,15.48
100956,14.91
247547,15.48
60262,15.48
127872,15.48
201657,14.91
44588,15.48
86491,15.13
166730,14.91
59919,14.91
145807,14.96
53149,14.91
196511,14.91
5316,14.91
203623,14.91
90141,14.91
224842,14.91
43888,14.91
210190,13.96
178996,15.48
90485,14.91
26296,14.91
79030,15.48
225648,15.48
32664,14.91
62175,14.91
118576,14.91
199151,15.48
134137,15.12
164838,14.91
158829,14.91
196339,14.91
225962,14.91
226845,14.91
133451,14.91
17545,14.91
115370,14.91
194068,14.91
89244,14.91
62969,14.91
200154,15.48
269537,14.91
34142,15.13
103182,14.91
221648,13.96
100965,14.91
196979,14.91
107772,14.91
187823,13.96
50697,14.91
39244,14.91
279176,15.48
119667,15.48
252641,14.91
190856,14.91
18242,14.91
213718,14.91
56955,13.96
89788,14.91
283303,15.05
108417,14.91
30982,14.91
174272,15.48
186404,15.48
171150,14.91
18330,14.91
49607,14.91
20860,14.91
289292,15.16
18228,14.91
222785,14.91
103070,15.48
69377,15.48
233553,14.91
15115,14.91
175778,15.48
290209,14.91
135973,14.91
18383,14.91
287129,14.91
290098,14.91
260800,15.48
279860,14.91
277259,14.91
9290,14.91
79777,14.91
139322,14.91
5362,14.91
62497,13.96
115391,14.91
204830,14.91
288671,15.48
18318,13.96
149481,15.48
74893,14.91
167967,14.91
264052,14.91
219699,14.91
279228,14.91
142957,14.91
178417,14.96
195078,15.13
91426,14.91
288086,15.48
37355,15.48
76614,14.91
280621,14.91
67261,14.91
130011,14.91
255549,14.91
134405,14.98
98706,15.48
136450,15.13
197270,14.91
155136,15.48
35572,14.91
41091,14.91
36509,14.91
248751,15.48
210496,14.91
42637,14.91
200671,14.91
96554,15.48
289635,14.91
172648,14.91
273485,14.91
192249,15.48
171871,14.91
14425,14.91
15065,14.91
194237,14.91
4521,14.91
272951,13.96
285369,14.91
52756,14.91
58249,14.91
293819,14.91
297276,15.48
188362,15.48
115266,14.91
33550,15.12
148269,15.48
46221,14.91
247766,15.48
62398,15.48
130672,14.91
234648,15.48
51782,15.48
218592,14.91
9597,14.91
178527,14.91
245420,14.91
216223,14.91
270656,14.91
103612,14.91
14507,14.91
282517,14.91
126745,14.91
203474,15.48
56614,15.48
132672,14.91
259201,14.98
153652,15.05
155586,14.91
103536,14.91
58334,14.91
45206,14.91
23027,14.91
23798,14.91
31566,14.91
46698,15.48
58704,15.05
212584,14.91
201330,14.91
42756,14.91
194202,14.91
234315,15.48
166811,14.91
172922,15.05
111597,15.48
41721,14.91
159327,13.96
37403,15.48
112293,15.48
22525,15.48
52044,14.91
155739,15.48
294328,15.48
169290,15.48
168354,14.91
121649,14.91
120355,15.48
104817,15.48
277533,14.91
233670,13.96
62651,14.91
85834,14.91
295510,14.91
107345,14.91
113583,15.48
251442,14.91
140931,14.91
78930,14.91
141140,14.91
32735,14.91
189432,14.91
214051,14.91
153290,15.13
51943,15.48
16772,15.05
167198,14.91
233265,14.91
175508,14.91
259853,15.05
287251,14.91
139570,15.48
203426,15.48
253730,13.96
254232,13.96
220319,14.91
118384,14.91
143092,14.91
107071,14.91
99656,15.48
215196,13.96
84437,14.91
289712,13.96
69903,14.91
285445,15.48
182214,13.96
99252,13.96
67156,15.48
153325,15.48
105669,15.48
90450,14.91
123775,14.91
169770,15.48
97289,14.91
73809,14.91
162767,14.91
48786,14.96
13698,14.91
107252,14.91
182075,14.91
158566,14.96
25801,15.48
248577,14.91
4329,14.91
291344,14.91
173412,14.91
84731,13.96
3657,14.91
8981,14.91
242730,15.48
177198,15.48
149747,14.91
104132,14.91
27086,15.05
165369,14.91
71074,14.91
258392,14.91
130577,14.91
97898,14.91
248850,15.48
1845,14.91
294016,14.91
192543,15.48
5452,14.91
210813,14.91
256356,14.91
265693,15.48
1766,14.91
105454,14.91
152363,15.48
52275,14.91
271787,14.91
96453,15.48
203045,15.48
9665,14.91
149544,14.91
207537,14.91
89590,14.91
9675,14.91
185715,14.91
88377,15.48
285139,14.91
257339,14.91
285840,14.91
15389,14.91
103613,14.91
262170,15.05
43815,14.91
169911,15.13
78000,14.91
280759,14.91
252990,14.91
80591,14.91
71062,14.91
45891,15.48
286788,15.48
48634,14.91
118968,14.91
27597,15.48
146246,14.91
148388,14.91
227276,15.48
226273,14.91
36972,14.91
196437,14.91
168902,14.91
107578,14.91
58282,15.48
184215,14.91
222360,14.91
146474,14.91
222115,14.91
185217,14.91
31276,14.91
200211,14.91
186670,14.91
57941,14.91
160094,15.48
84553,14.91
292923,14.91
81748,14.91
93012,15.48
84335,14.91
261538,15.12
68607,14.96
222322,14.91
229901,15.48
268558,15.48
150619,15.48
180685,15.48
262584,14.91
251981,15.48
18909,15.48
267014,14.91
213877,14.91
281767,15.48
236887,14.91
258063,15.05
160353,15.48
27219,14.98
12875,14.91
242821,14.91
59799,14.91
124564,14.91
4454,15.48
236109,14.91
125772,14.91
22560,14.91
26567,15.48
28522,14.91
17959,14.91
43016,13.96
240140,14.91
86978,14.91
177398,14.91
286475,13.96
76421,14.91
225997,13.96
105494,15.48
56132,15.48
170458,14.91
59332,14.91
176978,15.48
18394,14.91
167131,14.91
189913,14.91
16488,14.91
205558,14.91
298422,15.48
159547,14.91
110401,15.48
235486,15.48
121449,14.91
22650,14.91
162586,15.05
222129,13.96
28004,14.91
223059,14.91
213053,14.91
14407,15.48
87342,14.91
133014,15.48
220521,14.91
124714,14.91
3889,14.91
13672,14.91
270114,14.91
179238,15.05
233127,14.91
63924,14.91
22222,14.91
182296,14.91
278606,13.96
10110,15.48
278098,14.91
243153,14.91
88771,15.05
277941,14.91
99811,14.96
214209,14.91
13338,14.91
36080,14.91
21825,14.91
20557,15.48
81696,14.91
82641,14.91
31817,14.91
199803,15.48
33055,14.91
296860,13.96
45313,14.91
66330,14.91
149333,14.91
272530,15.05
91788,14.91
269006,14.91
20662,14.91
118523,15.48
249220,15.48
142645,14.91
242726,14.91
137901,14.91
55904,14.91
255745,14.91
28670,15.48
139148,14.91
200123,14.91
123447,15.48
296655,13.96
152842,14.91
64442,15.48
45520,15.48
21832,15.48
9404,14.91
205719,14.91
107181,14.91
232275,14.91
102339,14.91
297099,15.05
23466,14.91
2673,14.91
38886,14.91
19995,14.91
271127,14.91
224321,14.91
272201,14.91
154522,14.91
196945,15.48
57042,14.91
195630,14.91
23645,14.91
190732,15.48
114463,14.91
280412,14.91
278411,15.05
24815,14.91
120278,15.48
123323,15.48
61600,14.91
297555,15.13
113566,14.91
295357,14.91
216249,15.48
105312,14.91
256463,14.91
120179,15.48
997,14.91
252365,14.91
229303,14.91
143755,14.91
65839,14.91
56879,14.91
222067,14.91
203225,14.91
203877,14.91
106960,15.05
127319,14.91
227257,14.91
170715,14.91
267544,14.91
128824,15.48
65642,14.91
88552,15.05
231897,13.96
209896,15.48
227300,14.91
140926,13.96
45,14.91
266891,14.91
51048,14.91
164340,14.91
213165,15.12
254351,14.91
173497,14.91
196879,14.91
78038,14.91
113805,14.91
15330,14.91
3273,15.48
209047,15.48
208072,14.91
206084,14.91
125093,14.91
85548,14.91
138783,14.91
89196,14.91
42192,14.91
26014,14.91
240746,14.91
148977,15.05
293442,15.48
125407,15.12
68879,14.91
156547,15.48
135678,14.91
168767,14.91
158964,14.91
99919,14.91
33541,14.91
116475,14.91
57287,15.48
8831,14.91
278245,14.91
38485,14.91
226833,13.96
162812,14.91
94835,15.48
18226,14.91
138691,14.91
132290,15.05
215280,14.91
90073,14.91
58235,15.48
237230,14.91
220629,14.91
252508,15.48
148515,14.91
155927,15.05
235572,14.91
121284,14.91
206422,13.96
179300,14.91
52181,15.48
38575,14.96
62508,14.91
249863,14.91
193529,14.91
44420,15.48
158502,14.91
295815,14.91
54380,14.91
133909,14.96
15861,14.91
129236,13.96
81397,14.91
279275,14.91
44989,14.91
117744,14.91
60481,14.91
206205,14.91
191707,13.96
255139,15.13
207791,14.91
116737,15.48
152110,15.48
117363,14.91
151633,14.91
16997,13.96
8078,15.48
199888,15.48
238161,14.91
13429,14.96
251749,14.91
167364,15.13
69072,15.12
192949,14.91
172507,14.91
201081,15.48
7274,14.91
2016,14.91
120623,14.91
290203,14.91
272672,14.91
126011,13.96
62583,15.48
159245,14.91
45215,14.91
133461,14.91
35183,15.48
179504,14.91
14817,14.91
47046,14.91
191799,15.48
162948,14.91
135024,15.05
128344,15.13
46996,14.91
93616,14.91
249434,14.91
162217,14.91
230487,14.91
279477,13.96
