model,rmse,mae,r2,smape
Linear,0.8187419703103687,0.6544022444877071,0.1838478933388169,25.44870017600727
