model,rmse,mae,r2,smape
Linear,30.33351867451668,16.272388571719496,-0.017905852236116182,73.15502365618876
