model,rmse,mae,r2,smape
Linear,47.92706110872166,20.576480848257724,-0.10870660609533167,81.32847234902526
